destination_id,name,type,url,image[0].url,address.addr1,address.city,address.country,latitude,longitude,description,status,custom_label_0,custom_label_1
6395180312,Hatta,destination,https://daytrip.com/en/transfers/hatta-ae,https://raw.githubusercontent.com/kubaivanov/pictures/main/pinterest/hatta--united-arab-emirates--pinterest-pin.png,Hatta,Hatta,United Arab Emirates,24.8061691,56.1253848,"Known for its stunning natural surroundings, this mountain village is also one of the oldest heritage sites in the UAE.",active,United Arab Emirates,Asia
6395180313,Sheikh Zayed Mosque,destination,https://daytrip.com/en/transfers/sheikh-zayed-mosque-ae,https://raw.githubusercontent.com/kubaivanov/pictures/main/pinterest/sheikh-zayed-mosque--united-arab-emirates--pinterest-pin.png,Sheikh Zayed Grand Mosque Center,Sheikh Zayed Mosque,United Arab Emirates,24.4126713,54.475939,"The UAE's largest mosque is a marvel of architecture and design, both beautiful and record-breaking.",active,United Arab Emirates,Asia
6395180315,Al Ain,destination,https://daytrip.com/en/transfers/al-ain-ae,https://raw.githubusercontent.com/kubaivanov/pictures/main/pinterest/al-ain--united-arab-emirates--pinterest-pin.png,Al Ain,Al Ain,United Arab Emirates,24.215357311604205,55.722660921093734,"For thousands of years people have been coming to this city to trade, and its UNESCO-listed oasis to refresh.",active,United Arab Emirates,Asia
6395180316,Jazirat Al Hamra,destination,https://daytrip.com/en/transfers/jazirat-al-hamra-ae,https://raw.githubusercontent.com/kubaivanov/pictures/main/pinterest/jazirat-al-hamra--united-arab-emirates--pinterest-pin.png,"Jazirat Al Hamra, United Arab Emirates",Jazirat Al Hamra,United Arab Emirates,25.707661346246166,55.796513402685605,"This abandoned village is a reminder of a time-gone-by, now said to be haunted by flesh-eating spirits.",active,United Arab Emirates,Asia
6395180317,English Harbour,destination,https://daytrip.com/en/transfers/english-harbour-ag,https://raw.githubusercontent.com/kubaivanov/pictures/main/pinterest/english-harbour--antigua-and-barbuda--pinterest-pin.png,English Harbour,English Harbour,Antigua and Barbuda,17.008786,-61.762114999999987,"This natural harbor and settlement have evolved from a strategic naval base to a vibrant yachting hub, making it a must-visit destination for sailors, history enthusiasts, and sun-seeking travelers alike.",active,Antigua and Barbuda,North America
6395180318,St John's,destination,https://daytrip.com/en/transfers/st-john-s-ag,https://raw.githubusercontent.com/kubaivanov/pictures/main/pinterest/st-john-s--antigua-and-barbuda--pinterest-pin.png,St. John's antigua,St John's,Antigua and Barbuda,17.1274104,-61.846771999999987,"The capital and largest city of Antigua and Barbuda exudes the vibrant essence of the Caribbean, serving as the bustling commercial hub of the nation.",active,Antigua and Barbuda,North America
6395180319,Devil's Bridge and Indian Town NP,destination,https://daytrip.com/en/transfers/devil-s-bridge-national-park-ag,https://raw.githubusercontent.com/kubaivanov/pictures/main/pinterest/devil-s-bridge-and-indian-town-np--antigua-and-barbuda--pinterest-pin.png,Devil's Bridge National Park,Devil's Bridge and Indian Town NP,Antigua and Barbuda,17.1005038,-61.678424599999992,An awe-inspiring natural rock arch located on Antigua's Atlantic coast near Indian Town Point stands as a testament to the power of nature's forces.,active,Antigua and Barbuda,North America
6395180320,Dickenson Bay,destination,https://daytrip.com/en/transfers/dickenson-bay-ag,https://raw.githubusercontent.com/kubaivanov/pictures/main/pinterest/dickenson-bay--antigua-and-barbuda--pinterest-pin.png,Dickenson Bay antigua,Dickenson Bay,Antigua and Barbuda,17.1580914,-61.8453093,"This stretch of pristine shoreline is graces by a series of prominent resort hotels, making it one of Antigua's premier accommodation hubs and beachfront destinations",active,Antigua and Barbuda,North America
6395180322,Berat,destination,https://daytrip.com/en/transfers/berat-al,https://raw.githubusercontent.com/kubaivanov/pictures/main/pinterest/berat--albania--pinterest-pin.png,"Berat, Albania",Berat,Albania,40.7086377,19.9437314,"The collection of white houses might look similar, but their unique Ottoman architecture earned this town the distinction of being a UNESCO World Heritage Site.",active,Albania,Europe
6395180323,Gjirokaster,destination,https://daytrip.com/en/transfers/gjirokaster-al,https://raw.githubusercontent.com/kubaivanov/pictures/main/pinterest/gjirokaster--albania--pinterest-pin.png,"Gjirokaster, Albania",Gjirokaster,Albania,40.0672874,20.1045229,"With stone streets, stone buildings, and a stone fortress, this UNESCO World Heritage Site lives up to its name.",active,Albania,Europe
6395180324,Shkoder,destination,https://daytrip.com/en/transfers/shkoder-al,https://raw.githubusercontent.com/kubaivanov/pictures/main/pinterest/shkoder--albania--pinterest-pin.png,"Shkodër, Albania",Shkoder,Albania,42.0692985,19.5032559,"Minting their own coins since at least 200BC, this Albanian city has been an important seat of power for thousands of years.",active,Albania,Europe
6395180325,Butrint,destination,https://daytrip.com/en/transfers/butrint-al,https://raw.githubusercontent.com/kubaivanov/pictures/main/pinterest/butrint--albania--pinterest-pin.png,Albania,Butrint,Albania,39.7460123,20.0204005,"Settled for millennia, this archaeological site offers ruins from Greek, Roman, Byzantine and Venetian Empires all in one place.",active,Albania,Europe
6395180326,Elbasan,destination,https://daytrip.com/en/transfers/elbasan-al,https://raw.githubusercontent.com/kubaivanov/pictures/main/pinterest/elbasan--albania--pinterest-pin.png,"Elbasan, Albania",Elbasan,Albania,41.11023,20.0866554,This ancient city had a hand in everything from spreading Christianity to developing the country's language and schools.,active,Albania,Europe
6395180327,Vlore,destination,https://daytrip.com/en/transfers/vlore-al,https://raw.githubusercontent.com/kubaivanov/pictures/main/pinterest/vlore--albania--pinterest-pin.png,"Vlorë, Albania",Vlore,Albania,40.4660668,19.491356,Albania declared independence from the Ottoman Empire in this ancient port city.,active,Albania,Europe
6395180328,Durres,destination,https://daytrip.com/en/transfers/durres-al,https://raw.githubusercontent.com/kubaivanov/pictures/main/pinterest/durres--albania--pinterest-pin.png,"Durrës, Albania",Durres,Albania,41.3245904,19.4564686,"Albania's biggest port is also one of its oldest cities, and home to one of the largest amphitheatres in the Balkans.",active,Albania,Europe
6395180330,Vanadzor,destination,https://daytrip.com/en/transfers/vanadzor-am,https://raw.githubusercontent.com/kubaivanov/pictures/main/pinterest/vanadzor--armenia--pinterest-pin.png,Vanadzor,Vanadzor,Armenia,40.807399,44.4970268,"Once an industrial powerhouse, now a major Armenian city, Vanadzor offers archeological sites, churches, and unique landmarks to its visitors.",active,Armenia,Asia
6395180331,Gyumri,destination,https://daytrip.com/en/transfers/gyumri-am,https://raw.githubusercontent.com/kubaivanov/pictures/main/pinterest/gyumri--armenia--pinterest-pin.png,Gyumri,Gyumri,Armenia,40.7929026,43.8464971,The second-largest city in Armenia emerged as a cultural hub in Russian-ruled Eastern Armenia in the late 199th century and boasts pictuesque views in the Shirak Province.,active,Armenia,Asia
6395180332,Stepanavan,destination,https://daytrip.com/en/transfers/stepanavan-am,https://raw.githubusercontent.com/kubaivanov/pictures/main/pinterest/stepanavan--armenia--pinterest-pin.png,Stepanavan,Stepanavan,Armenia,41.0059806,44.3832616,"Photo (2) by Վահե Բուդումյան, CC BY-SA 3.0 , via Wikimedia Commons Photo (3) by Valen1988 - Own work, CC BY-SA 4.0, https://commons.wikimedia.org/w/index.php?curid=57806270",active,Armenia,Asia
6395180333,Garni,destination,https://daytrip.com/en/transfers/garni-am,https://raw.githubusercontent.com/kubaivanov/pictures/main/pinterest/garni--armenia--pinterest-pin.png,Garni,Garni,Armenia,40.1185127,44.718632799999988,Visit Armenia's exceptional pagan temple featuring perfect classical proportions and intricate stone carvings dating to the reign of King Tiridates I.,active,Armenia,Asia
6395180334,Dilijan,destination,https://daytrip.com/en/transfers/dilijan-am,https://raw.githubusercontent.com/kubaivanov/pictures/main/pinterest/dilijan--armenia--pinterest-pin.png,Dilijan,Dilijan,Armenia,40.7405524,44.8625965,"This spa town, abundant with natural scenery, exudes a serene charm that has attracted artists, composers, and filmmakers.",active,Armenia,Asia
6395180335,Villa Traful,destination,https://daytrip.com/en/transfers/villa-traful-ar,https://raw.githubusercontent.com/kubaivanov/pictures/main/pinterest/villa-traful--argentina--pinterest-pin.png,Villa Traful,Villa Traful,Argentina,-40.6536166,-71.39994879999999,"This small village, with its 500 inhabitants, is a testament to sustainable tourism, preserving the landscape and the mountain spirit.",active,Argentina,South America
6395180336,Mar del Plata,destination,https://daytrip.com/en/transfers/mar-del-plata-ar,https://raw.githubusercontent.com/kubaivanov/pictures/main/pinterest/mar-del-plata--argentina--pinterest-pin.png,Mar De Plata,Mar del Plata,Argentina,-38.0054771,-57.5426106,Soak up the sun in Argentina's biggest seaside beach resort.,active,Argentina,South America
6395180337,Cafayate,destination,https://daytrip.com/en/transfers/cafayate-ar,https://raw.githubusercontent.com/kubaivanov/pictures/main/pinterest/cafayate--argentina--pinterest-pin.png,Cafayate,Cafayate,Argentina,-26.0730798,-65.976052,Get on cloud wine in a town that is a must-visit for wine lovers OR enjoy nature and taste fantastic wine,active,Argentina,South America
6395180338,Purmamarca,destination,https://daytrip.com/en/transfers/purmamarca-ar,https://raw.githubusercontent.com/kubaivanov/pictures/main/pinterest/purmamarca--argentina--pinterest-pin.png,Purmamarca,Purmamarca,Argentina,-23.7466359,-65.4992451,Immerse yourself in a traditional way of life in this ancient town surrounded by a breathtaking landscape.,active,Argentina,South America
6395180339,Salinas Grandes,destination,https://daytrip.com/en/transfers/salinas-grandes-ar,https://raw.githubusercontent.com/kubaivanov/pictures/main/pinterest/salinas-grandes--argentina--pinterest-pin.png,Salinas Grandes (Jujuy y Salta),Salinas Grandes,Argentina,-23.608178629215672,-65.863291796093748,Reflect on the surreal beauty of the world's third largest salt flats high in the Andes.,active,Argentina,South America
6395180340,San Antonio Oeste,destination,https://daytrip.com/en/transfers/san-antonio-oeste-ar,https://raw.githubusercontent.com/kubaivanov/pictures/main/pinterest/san-antonio-oeste--argentina--pinterest-pin.png,San Antonio Oeste,San Antonio Oeste,Argentina,-40.7333763,-64.9535634,"Nestled along the captivating Bay of San Antonio, this destination emerges as the primary fishing port of Northern Patagonia, revealing a seaside haven that seamlessly blends tranquility with adventure.",active,Argentina,South America
6395180343,Santa Fe,destination,https://daytrip.com/en/transfers/santa-fe-ar,https://raw.githubusercontent.com/kubaivanov/pictures/main/pinterest/santa-fe--argentina--pinterest-pin.png,Santa Fe argentina,Santa Fe,Argentina,-31.6106578,-60.697294,"Famous for hosting the assembly where Argentina's first constitution was signed in 1853, this underrated city features historic colonial buildings and a scenic suspension bridge.",active,Argentina,South America
6395180344,Villa General Belgrano,destination,https://daytrip.com/en/transfers/villa-general-belgrano-ar,https://raw.githubusercontent.com/kubaivanov/pictures/main/pinterest/villa-general-belgrano--argentina--pinterest-pin.png,Villa General Belgrano,Villa General Belgrano,Argentina,-31.97766519999999,-64.5594102,"Nestled in the enchanting Calamuchita Valley, less than 100 km from Cordoba Capital, this village weaves a captivating tale of cultural fusion and scenic beauty.",active,Argentina,South America
6395180345,Formosa,destination,https://daytrip.com/en/transfers/formosa-ar,https://raw.githubusercontent.com/kubaivanov/pictures/main/pinterest/formosa--argentina--pinterest-pin.png,formosa argentina,Formosa,Argentina,-26.1857768,-58.1755669,Life in this laid-back border city revolves around the flow of the Paraguay River.,active,Argentina,South America
6395180346,Colonia Suiza,destination,https://daytrip.com/en/transfers/colonia-suiza-ar,https://raw.githubusercontent.com/kubaivanov/pictures/main/pinterest/colonia-suiza--argentina--pinterest-pin.png,Colonia Suiza,Colonia Suiza,Argentina,-41.0953125,-71.5105057,"Steeped in history, this town was the first European settlement in the region, founded in the late 19th century by Swiss pioneers who brought their traditions and culture to the heart of Argentina.",active,Argentina,South America
6395180348,La Falda,destination,https://daytrip.com/en/transfers/la-falda-ar,https://raw.githubusercontent.com/kubaivanov/pictures/main/pinterest/la-falda--argentina--pinterest-pin.png,La Falda,La Falda,Argentina,-31.0944026,-64.48284009999999,"Nestled in the picturesque Punilla Valley of the Sierras, this destination boasts a rich history intertwined with the grandeur of the renowned Hotel Edén.",active,Argentina,South America
6395180349,El Bolson,destination,https://daytrip.com/en/transfers/el-bolson-ar,https://raw.githubusercontent.com/kubaivanov/pictures/main/pinterest/el-bolson--argentina--pinterest-pin.png,El Bolson,El Bolson,Argentina,-41.9649235,-71.5353386,"Nestled in the embrace of the Andes lies this picturesque town in the southwest of the Río Negro province, beckoning with its unique blend of warmth, natural beauty, and artisanal wonders.",active,Argentina,South America
6395180350,Villa Carlos Paz,destination,https://daytrip.com/en/transfers/villa-carlos-paz-ar,https://raw.githubusercontent.com/kubaivanov/pictures/main/pinterest/villa-carlos-paz--argentina--pinterest-pin.png,Villa Carlos Paz,Villa Carlos Paz,Argentina,-31.4207828,-64.4992141,"The crown jewel of Cordoba's tourism sits in the northwest of the province, cradled in the Sierras de Cordoba.",active,Argentina,South America
6395180351,Termas Cacheuta,destination,https://daytrip.com/en/transfers/termas-cacheuta-ar,https://raw.githubusercontent.com/kubaivanov/pictures/main/pinterest/termas-cacheuta--argentina--pinterest-pin.png,"Cacheuta Spa, Argentina",Termas Cacheuta,Argentina,-33.0158505,-69.117172099999991,Treat yourself to an unforgettable visit to a thermal water park surrounded by the Andes.,active,Argentina,South America
6395180352,Las Grutas,destination,https://daytrip.com/en/transfers/las-grutas-ar,https://raw.githubusercontent.com/kubaivanov/pictures/main/pinterest/las-grutas--argentina--pinterest-pin.png,Las Grutas,Las Grutas,Argentina,-40.8108283,-65.0943303,"Embrace the allure of this enticing destination, a hidden gem nestled in the southern half of Argentina's extensive coastline.",active,Argentina,South America
6395180353,San Juan,destination,https://daytrip.com/en/transfers/san-juan-ar,https://raw.githubusercontent.com/kubaivanov/pictures/main/pinterest/san-juan--argentina--pinterest-pin.png,"San Juan, argentina",San Juan,Argentina,-31.5351074,-68.5385941,Witness both the history and modern feats of Domingo Sarmiento's picturesque birthplace.,active,Argentina,South America
6395180354,Mina Clavero,destination,https://daytrip.com/en/transfers/mina-clavero-ar,https://raw.githubusercontent.com/kubaivanov/pictures/main/pinterest/mina-clavero--argentina--pinterest-pin.png,Mina Clavero,Mina Clavero,Argentina,-31.7282783,-65.0055595,"This stunning city, cradled between the Achala and Pocho mountain ranges, holds the key to an unforgettable adventure, with its river having earned its place as one of Argentina's natural wonders.",active,Argentina,South America
6395180356,Posadas,destination,https://daytrip.com/en/transfers/posadas-ar,https://raw.githubusercontent.com/kubaivanov/pictures/main/pinterest/posadas--argentina--pinterest-pin.png,Posadas,Posadas,Argentina,-27.3621374,-55.900874599999987,The best way to experience this laid-back city's colorful street art is with a mate or terere in hand.,active,Argentina,South America
6395180358,San Rafael,destination,https://daytrip.com/en/transfers/san-rafael-ar,https://raw.githubusercontent.com/kubaivanov/pictures/main/pinterest/san-rafael--argentina--pinterest-pin.png,"San Rafael, mendoza",San Rafael,Argentina,-34.6128922,-68.3390622,"Savor succulent wines, rich history, and stunning surroundings in the heart of Mendoza Province.",active,Argentina,South America
6395180360,Jesus Maria,destination,https://daytrip.com/en/transfers/jesus-maria-ar,https://raw.githubusercontent.com/kubaivanov/pictures/main/pinterest/jesus-maria--argentina--pinterest-pin.png,"Jesús María, Argentina",Jesus Maria,Argentina,-30.9815529,-64.095799599999992,"This historic estate in the heart of the Province of Córdoba, Argentina, unveils its rich tapestry of cultural and agricultural heritage.",active,Argentina,South America
6395180361,Parana,destination,https://daytrip.com/en/transfers/parana-ar,https://raw.githubusercontent.com/kubaivanov/pictures/main/pinterest/parana--argentina--pinterest-pin.png,"Parana, argentina",Parana,Argentina,-31.7413197,-60.511547099999987,"Located on the eastern shores of the Parana River, this city offers relaxing riverside parks and beaches alongside fascinating historic and religious monuments.",active,Argentina,South America
6395180362,La Cumbrecita,destination,https://daytrip.com/en/transfers/la-cumbrecita-ar,https://raw.githubusercontent.com/kubaivanov/pictures/main/pinterest/la-cumbrecita--argentina--pinterest-pin.png,La Cumbrecita argentina,La Cumbrecita,Argentina,-31.8991371,-64.7730365,"Nestled on the eastern slopes of the Sierras Grandes in Córdoba lies the enchanting, elevated retreat.",active,Argentina,South America
6395180363,Villa de Merlo,destination,https://daytrip.com/en/transfers/villa-de-merlo-ar,https://raw.githubusercontent.com/kubaivanov/pictures/main/pinterest/villa-de-merlo--argentina--pinterest-pin.png,Villa de Merlo,Villa de Merlo,Argentina,-32.3478326,-65.0157565,Enjoy perfect weather year-round in this colonial mountain town.,active,Argentina,South America
6395180364,Tupungato,destination,https://daytrip.com/en/transfers/tupungato-ar,https://raw.githubusercontent.com/kubaivanov/pictures/main/pinterest/tupungato--argentina--pinterest-pin.png,Tupungato,Tupungato,Argentina,-33.3728036,-69.1475583,Peruse the boutique wineries of this fertile settlement in Valle de Uco.,active,Argentina,South America
6395180365,Tilcara,destination,https://daytrip.com/en/transfers/tilcara-ar,https://raw.githubusercontent.com/kubaivanov/pictures/main/pinterest/tilcara--argentina--pinterest-pin.png,Tilcara,Tilcara,Argentina,-23.5768699,-65.3933739,Surround yourself in indigenous heritage in this UNESCO-listed valley.,active,Argentina,South America
6395180368,Cachi,destination,https://daytrip.com/en/transfers/cachi-ar,https://raw.githubusercontent.com/kubaivanov/pictures/main/pinterest/cachi--argentina--pinterest-pin.png,Cachi. argentina,Cachi,Argentina,-25.1202353,-66.1624965,Get lost in an enigmatic village of distinct architecture and rich indigenous heritage.,active,Argentina,South America
6395180369,Humahuaca,destination,https://daytrip.com/en/transfers/humahuaca-ar,https://raw.githubusercontent.com/kubaivanov/pictures/main/pinterest/humahuaca--argentina--pinterest-pin.png,Humahuaca,Humahuaca,Argentina,-23.203963,-65.348609299999993,Learn about the long history of the UNESCO-listed Quebrada de Humahuaca valley through this charming colonial town's monuments and museums.,active,Argentina,South America
6395180370,Rosario,destination,https://daytrip.com/en/transfers/rosario-ar,https://raw.githubusercontent.com/kubaivanov/pictures/main/pinterest/rosario--argentina--pinterest-pin.png,Rosario,Rosario,Argentina,-32.9587022,-60.693041599999987,This beautiful art nouveau city is famed for its independent spirit and acceptance.,active,Argentina,South America
6395180371,San Martin de los Andes,destination,https://daytrip.com/en/transfers/san-martin-de-los-andes-ar,https://raw.githubusercontent.com/kubaivanov/pictures/main/pinterest/san-martin-de-los-andes--argentina--pinterest-pin.png,San Martin de los Andes,San Martin de los Andes,Argentina,-40.1572103,-71.3524436,"This haven for outdoor enthusiasts seamlessly combines winter thrills with summer delights, exuding a quaint ambiance with Swiss architectural influences.",active,Argentina,South America
6395180372,Villa La Angostura,destination,https://daytrip.com/en/transfers/villa-la-angostura-ar,https://raw.githubusercontent.com/kubaivanov/pictures/main/pinterest/villa-la-angostura--argentina--pinterest-pin.png,Villa La Angostura,Villa La Angostura,Argentina,-40.7627426,-71.6417984,Nestled in the Andes is this cozy mountain village where stone and wood constructions harmonize seamlessly with the breathtaking landscape.,active,Argentina,South America
6395180373,Nono,destination,https://daytrip.com/en/transfers/nono-ar,https://raw.githubusercontent.com/kubaivanov/pictures/main/pinterest/nono--argentina--pinterest-pin.png,Nono argentina,Nono,Argentina,-31.7973619,-65.0042739,"This quaint town with a population of just 1,229 is a hidden gem nestled in the heart of nature, with an old town square that preserves its rich history.",active,Argentina,South America
6395180375,Krems an der Donau,destination,https://daytrip.com/en/transfers/krems-an-der-donau-at,https://raw.githubusercontent.com/kubaivanov/pictures/main/pinterest/krems-an-der-donau--austria--pinterest-pin.png,"Krems an der Donau, Austria",Krems an der Donau,Austria,48.40999,15.60384,This pretty riverside town marks the entrance to the UNESCO-listed Wachau Valley.,active,Austria,Europe
6395180376,Reutte,destination,https://daytrip.com/en/transfers/reutte-at,https://raw.githubusercontent.com/kubaivanov/pictures/main/pinterest/reutte--austria--pinterest-pin.png,"Reutte, Austria",Reutte,Austria,47.48879,10.71865,"Located on the old Tyrolean Salt Road, Reutte has been a market town since 1489 and is the administrative centre of the Reutte district.",active,Austria,Europe
6395180378,Durnstein,destination,https://daytrip.com/en/transfers/durnstein-at,https://raw.githubusercontent.com/kubaivanov/pictures/main/pinterest/durnstein--austria--pinterest-pin.png,,Durnstein,Austria,48.397292,15.519188,This medieval town on the banks of the Danube is renowned for its historic charms and wine-growing tradition.,active,Austria,Europe
6395180380,Bad Ischl,destination,https://daytrip.com/en/transfers/bad-ischl-at,https://raw.githubusercontent.com/kubaivanov/pictures/main/pinterest/bad-ischl--austria--pinterest-pin.png,,Bad Ischl,Austria,47.7123805,13.6209459,"The picturesque spa town of Bad Ischl was the summer residence of Emperor Franz Josef, whose actions led to the start of the First World War.",active,Austria,Europe
6395180381,Graz,destination,https://daytrip.com/en/transfers/graz-at,https://raw.githubusercontent.com/kubaivanov/pictures/main/pinterest/graz--austria--pinterest-pin.png,"Graz, Austria",Graz,Austria,47.070714,15.439504,"In addition to six universities, the Old Town of Austria's second-largest city is a UNESCO World Heritage Site.",active,Austria,Europe
6395180382,Bad Hofgastein,destination,https://daytrip.com/en/transfers/bad-hofgastein-at,https://raw.githubusercontent.com/kubaivanov/pictures/main/pinterest/bad-hofgastein--austria--pinterest-pin.png,"Badgastein, Austria",Bad Hofgastein,Austria,47.1140887,13.132661,"Sitting pretty in a high valley of the Hohe Tauern mountain range, Bad Gastein is celebrated for its waterfall and a number of Belle Epoque hotel buildings.",active,Austria,Europe
6395180383,Lake Neusiedl,destination,https://daytrip.com/en/transfers/lake-neusiedl-at,https://raw.githubusercontent.com/kubaivanov/pictures/main/pinterest/lake-neusiedl--austria--pinterest-pin.png,Neusiedl am See,Lake Neusiedl,Austria,47.932640331903734,16.837816899414065,"Austria's lowest point, this large steppe-lake is like an inland sea beloved by water sports enthusiasts, nature lovers, and bird watchers.",active,Austria,Europe
6395180384,Hallstatt,destination,https://daytrip.com/en/transfers/hallstatt-at,https://raw.githubusercontent.com/kubaivanov/pictures/main/pinterest/hallstatt--austria--pinterest-pin.png,,Hallstatt,Austria,47.5622342,13.6492617,"The town of Hallstatt lies in a sensational mountain setting, nestled among the lakes of the UNESCO World Heritage region of Hallstatt Dachstein Salzkammergut.",active,Austria,Europe
6395180385,Solden,destination,https://daytrip.com/en/transfers/solden-at,https://raw.githubusercontent.com/kubaivanov/pictures/main/pinterest/solden--austria--pinterest-pin.png,"6450 Soelden, Austria",Solden,Austria,46.9654937,11.0076232,The Big 3 offer big mountain views of the Ötz valley.,active,Austria,Europe
6395180386,Linz,destination,https://daytrip.com/en/transfers/linz-at,https://raw.githubusercontent.com/kubaivanov/pictures/main/pinterest/linz--austria--pinterest-pin.png,,Linz,Austria,48.30694,14.28583,"'Lentia', the Roman name for this river-straddling town means 'change of course' and this Europe's Capital of Culture has done just that.",active,Austria,Europe
6395180389,Salzburg,destination,https://daytrip.com/en/transfers/salzburg-at,https://raw.githubusercontent.com/kubaivanov/pictures/main/pinterest/salzburg--austria--pinterest-pin.png,,Salzburg,Austria,47.80949,13.05501,"UNESCO-listed Salzburg ranks among the most prestigious cities in Europe, is the birthplace of Mozart and provided the setting for the classic musical, 'The Sound of Music'.",active,Austria,Europe
6395180391,Mondsee,destination,https://daytrip.com/en/transfers/mondsee-at,https://raw.githubusercontent.com/kubaivanov/pictures/main/pinterest/mondsee--austria--pinterest-pin.png,,Mondsee,Austria,47.855591,13.3434218,This charming lakeside town with its UNESCO-listed pile dwellings was featured in The Sound of Music.,active,Austria,Europe
6395180392,Bregenz,destination,https://daytrip.com/en/transfers/bregenz-at,https://raw.githubusercontent.com/kubaivanov/pictures/main/pinterest/bregenz--austria--pinterest-pin.png,,Bregenz,Austria,47.500992,9.743064,"With stupendous views, historic architecture, and a mountain of cultural attractions, Bregenz might just have too much going for it.",active,Austria,Europe
6395180393,Steyr,destination,https://daytrip.com/en/transfers/steyr-at,https://raw.githubusercontent.com/kubaivanov/pictures/main/pinterest/steyr--austria--pinterest-pin.png,,Steyr,Austria,48.049587,14.419382,"Rich in history and culture, the extensive restoration of Steyr's historic architecture has made it one of the best preserved old towns in Austria.",active,Austria,Europe
6395180394,Kufstein,destination,https://daytrip.com/en/transfers/kufstein-at,https://raw.githubusercontent.com/kubaivanov/pictures/main/pinterest/kufstein--austria--pinterest-pin.png,,Kufstein,Austria,47.582244,12.165102,"Explore quaint streets and dark castle passageways, and listen to the dulcet tones of the world's largest outdoor pipe organ in this charming Tyrolean town.",active,Austria,Europe
6395180396,Seefeld,destination,https://daytrip.com/en/transfers/seefeld-at,https://raw.githubusercontent.com/kubaivanov/pictures/main/pinterest/seefeld--austria--pinterest-pin.png,,Seefeld,Austria,47.33364,11.187942,"Situated high above the mountains and valleys of the Alps, the picturesque village of Seefeld in Tirol has hosted several Olympic and World Championship competitions.",active,Austria,Europe
6395180397,Melk,destination,https://daytrip.com/en/transfers/melk-at,https://raw.githubusercontent.com/kubaivanov/pictures/main/pinterest/melk--austria--pinterest-pin.png,"Melker Str., 3390 Melk, Austria",Melk,Austria,48.2268748,15.349817,"Located on a small arm of Strauss' 'Beautiful Blue Danube', this quiet town still retains an imperial air.",active,Austria,Europe
6395180398,Lienz,destination,https://daytrip.com/en/transfers/lienz-at,https://raw.githubusercontent.com/kubaivanov/pictures/main/pinterest/lienz--austria--pinterest-pin.png,,Lienz,Austria,46.827724,12.763199,"The Lienz area has been settled since the Bronze Age, and history's tides have left rich markings in this Alpine town sited at the confluence of three rivers.",active,Austria,Europe
6395180400,Villach,destination,https://daytrip.com/en/transfers/villach-at,https://raw.githubusercontent.com/kubaivanov/pictures/main/pinterest/villach--austria--pinterest-pin.png,,Villach,Austria,46.607963,13.854273,"People were wearing skins in Villach in Neolithic times, much later they donned Roman togas. Today it's an important infrastructural link and a crucial part of the Alpe-Adria region.",active,Austria,Europe
6395180401,Kitzbuhel - Kirchberg,destination,https://daytrip.com/en/transfers/kitzbuhel-kirchberg-at,https://raw.githubusercontent.com/kubaivanov/pictures/main/pinterest/kitzbuhel-kirchberg--austria--pinterest-pin.png,"6370 Kitzbuhel, Austria",Kitzbuhel - Kirchberg,Austria,47.4492375,12.3925407,Kitzbuhel ranks among Austria's top ski resorts and is known throughout the world for its glitz and glamour and for hosting major sporting events.,active,Austria,Europe
6395180402,Sankt Johann im Pongau,destination,https://daytrip.com/en/transfers/sankt-johann-im-pongau-at,https://raw.githubusercontent.com/kubaivanov/pictures/main/pinterest/sankt-johann-im-pongau--austria--pinterest-pin.png,,Sankt Johann im Pongau,Austria,47.349971,13.210045,"They were copper-mining here in the Bronze Age, now this small but beautifully-formed town is reliant on tourism for its living. Luckily it has much to offer.",active,Austria,Europe
6395180403,Sankt Gilgen,destination,https://daytrip.com/en/transfers/sankt-gilgen-at,https://raw.githubusercontent.com/kubaivanov/pictures/main/pinterest/sankt-gilgen--austria--pinterest-pin.png,,Sankt Gilgen,Austria,47.769665,13.359471,"When every view feels like it should be on a postcard, it can sometimes be hard to believe that what you see is real.",active,Austria,Europe
6395180404,Innsbruck,destination,https://daytrip.com/en/transfers/innsbruck-at,https://raw.githubusercontent.com/kubaivanov/pictures/main/pinterest/innsbruck--austria--pinterest-pin.png,,Innsbruck,Austria,47.268568,11.400763,"The home of emperors, the only thing more impressive than the surrounding Alps is this idyllic mountain town's rich cultural history.",active,Austria,Europe
6395180405,Zell am See,destination,https://daytrip.com/en/transfers/zell-am-see-at,https://raw.githubusercontent.com/kubaivanov/pictures/main/pinterest/zell-am-see--austria--pinterest-pin.png,"Zell am See, Austria",Zell am See,Austria,47.32352,12.79685,"Settled snugly in the Zell Valley, Zell am See is the perfect place to stroll and admire the enclosing Alps reflected in the broad lake.",active,Austria,Europe
6395180406,Sankt Wolfgang,destination,https://daytrip.com/en/transfers/sankt-wolfgang-at,https://raw.githubusercontent.com/kubaivanov/pictures/main/pinterest/sankt-wolfgang--austria--pinterest-pin.png,,Sankt Wolfgang,Austria,47.7418278,13.4397113,"Hugging the Wolfgangsee Lake and enclosed by the soaring Alps, this charming medieval town is a pilgrimage site for lovers of history and scenery.",active,Austria,Europe
6395180407,Oranjestad,destination,https://daytrip.com/en/transfers/oranjestad-aw,https://raw.githubusercontent.com/kubaivanov/pictures/main/pinterest/oranjestad--aruba--pinterest-pin.png,Oranjestad,Oranjestad,Aruba,12.5227171,-70.0352618,"The capital and largest city of Aruba is a shopper's paradise, dotted with restored Dutch colonial buildings and a fantastic line-up of museums.",active,Aruba,North America
6395180408,Lahich,destination,https://daytrip.com/en/transfers/lahich-az,https://raw.githubusercontent.com/kubaivanov/pictures/main/pinterest/lahich--azerbaijan--pinterest-pin.png,Lahich azerbaijan,Lahich,Azerbaijan,40.84668095525663,48.384749919296283,A charming village located on the southern slopes of the Greater Caucasus is a time capsule of authentic handicraft traditions and a unique dialect maintained by the 860 locals.,active,Azerbaijan,Asia
6395180789,Sheki,destination,https://daytrip.com/en/transfers/sheki-az,https://raw.githubusercontent.com/kubaivanov/pictures/main/pinterest/sheki--azerbaijan--pinterest-pin.png,Sheki,Sheki,Azerbaijan,41.1974753,47.1571241,"This enchanting city with a UNESCO World Heritage site listing is located at the foot of the majestic Greater Caucasus mountain range, with a captivating blend of rich heritage and architectural wonders.",active,Azerbaijan,Asia
6395180792,Ganja,destination,https://daytrip.com/en/transfers/ganja-az,https://raw.githubusercontent.com/kubaivanov/pictures/main/pinterest/ganja--azerbaijan--pinterest-pin.png,Ganja azerbajan,Ganja,Azerbaijan,40.6878581,46.3723313,"The third largest city in Azerbaijan has influences from the Safavid era, the Ganja Khanate, and the Russian Empire, seamlessly fusing diverse culture and history.",active,Azerbaijan,Asia
6395180793,Trebinje,destination,https://daytrip.com/en/transfers/trebinje-ba,https://raw.githubusercontent.com/kubaivanov/pictures/main/pinterest/trebinje--bosnia-and-herzegovina--pinterest-pin.png,"Trebinje, Bosnia and Herzegovina",Trebinje,Bosnia and Herzegovina,42.7081585,18.3502638,"Trebinje is the southernmost city in Bosnia and Herzegovina, located 25km from the sea. It's a city of cultural and historical heritage and is believed to be one of the most beautiful towns in the country.",active,Bosnia and Herzegovina,Europe
6395180795,Travnik,destination,https://daytrip.com/en/transfers/travnik-ba,https://raw.githubusercontent.com/kubaivanov/pictures/main/pinterest/travnik--bosnia-and-herzegovina--pinterest-pin.png,"Travnik, Bosnia and Herzegovina",Travnik,Bosnia and Herzegovina,44.2272107,17.6566916,Travnik is situated in the valley of the Lasva River and is surrounded by mountains. This picturesque city holds an eventful past.,active,Bosnia and Herzegovina,Europe
6395180799,Banja Luka,destination,https://daytrip.com/en/transfers/banja-luka-ba,https://raw.githubusercontent.com/kubaivanov/pictures/main/pinterest/banja-luka--bosnia-and-herzegovina--pinterest-pin.png,"Banja Luka 78000, Bosnia and Herzegovina",Banja Luka,Bosnia and Herzegovina,44.7721811,17.191,The picturesque city of Banja Luka is the second largest city in Bosnia and Herzegovina and is the administrative capital of the Republika Srpska. This peaceful Balkan city has a unique charm.,active,Bosnia and Herzegovina,Europe
6395180800,Bihac,destination,https://daytrip.com/en/transfers/bihac-ba,https://raw.githubusercontent.com/kubaivanov/pictures/main/pinterest/bihac--bosnia-and-herzegovina--pinterest-pin.png,"Bihać 77000, Bosnia and Herzegovina",Bihac,Bosnia and Herzegovina,44.8119628,15.8685645,"From quiet cafes to historic monuments, this medieval town is best enjoyed by the river.",active,Bosnia and Herzegovina,Europe
6395180801,Neum,destination,https://daytrip.com/en/transfers/neum-ba,https://raw.githubusercontent.com/kubaivanov/pictures/main/pinterest/neum--bosnia-and-herzegovina--pinterest-pin.png,"Neum, Bosnia and Herzegovina",Neum,Bosnia and Herzegovina,42.9230437,17.6185727,Neum is one of the coastal towns with the most sunny days per year. It's the perfect spot for travelers who want to enjoy the sun without the crowd.,active,Bosnia and Herzegovina,Europe
6395180803,Speightstown,destination,https://daytrip.com/en/transfers/speightstown-bb,https://raw.githubusercontent.com/kubaivanov/pictures/main/pinterest/speightstown--barbados--pinterest-pin.png,Speightstown,Speightstown,Barbados,13.253123,-59.6377134,"The second largest city in Barbados, Speightstown seamlessly blends its historic charm with modern nuances, offering a tapestry of colonial structures together with contemporary elements",active,Barbados,North America
6395180804,St. Nicholas Abbey and Steam Railway,destination,https://daytrip.com/en/transfers/st-nicholas-abbey-and-steam-railway-bb,https://raw.githubusercontent.com/kubaivanov/pictures/main/pinterest/st-nicholas-abbey-and-steam-railway--barbados--pinterest-pin.png,St. Nicholas Abbey and Steam Railway,St. Nicholas Abbey and Steam Railway,Barbados,13.2765319,-59.587636900000007,Step into a world of enchantment along the captivating 1.5-kilometer narrow gauge railway nestled in the heart of Saint Peter parish on the captivating island of Barbados.,active,Barbados,North America
6395180805,Bridgetown,destination,https://daytrip.com/en/transfers/bridgetown-bb,https://raw.githubusercontent.com/kubaivanov/pictures/main/pinterest/bridgetown--barbados--pinterest-pin.png,Bridgetown barbados,Bridgetown,Barbados,13.1059816,-59.613174099999988,"The capital of Barbados is renowned for its distinct blend of British colonial architecture and relaxed West Indian atmosphere, offering attractions for every type of traveller.",active,Barbados,North America
6395180806,Ghent,destination,https://daytrip.com/en/transfers/ghent-be,https://raw.githubusercontent.com/kubaivanov/pictures/main/pinterest/ghent--belgium--pinterest-pin.png,"Ghent, Belgium",Ghent,Belgium,51.0543422,3.7174243,"The best way to enjoy this charming Flemish city is to do as the locals do, and pull up a seat at a riverside cafe.",active,Belgium,Europe
6395180807,Liege,destination,https://daytrip.com/en/transfers/liege-be,https://raw.githubusercontent.com/kubaivanov/pictures/main/pinterest/liege--belgium--pinterest-pin.png,"Liège, Belgium",Liege,Belgium,50.6325574,5.5796662,"This energetic city is abuzz with culture, history, and talk of its legendary staircase.",active,Belgium,Europe
6395180809,Kortrijk,destination,https://daytrip.com/en/transfers/kortrijk-be,https://raw.githubusercontent.com/kubaivanov/pictures/main/pinterest/kortrijk--belgium--pinterest-pin.png,"Kortrijk, Belgium",Kortrijk,Belgium,50.8194776,3.2577263,"This border town's car-free city center is one of the largest in Europe, and is listed as a UNESCO World Heritage Site.",active,Belgium,Europe
6395180811,Bruges,destination,https://daytrip.com/en/transfers/bruges-be,https://raw.githubusercontent.com/kubaivanov/pictures/main/pinterest/bruges--belgium--pinterest-pin.png,"Bruges, Belgium",Bruges,Belgium,51.209348,3.2246995,"With canals and bridges and cobbled streets and churches and swans, this historic, UNESCO-listed town is everybody's thing.",active,Belgium,Europe
6395180812,Brussels,destination,https://daytrip.com/en/transfers/brussels-be,https://raw.githubusercontent.com/kubaivanov/pictures/main/pinterest/brussels--belgium--pinterest-pin.png,"Brussels, Belgium",Brussels,Belgium,50.8503463,4.3517211,"Capital of Belgium, the EU, and NATO; you'll find even more in this bilingual city than just waffles, chocolate, and beer.",active,Belgium,Europe
6395180813,Mechelen,destination,https://daytrip.com/en/transfers/mechelen-be,https://raw.githubusercontent.com/kubaivanov/pictures/main/pinterest/mechelen--belgium--pinterest-pin.png,"Mechelen, Belgium",Mechelen,Belgium,51.0258761,4.4775361999999994,"With 3 UNESCO World Heritage Sites, including Belgium's finest cathedral, and picturesque canals, this historic city rivals anywhere else in Belgium, but without the crowds.",active,Belgium,Europe
6395180814,Ostend,destination,https://daytrip.com/en/transfers/ostend-be,https://raw.githubusercontent.com/kubaivanov/pictures/main/pinterest/ostend--belgium--pinterest-pin.png,"8400 Ostend, Belgium",Ostend,Belgium,51.21543,2.928656,"With miles of beaches, this popular seaside resort also lures in visitors with its rich cultural heritage.",active,Belgium,Europe
6395180815,Leuven,destination,https://daytrip.com/en/transfers/leuven-be,https://raw.githubusercontent.com/kubaivanov/pictures/main/pinterest/leuven--belgium--pinterest-pin.png,"Leuven, Belgium",Leuven,Belgium,50.8798438,4.7005176,"This provincial capital is home to 2 UNESCO World Heritage Sites, the oldest still-operating Catholic university, and the Stella Artois Brewery.",active,Belgium,Europe
6395180816,Dinant,destination,https://daytrip.com/en/transfers/dinant-be,https://raw.githubusercontent.com/kubaivanov/pictures/main/pinterest/dinant--belgium--pinterest-pin.png,"Dinant, Belgium",Dinant,Belgium,50.260493999999987,4.9127456999999994,The birthplace of the saxophone is a soulful mix of natural beauty and historic monuments.,active,Belgium,Europe
6395180817,Durbuy,destination,https://daytrip.com/en/transfers/durbuy-be,https://raw.githubusercontent.com/kubaivanov/pictures/main/pinterest/durbuy--belgium--pinterest-pin.png,"Durbuy, Belgium",Durbuy,Belgium,50.35306,5.45604,"Home to the world's largest topiary park, this charming stone village was once the world's smallest city thanks to a medieval title.",active,Belgium,Europe
6395180818,Burgas,destination,https://daytrip.com/en/transfers/burgas-bg,https://raw.githubusercontent.com/kubaivanov/pictures/main/pinterest/burgas--bulgaria--pinterest-pin.png,"Burgas, Bulgaria",Burgas,Bulgaria,42.504792599999988,27.4626361,"Despite the area having been settled for 5000 years, modern Burgas only developed in the 19th century. Since then it's maintained its role as the country's main port, and one of the largest transport hubs. Because of this, most tourists just think of it as a transit point, forgetting that it's also a resort town in its own right. On the clean, pedestrianized streets, you'll find some charming buildings dating back to the 19th century, like the Archaeological Museum, where you can discover the area's ancient history. Of course, if you'd prefer to spend your time outdoors, you can always walk the huge Sea Gardens, take a stroll along the T-shaped pier, or hit the beach.",active,Bulgaria,Europe
6395180819,Sozopol,destination,https://daytrip.com/en/transfers/sozopol-bg,https://raw.githubusercontent.com/kubaivanov/pictures/main/pinterest/sozopol--bulgaria--pinterest-pin.png,"8130 Sozopol, Bulgaria",Sozopol,Bulgaria,42.4172628,27.6961748,"This ancient seaside town is one of the oldest in Bulgaria, with a dedication to Apollo lasting long after the Greeks had left.",active,Bulgaria,Europe
6395180820,Veliko Tarnovo,destination,https://daytrip.com/en/transfers/veliko-tarnovo-bg,https://raw.githubusercontent.com/kubaivanov/pictures/main/pinterest/veliko-tarnovo--bulgaria--pinterest-pin.png,"Veliko Tarnovo, Bulgaria",Veliko Tarnovo,Bulgaria,43.0756739,25.6171514,"This scenic hilltop town is filled with history, being one of the oldest settlement in the country, as well as the former capital.",active,Bulgaria,Europe
6395180821,Rila Monastery,destination,https://daytrip.com/en/transfers/rila-monastery-bg,https://raw.githubusercontent.com/kubaivanov/pictures/main/pinterest/rila-monastery--bulgaria--pinterest-pin.png,"2643, Bulgaria",Rila Monastery,Bulgaria,42.1333838,23.3401215,This art-covered UNESCO World Heritage Site embodies Bulgaria's history and heritage.,active,Bulgaria,Europe
6395180822,Varna,destination,https://daytrip.com/en/transfers/varna-bg,https://raw.githubusercontent.com/kubaivanov/pictures/main/pinterest/varna--bulgaria--pinterest-pin.png,"Varna, Bulgaria",Varna,Bulgaria,43.2140504,27.9147333,"With its seaside park and exceptional museums, Bulgaria's largest resort town is actually a historic oasis.",active,Bulgaria,Europe
6395180823,Plovdiv,destination,https://daytrip.com/en/transfers/plovdiv-bg,https://raw.githubusercontent.com/kubaivanov/pictures/main/pinterest/plovdiv--bulgaria--pinterest-pin.png,"Plovdiv, Bulgaria",Plovdiv,Bulgaria,42.1354079,24.7452904,This monument-filled city has been inhabited for 8000 years.,active,Bulgaria,Europe
6395180824,Kazanlak,destination,https://daytrip.com/en/transfers/kazanlak-bg,https://raw.githubusercontent.com/kubaivanov/pictures/main/pinterest/kazanlak--bulgaria--pinterest-pin.png,"Kazanluk, Bulgaria",Kazanlak,Bulgaria,42.6194408,25.3929575,"Parked in the center of the Valley of the Rose, this ancient city is famed for its fragrant rose oil and UNESCO-listed tombs.",active,Bulgaria,Europe
6395180825,Manama,destination,https://daytrip.com/en/transfers/manama-bh,https://raw.githubusercontent.com/kubaivanov/pictures/main/pinterest/manama--bahrain--pinterest-pin.png,Manama,Manama,Bahrain,26.2235305,50.5875935,"In the vibrant capital and largest city of Bahrain, a harmonious blend of modern prosperity and rich heritage comes together through affluent architecture and bustling markets.",active,Bahrain,Asia
6395180826,Hamad Town,destination,https://daytrip.com/en/transfers/hamad-town-bh,https://raw.githubusercontent.com/kubaivanov/pictures/main/pinterest/hamad-town--bahrain--pinterest-pin.png,Hamad Town,Hamad Town,Bahrain,26.1165957,50.5027574,"Situated in the northern region of Bahrain, this vibrant community named after the current king of Bahrain boasts an enchanting old marketplace and a whole lot of roundabouts.",active,Bahrain,Asia
6395180827,Riffa,destination,https://daytrip.com/en/transfers/riffa-bh,https://raw.githubusercontent.com/kubaivanov/pictures/main/pinterest/riffa--bahrain--pinterest-pin.png,Riffa,Riffa,Bahrain,26.1335736,50.5379101,"The largest city in Bahrain is packed with expansive malls, bustling markets, outdoor activities and unmissable cultural hubs.",active,Bahrain,Asia
6395180828,Kagera Falls,destination,https://daytrip.com/en/transfers/kagera-falls-bi,https://raw.githubusercontent.com/kubaivanov/pictures/main/pinterest/kagera-falls--burundi--pinterest-pin.png,Chutes de la Karera,Kagera Falls,Burundi,-3.8197467810452688,30.085575409570321,Fall for the Burundi's natural beauty at this series of impressive cascades.,active,Burundi,Africa
6395180829,Gitega,destination,https://daytrip.com/en/transfers/gitega-bi,https://raw.githubusercontent.com/kubaivanov/pictures/main/pinterest/gitega--burundi--pinterest-pin.png,Gitega,Gitega,Burundi,-3.428803,29.924903,"One of the most important cities in Burundi, Gitega offers a range of cultural attractions for tourists to explore",active,Burundi,Africa
6395180830,Bururi,destination,https://daytrip.com/en/transfers/bururi-bi,https://raw.githubusercontent.com/kubaivanov/pictures/main/pinterest/bururi--burundi--pinterest-pin.png,Bururi city,Bururi,Burundi,-3.9479261,29.6238368,"Discover the stunning natural beauty of Bururi, a province in southwestern Burundi",active,Burundi,Africa
6395180831,Port Royal Golf Course,destination,https://daytrip.com/en/transfers/port-royal-golf-course-bm,https://raw.githubusercontent.com/kubaivanov/pictures/main/pinterest/port-royal-golf-course--bermuda--pinterest-pin.png,Port Royal Golf Course,Port Royal Golf Course,Bermuda,32.261863063419995,-64.874139498811317,Experience the extraordinary blend of golfing mastery and stunning Atlantic vistas at one of Bermuda's most renowned public gold destinations.,active,Bermuda,North America
6395180832,Muara,destination,https://daytrip.com/en/transfers/muara-bn,https://raw.githubusercontent.com/kubaivanov/pictures/main/pinterest/muara--brunei-darussalam--pinterest-pin.png,Muara,Muara,Brunei Darussalam,5.0333206,115.0732883,"A bustling port town named after the word for ""river mouth"" in Malay is positioned at the entrance of a large river into Brunei, and has transformed into an important maritime hub.",active,Brunei Darussalam,Asia
6395180833,Kuala Belait,destination,https://daytrip.com/en/transfers/kuala-belait-bn,https://raw.githubusercontent.com/kubaivanov/pictures/main/pinterest/kuala-belait--brunei-darussalam--pinterest-pin.png,Kuala Belait,Kuala Belait,Brunei Darussalam,4.5831986,114.2212174,"This administrative town of Belait District in Brunei may not be a typical tourist city, but offers a delightful glimpse into simple city life.",active,Brunei Darussalam,Asia
6395180835,Sucre,destination,https://daytrip.com/en/transfers/sucre-bo,https://raw.githubusercontent.com/kubaivanov/pictures/main/pinterest/sucre--bolivia--pinterest-pin.png,Sucre,Sucre,Bolivia,-19.035345,-65.2592128,"Bolivia's most beautiful city is a UNESCO World Heritage Site filled with elegant colonial buildings, including one of the oldest universities in the New World.",active,Bolivia,South America
6395180836,Oruro,destination,https://daytrip.com/en/transfers/oruro-bo,https://raw.githubusercontent.com/kubaivanov/pictures/main/pinterest/oruro--bolivia--pinterest-pin.png,Oruro,Oruro,Bolivia,-17.9716723,-67.0931378,The capital of Bolivian folklore and is home to a world famous carnival rooted in it mining industry.,active,Bolivia,South America
6395180837,La Paz,destination,https://daytrip.com/en/transfers/la-paz-bo,https://raw.githubusercontent.com/kubaivanov/pictures/main/pinterest/la-paz--bolivia--pinterest-pin.png,La Paz,La Paz,Bolivia,-16.489483248531656,-68.121611028588859,"The world's loftiest capital is one of South America's most important cultural centers, preserving its colonial and indigenous heritage among the bustle of modernity.",active,Bolivia,South America
6395180838,Cochabamba,destination,https://daytrip.com/en/transfers/cochabamba-bo,https://raw.githubusercontent.com/kubaivanov/pictures/main/pinterest/cochabamba--bolivia--pinterest-pin.png,"Cochabamba, Bolivia",Cochabamba,Bolivia,-17.4139766,-66.1653224,"Enjoy great views, beautiful architecture, delicious food, and a giant Christ statue in this temperate valley.",active,Bolivia,South America
6395180839,Coroico,destination,https://daytrip.com/en/transfers/coroico-bo,https://raw.githubusercontent.com/kubaivanov/pictures/main/pinterest/coroico--bolivia--pinterest-pin.png,Coroico,Coroico,Bolivia,-16.1941783,-67.7288125,Chill out in this tropical valley at the foot of the Andes.,active,Bolivia,South America
6395180840,Samaipata,destination,https://daytrip.com/en/transfers/samaipata-bo,https://raw.githubusercontent.com/kubaivanov/pictures/main/pinterest/samaipata--bolivia--pinterest-pin.png,El Fuerte de Samaipata,Samaipata,Bolivia,-18.177925024597549,-63.879536813671848,"Immerse yourself in enigmatic ancient carvings, breathtaking natural beauty, and a touch of colonial charm,",active,Bolivia,South America
6395180841,Tarija,destination,https://daytrip.com/en/transfers/tarija-bo,https://raw.githubusercontent.com/kubaivanov/pictures/main/pinterest/tarija--bolivia--pinterest-pin.png,Tarija,Tarija,Bolivia,-21.5177889,-64.729566699999992,"Wander through the cobblestone streets of this city's colonial center, where Spanish architecture whispers tales of centuries past.",active,Bolivia,South America
6395180842,Camiri,destination,https://daytrip.com/en/transfers/camiri-bo,https://raw.githubusercontent.com/kubaivanov/pictures/main/pinterest/camiri--bolivia--pinterest-pin.png,Camiri,Camiri,Bolivia,-20.0220572,-63.5316188,"In this enchanting town, the air hums with a sense of discovery, beckoning you to delve deeper into its intriguing past.",active,Bolivia,South America
6395180843,Tiwanaku,destination,https://daytrip.com/en/transfers/tiwanaku-bo,https://raw.githubusercontent.com/kubaivanov/pictures/main/pinterest/tiwanaku--bolivia--pinterest-pin.png,"Tiwanaku, Bolivia",Tiwanaku,Bolivia,-16.555616,-68.673923399999993,"A UNESCO World Heritage archaeological site, this ruined ancient city houses the remains of an advanced pre-Incan civilization.",active,Bolivia,South America
6395180844,Tupiza,destination,https://daytrip.com/en/transfers/tupiza-bo,https://raw.githubusercontent.com/kubaivanov/pictures/main/pinterest/tupiza--bolivia--pinterest-pin.png,"Tupiza, Bolivia",Tupiza,Bolivia,-21.4382195,-65.7193442,Admire the scenery surrounding this small town near where Butch Cassidy and the Sundance Kid met their demise.,active,Bolivia,South America
6395180845,Potosi,destination,https://daytrip.com/en/transfers/potosi-bo,https://raw.githubusercontent.com/kubaivanov/pictures/main/pinterest/potosi--bolivia--pinterest-pin.png,Potosi,Potosi,Bolivia,-19.5722805,-65.7550063,"Discover beautiful colonial architecture or deadly mines at this UNESCO World Heritage Site, which was once the largest and wealthiest city in the Americas.",active,Bolivia,South America
6395180846,Cascavel,destination,https://daytrip.com/en/transfers/cascavel-br,https://raw.githubusercontent.com/kubaivanov/pictures/main/pinterest/cascavel--brazil--pinterest-pin.png,Cascavel,Cascavel,Brazil,-24.9541715,-53.480283,"This strategic hub of Mercosul, boasting wide streets and well-distributed neighborhoods, stands as the fifth most populous city in the state.",active,Brazil,South America
6395180847,Guarapuava,destination,https://daytrip.com/en/transfers/guarapuava-br,https://raw.githubusercontent.com/kubaivanov/pictures/main/pinterest/guarapuava--brazil--pinterest-pin.png,Guarapuava,Guarapuava,Brazil,-25.3888586,-51.4612553,"Known as the center of Parana, Guarapuava is a captivating blend of Portuguese discovery and indigenous influence, with its name derived from the Tupi Guarani, meaning ""courageous wolf.""",active,Brazil,South America
6395180848,Mariana,destination,https://daytrip.com/en/transfers/mariana-br,https://raw.githubusercontent.com/kubaivanov/pictures/main/pinterest/mariana--brazil--pinterest-pin.png,"Mariana, brazil",Mariana,Brazil,-20.3742109,-43.4162103,Discover some of Brazil's finest sacred art and architecture in the oldest city in Minas Gerais.,active,Brazil,South America
6395180849,Maringa,destination,https://daytrip.com/en/transfers/maringa-br,https://raw.githubusercontent.com/kubaivanov/pictures/main/pinterest/maringa--brazil--pinterest-pin.png,Maringá,Maringa,Brazil,-23.4209995,-51.9330558,"Renowned for its meticulous urban planning, this city city embraces vast green spaces, earning it the moniker ""Cidade Verde"" or the ""Green City"".",active,Brazil,South America
6395180850,Joinville,destination,https://daytrip.com/en/transfers/joinville-br,https://raw.githubusercontent.com/kubaivanov/pictures/main/pinterest/joinville--brazil--pinterest-pin.png,Joinville,Joinville,Brazil,-26.3043758,-48.846374399999988,"This hidden gem off the beaten path invites you to dance to its unique rhythm, a harmonious blend of cultural diversity, natural beauty, and warm hospitality.",active,Brazil,South America
6395180852,Petropolis,destination,https://daytrip.com/en/transfers/petropolis-br,https://raw.githubusercontent.com/kubaivanov/pictures/main/pinterest/petropolis--brazil--pinterest-pin.png,Petropolis,Petropolis,Brazil,-22.5112498,-43.1779306,Admire some of Brazil's most lavish manors at this royal retreat.,active,Brazil,South America
6395180853,Porto Uniao,destination,https://daytrip.com/en/transfers/porto-uniao-br,https://raw.githubusercontent.com/kubaivanov/pictures/main/pinterest/porto-uniao--brazil--pinterest-pin.png,Porto Uniao,Porto Uniao,Brazil,-26.2347858,-51.083863000000008,"Photo by Roberto de vasconcel…, CC BY-SA 3.0 , via Wikimedia Commons",active,Brazil,South America
6395180854,Tiradentes,destination,https://daytrip.com/en/transfers/tiradentes-br,https://raw.githubusercontent.com/kubaivanov/pictures/main/pinterest/tiradentes--brazil--pinterest-pin.png,Tiradentes,Tiradentes,Brazil,-21.1102569,-44.1735339,This bite-sized colonial town is one of the most charming in all of Brazil.,active,Brazil,South America
6395180855,Rio de Janeiro,destination,https://daytrip.com/en/transfers/rio-de-janeiro-br,https://raw.githubusercontent.com/kubaivanov/pictures/main/pinterest/rio-de-janeiro--brazil--pinterest-pin.png,Rio de Janeiro,Rio de Janeiro,Brazil,-22.9068467,-43.1728965,"Home to one of the Seven Wonders of the World, Rio is a Brazilian icon and a beacon of music, culture, sport, and nature!",active,Brazil,South America
6395180856,Ouro Preto,destination,https://daytrip.com/en/transfers/ouro-preto-br,https://raw.githubusercontent.com/kubaivanov/pictures/main/pinterest/ouro-preto--brazil--pinterest-pin.png,Ouro Preto,Ouro Preto,Brazil,-20.402211,-43.5105574,The epicenter of Brazil's gold rush is a UNESCO World Heritage Site filled with gorgeous Baroque architecture.,active,Brazil,South America
6395180857,Iguazu Falls Brazil,destination,https://daytrip.com/en/transfers/iguazu-falls-brazil-br,https://raw.githubusercontent.com/kubaivanov/pictures/main/pinterest/iguazu-falls-brazil--brazil--pinterest-pin.png,Iguazu Falls Brazil,Iguazu Falls Brazil,Brazil,-25.684851058851905,-54.439616629916372,"With approximately 300 separate waterfalls stretching over 2.7 kilometers, this UNESCO World Heritage Site is a breathtaking panorama set against the lush backdrop of the Iguazu National Park.",active,Brazil,South America
6395180858,Congonhas,destination,https://daytrip.com/en/transfers/congonhas-br,https://raw.githubusercontent.com/kubaivanov/pictures/main/pinterest/congonhas--brazil--pinterest-pin.png,Congonhas,Congonhas,Brazil,-20.5026936,-43.8597346,Admire masterful Baroque art and architecture at this UNESCO-listed mining center.,active,Brazil,South America
6395180860,Holambra,destination,https://daytrip.com/en/transfers/holambra-br,https://raw.githubusercontent.com/kubaivanov/pictures/main/pinterest/holambra--brazil--pinterest-pin.png,Holambra,Holambra,Brazil,-22.6273804,-47.049385099999988,Discover Dutch heritage and beautiful blooms in the flower capital of South America.,active,Brazil,South America
6395180861,Paraty,destination,https://daytrip.com/en/transfers/paraty-br,https://raw.githubusercontent.com/kubaivanov/pictures/main/pinterest/paraty--brazil--pinterest-pin.png,Paraty,Paraty,Brazil,-23.2197106,-44.7167452,Enjoy colorful colonial architecture and beautiful natural surroundings at this UNESCO-listed resort town.,active,Brazil,South America
6395180862,Porto Alegre,destination,https://daytrip.com/en/transfers/porto-alegre-br,https://raw.githubusercontent.com/kubaivanov/pictures/main/pinterest/porto-alegre--brazil--pinterest-pin.png,Porto Alegre,Porto Alegre,Brazil,-30.0346471,-51.2176584,Southern Brazil's most important port is a progressive city that's still managed to preserve much of its elegant neoclassical architecture.,active,Brazil,South America
6395180863,Londrina,destination,https://daytrip.com/en/transfers/londrina-br,https://raw.githubusercontent.com/kubaivanov/pictures/main/pinterest/londrina--brazil--pinterest-pin.png,Londrina,Londrina,Brazil,-23.3197305,-51.1662008,"In the heart of a thriving coffee-producing region, this city is more than just a stopover; it's a destination that seamlessly blends urban sophistication with scenic charm.",active,Brazil,South America
6395180864,Campos do Jordao,destination,https://daytrip.com/en/transfers/campos-do-jordao-br,https://raw.githubusercontent.com/kubaivanov/pictures/main/pinterest/campos-do-jordao--brazil--pinterest-pin.png,Campos do Jordão,Campos do Jordao,Brazil,-22.7408457,-45.594390999999987,Get whisked away to the European Alps in Brazil's highest city.,active,Brazil,South America
6395180865,Blumenau,destination,https://daytrip.com/en/transfers/blumenau-br,https://raw.githubusercontent.com/kubaivanov/pictures/main/pinterest/blumenau--brazil--pinterest-pin.png,Blumenau,Blumenau,Brazil,-26.9165792,-49.0717331,"Founded in the late 19th century, this town became a haven for German immigrants, imprinting a distinct Germanic influence on its identity.",active,Brazil,South America
6395180866,Feira de Santana,destination,https://daytrip.com/en/transfers/feira-de-santana-br,https://raw.githubusercontent.com/kubaivanov/pictures/main/pinterest/feira-de-santana--brazil--pinterest-pin.png,Feira de Santana,Feira de Santana,Brazil,-12.2535848,-38.9600762,"This vibrant city in the state of Bahia contains historical landmarks that have been recognised as Brazilian federal monuments, along with other architectural treasures.",active,Brazil,South America
6395180867,Cunha,destination,https://daytrip.com/en/transfers/cunha-br,https://raw.githubusercontent.com/kubaivanov/pictures/main/pinterest/cunha--brazil--pinterest-pin.png,Cunha,Cunha,Brazil,-23.0742552,-44.9599343,Slow down in this sleepy rural town where VW Beetles are the preferred mode of transport.,active,Brazil,South America
6395180868,Vitoria,destination,https://daytrip.com/en/transfers/vitoria-br,https://raw.githubusercontent.com/kubaivanov/pictures/main/pinterest/vitoria--brazil--pinterest-pin.png,"Vitória, brazil",Vitoria,Brazil,-20.3196644,-40.3384748,Soak up sun and history in this pleasant seaside city.,active,Brazil,South America
6395180869,Chapeco,destination,https://daytrip.com/en/transfers/chapeco-br,https://raw.githubusercontent.com/kubaivanov/pictures/main/pinterest/chapeco--brazil--pinterest-pin.png,Chapecó,Chapeco,Brazil,-27.1048145,-52.6143383,"Discover this charming city, the beating heart of Santa Catarina, where each corner tells a story, and every experience is a celebration of life.",active,Brazil,South America
6395180870,Tropic of Cancer Beach,destination,https://daytrip.com/en/transfers/tropic-of-cancer-beach-bs,https://raw.githubusercontent.com/kubaivanov/pictures/main/pinterest/tropic-of-cancer-beach--bahamas--pinterest-pin.png,Tropic of Cancer Beach,Tropic of Cancer Beach,Bahamas,23.4397247,-75.597032099999993,"Explore a crescent-shaped haven where the vibrant turquoise ocean meets the impossibly white shore, etching a scene straight out of a dream.",active,Bahamas,North America
6395180871,Khama Rhino Sanctuary,destination,https://daytrip.com/en/transfers/khama-rhino-sanctuary-bw,https://raw.githubusercontent.com/kubaivanov/pictures/main/pinterest/khama-rhino-sanctuary--botswana--pinterest-pin.png,Khama Rhino Sanctuary,Khama Rhino Sanctuary,Botswana,-22.2344414,26.7200393,Locals have revitalized the region's ecosystem providing a home to rhinos and many other indigenous animals.,active,Botswana,Africa
6395180872,Xunantunich,destination,https://daytrip.com/en/transfers/xunantunich-bz,https://raw.githubusercontent.com/kubaivanov/pictures/main/pinterest/xunantunich--belize--pinterest-pin.png,Xunantunich,Xunantunich,Belize,17.0900115,-89.1416082,"One of the most impressive Mayan ruins in Belize, this ancient city is said to be haunted by a lady in white with smoldering eyes.",active,Belize,North America
6395180873,Altun Ha,destination,https://daytrip.com/en/transfers/altun-ha-bz,https://raw.githubusercontent.com/kubaivanov/pictures/main/pinterest/altun-ha--belize--pinterest-pin.png,Altun Ha,Altun Ha,Belize,17.766864773806262,-88.3462652096481,"Though smaller than some, Belize's best-restored Mayan site is a national icon, featured on everything from banknotes to beer.",active,Belize,North America
6395180874,Lamanai,destination,https://daytrip.com/en/transfers/lamanai-bz,https://raw.githubusercontent.com/kubaivanov/pictures/main/pinterest/lamanai--belize--pinterest-pin.png,Lamanai Archaeological Reserve,Lamanai,Belize,17.763716969550252,-88.652490392065431,"Only accessible by boat, these Mayan ruins stretch out along a riverbank, much like their namesake crocodiles.",active,Belize,North America
6395180876,"Niagara Falls, ON",destination,https://daytrip.com/en/transfers/niagara-falls-on-ca,https://raw.githubusercontent.com/kubaivanov/pictures/main/pinterest/niagara-falls-on--canada--pinterest-pin.png,Niagara Falls ontario,"Niagara Falls, ON",Canada,43.0895577,-79.0849436,"The stunning view at the ""better"" side of Niagara Falls has been a spectacle attracting visitors for centuries.",active,Canada,North America
6395180877,Bellinzona,destination,https://daytrip.com/en/transfers/bellinzona-ch,https://raw.githubusercontent.com/kubaivanov/pictures/main/pinterest/bellinzona--switzerland--pinterest-pin.png,"Bellinzona, Switzerland",Bellinzona,Switzerland,46.1946216,9.0244124,"Strategically positioned and heavily fortified, this scenic valley city has been enthralling visitors for centuries.",active,Switzerland,Europe
6395180878,Schaffhausen,destination,https://daytrip.com/en/transfers/schaffhausen-ch,https://raw.githubusercontent.com/kubaivanov/pictures/main/pinterest/schaffhausen--switzerland--pinterest-pin.png,"Schaffhausen, Switzerland",Schaffhausen,Switzerland,47.6958897,8.6380489,"Thanks to the nearby waterfall, this medieval town was able to grow one of Switzerland's prettiest historic centers.",active,Switzerland,Europe
6395180879,Lugano,destination,https://daytrip.com/en/transfers/lugano-ch,https://raw.githubusercontent.com/kubaivanov/pictures/main/pinterest/lugano--switzerland--pinterest-pin.png,"Lugano, Switzerland",Lugano,Switzerland,46.0036778,8.9510519999999989,"This lakeside city isn't just rich in history and culture, it's also an important commerce center.",active,Switzerland,Europe
6395180880,St. Gallen,destination,https://daytrip.com/en/transfers/st-gallen-ch,https://raw.githubusercontent.com/kubaivanov/pictures/main/pinterest/st-gallen--switzerland--pinterest-pin.png,"St Gallen, Switzerland",St. Gallen,Switzerland,47.4244818,9.3767173,"Its UNESCO listed Abbey houses over 170,000 documents, and a rococo interior that rivals the beauty of the medieval old town.",active,Switzerland,Europe
6395180881,Locarno,destination,https://daytrip.com/en/transfers/locarno-ch,https://raw.githubusercontent.com/kubaivanov/pictures/main/pinterest/locarno--switzerland--pinterest-pin.png,"Locarno, Switzerland",Locarno,Switzerland,46.166998799999988,8.7942643,"Boasting 2300 hours of sunshine a year, this peaceful city combines a rich Renaissance center with a palm-lined waterfront.",active,Switzerland,Europe
6395180882,Basel,destination,https://daytrip.com/en/transfers/basel-ch,https://raw.githubusercontent.com/kubaivanov/pictures/main/pinterest/basel--switzerland--pinterest-pin.png,"Basel, Switzerland",Basel,Switzerland,47.5595986,7.5885761,"With its abundance of museums, picturesque old town, and thriving cultural scene, this ancient city has something for every aesthete.",active,Switzerland,Europe
6395180883,Chillon Castle,destination,https://daytrip.com/en/transfers/chillon-castle-ch,https://raw.githubusercontent.com/kubaivanov/pictures/main/pinterest/chillon-castle--switzerland--pinterest-pin.png,"Avenue de Chillon 21, 1820 Veytaux, Switzerland",Chillon Castle,Switzerland,46.4142131,6.9274923999999993,"Controlling the trade routes around Lake Geneva, this medieval castle is so beautiful that Mark Twain was envious of its famed prisoner.",active,Switzerland,Europe
6395180884,Davos,destination,https://daytrip.com/en/transfers/davos-ch,https://raw.githubusercontent.com/kubaivanov/pictures/main/pinterest/davos--switzerland--pinterest-pin.png,"Davos, Switzerland",Davos,Switzerland,46.8027453,9.8359700999999991,"The highest town in Europe is full of superlatives, like Europe's largest natural ice-skating rink, and highest brewery.",active,Switzerland,Europe
6395180885,Lausanne,destination,https://daytrip.com/en/transfers/lausanne-ch,https://raw.githubusercontent.com/kubaivanov/pictures/main/pinterest/lausanne--switzerland--pinterest-pin.png,"Lausanne, Switzerland",Lausanne,Switzerland,46.5196535,6.6322734,This picturesque ancient city on the shores of Lake Geneva has been the seat of the International Olympic Committee since 1914.,active,Switzerland,Europe
6395180886,Murten,destination,https://daytrip.com/en/transfers/murten-ch,https://raw.githubusercontent.com/kubaivanov/pictures/main/pinterest/murten--switzerland--pinterest-pin.png,"Murten, Switzerland",Murten,Switzerland,46.929221100000007,7.120184,This well-preserved medieval town is the only place in Switzerland still completely surrounded by a defensive wall.,active,Switzerland,Europe
6395180887,Baden,destination,https://daytrip.com/en/transfers/baden-ch,https://raw.githubusercontent.com/kubaivanov/pictures/main/pinterest/baden--switzerland--pinterest-pin.png,"Baden, Switzerland",Baden,Switzerland,47.47288,8.30809,This ancient town's mineral-rich springs have been helping people relax since Roman times.,active,Switzerland,Europe
6395180888,Bern,destination,https://daytrip.com/en/transfers/bern-ch,https://raw.githubusercontent.com/kubaivanov/pictures/main/pinterest/bern--switzerland--pinterest-pin.png,"Bern, Switzerland",Bern,Switzerland,46.9479739,7.4474468,The Old Town of Switzerland's charming capital is a UNESCO World Heritage Site sheltering historic architecture and one of Europe's longest covered shopping promenades.,active,Switzerland,Europe
6395180889,Zug,destination,https://daytrip.com/en/transfers/zug-ch,https://raw.githubusercontent.com/kubaivanov/pictures/main/pinterest/zug--switzerland--pinterest-pin.png,"Zug, Switzerland",Zug,Switzerland,47.1661672,8.5154946,"Hugging the shores of Lake Zug, this medieval market town has become a tax haven maintaining its historic landmarks.",active,Switzerland,Europe
6395180890,Lucerne,destination,https://daytrip.com/en/transfers/lucerne-ch,https://raw.githubusercontent.com/kubaivanov/pictures/main/pinterest/lucerne--switzerland--pinterest-pin.png,"Lucerne, Switzerland",Lucerne,Switzerland,47.050168199999987,8.3093072,"With a well preserved history, frescoed buildings, lakeside setting and impressive mountain views, Lucerne is a delight to behold.",active,Switzerland,Europe
6395180891,Chur,destination,https://daytrip.com/en/transfers/chur-ch,https://raw.githubusercontent.com/kubaivanov/pictures/main/pinterest/chur--switzerland--pinterest-pin.png,"Chur, Switzerland",Chur,Switzerland,46.8507835,9.5319859,"Settled for 5000 years, this ancient alpine crossroad's car-free Old Town is full of quiet streets and scenic squares.",active,Switzerland,Europe
6395180892,Geneva,destination,https://daytrip.com/en/transfers/geneva-ch,https://raw.githubusercontent.com/kubaivanov/pictures/main/pinterest/geneva--switzerland--pinterest-pin.png,"Geneva, Switzerland",Geneva,Switzerland,46.2043907,6.1431577,"The seat of hundreds of international organizations, Switzerland's non-capital offers cosmopolitan delights alongside thousands of years of history and a stunning natural backdrop.",active,Switzerland,Europe
6395180893,Thun,destination,https://daytrip.com/en/transfers/thun-ch,https://raw.githubusercontent.com/kubaivanov/pictures/main/pinterest/thun--switzerland--pinterest-pin.png,"Thun, Switzerland",Thun,Switzerland,46.758251403907266,7.6263358592468649,"Surrounded by soaring peaks, the beautiful lakefront town of Thun is the gateway to the surrounding highlands.",active,Switzerland,Europe
6395180894,Grand Bassam,destination,https://daytrip.com/en/transfers/grand-bassam-ci,https://raw.githubusercontent.com/kubaivanov/pictures/main/pinterest/grand-bassam--cote-d-ivoire--pinterest-pin.png,Grand Bassam,Grand Bassam,Cote d'Ivoire,5.225936,-3.753666299999999,"This UNESCO World Heritage Site is a captivating tapestry woven with French colonial architecture, vibrant African traditions, and a laid-back beach atmosphere.",active,Cote d'Ivoire,Africa
6395180895,Daloa,destination,https://daytrip.com/en/transfers/daloa-ci,https://raw.githubusercontent.com/kubaivanov/pictures/main/pinterest/daloa--cote-d-ivoire--pinterest-pin.png,Daloa,Daloa,Cote d'Ivoire,6.8883341,-6.4396888,"Imagine yourself strolling through the historic center, where colonial-era buildings adorned with intricate details whisper tales of a bygone era.",active,Cote d'Ivoire,Africa
6395180896,Abengourou,destination,https://daytrip.com/en/transfers/abengourou-ci,https://raw.githubusercontent.com/kubaivanov/pictures/main/pinterest/abengourou--cote-d-ivoire--pinterest-pin.png,Abengourou,Abengourou,Cote d'Ivoire,6.7156981999999994,-3.4801349,"Hear the rhythmic beats of traditional music fill the air, inviting you to immerse yourself in the town's infectious energy.",active,Cote d'Ivoire,Africa
6395180897,Sassandra,destination,https://daytrip.com/en/transfers/sassandra-ci,https://raw.githubusercontent.com/kubaivanov/pictures/main/pinterest/sassandra--cote-d-ivoire--pinterest-pin.png,Sassandra,Sassandra,Cote d'Ivoire,4.9512760999999994,-6.0917517,"Stroll along these pristine, palm-fringed shores, and feel the warm embrace of the Ivorian sunshine upon your skin.",active,Cote d'Ivoire,Africa
6395180898,Korhogo,destination,https://daytrip.com/en/transfers/korhogo-ci,https://raw.githubusercontent.com/kubaivanov/pictures/main/pinterest/korhogo--cote-d-ivoire--pinterest-pin.png,Korhogo,Korhogo,Cote d'Ivoire,9.4669337,-5.6142558,"Enter this pulsating tapestry woven with traditional Sénoufo villages, captivating mosques, and a thriving craft scene that will ignite your senses.",active,Cote d'Ivoire,Africa
6395180900,Yamoussoukro,destination,https://daytrip.com/en/transfers/yamoussoukro-ci,https://raw.githubusercontent.com/kubaivanov/pictures/main/pinterest/yamoussoukro--cote-d-ivoire--pinterest-pin.png,Yamoussoukro,Yamoussoukro,Cote d'Ivoire,6.8162740999999993,-5.2743629000000007,"This Ivorian gem contains a captivating mosaic of architectural wonders, bustling markets, and a glimpse into the country's vibrant soul.",active,Cote d'Ivoire,Africa
6395180901,Bouake,destination,https://daytrip.com/en/transfers/bouake-ci,https://raw.githubusercontent.com/kubaivanov/pictures/main/pinterest/bouake--cote-d-ivoire--pinterest-pin.png,Bouake,Bouake,Cote d'Ivoire,7.6894452945794747,-5.0335604359374964,"Enter this captivating mosaic pulsating with artistic expression, mouthwatering cuisine, and a warm Ivorian welcome.",active,Cote d'Ivoire,Africa
6395180902,Man,destination,https://daytrip.com/en/transfers/man-cote-d-ivoire-ci,https://raw.githubusercontent.com/kubaivanov/pictures/main/pinterest/man--cote-d-ivoire--pinterest-pin.png,"Man, Côte d'Ivoire",Man,Cote d'Ivoire,7.4064274999999986,-7.5572231000000007,"Explore cascading waterfalls, vibrant markets, and a rich culture waiting to be explored.",active,Cote d'Ivoire,Africa
6395180903,Iquique,destination,https://daytrip.com/en/transfers/iquique-cl,https://raw.githubusercontent.com/kubaivanov/pictures/main/pinterest/iquique--chile--pinterest-pin.png,Iquique,Iquique,Chile,-20.2307033,-70.1356692,"Sunbathe, savor exceptional fresh seafood, and delve into the vibrant downtown of this northern Chilean city, often dubbed the ""South American Miami.""",active,Chile,South America
6395180904,Valdivia,destination,https://daytrip.com/en/transfers/valdivia-cl,https://raw.githubusercontent.com/kubaivanov/pictures/main/pinterest/valdivia--chile--pinterest-pin.png,"Valdivia, chile",Valdivia,Chile,-39.8335811,-73.215417,Connect with nature and German heritage in this colonial riverside city.,active,Chile,South America
6395180905,Arica,destination,https://daytrip.com/en/transfers/arica-cl,https://raw.githubusercontent.com/kubaivanov/pictures/main/pinterest/arica--chile--pinterest-pin.png,Arica,Arica,Chile,-18.4782534,-70.3125988,Chile's northernmost city is an important port and resort town that rarely sees a cloudy day.,active,Chile,South America
6395180906,Ovalle,destination,https://daytrip.com/en/transfers/ovalle-cl,https://raw.githubusercontent.com/kubaivanov/pictures/main/pinterest/ovalle--chile--pinterest-pin.png,Ovalle,Ovalle,Chile,-30.604304,-71.196988199999993,"Cradled within the Limarí River valley and surrounded by picturesque hills, this charming city is a veritable gem renowned for its wine production and warm climate.",active,Chile,South America
6395180907,Talca,destination,https://daytrip.com/en/transfers/talca-cl,https://raw.githubusercontent.com/kubaivanov/pictures/main/pinterest/talca--chile--pinterest-pin.png,Talca,Talca,Chile,-35.4232444,-71.6484804,"Immerse yourself in wine, history, or nature in the city where Chile declared its independence.",active,Chile,South America
6395180909,Putre,destination,https://daytrip.com/en/transfers/putre-cl,https://raw.githubusercontent.com/kubaivanov/pictures/main/pinterest/putre--chile--pinterest-pin.png,Putre,Putre,Chile,-18.1969907,-69.559727299999992,Get used to the high altitude while wandering through this quaint Andean town.,active,Chile,South America
6395180910,Coquimbo,destination,https://daytrip.com/en/transfers/coquimbo-cl,https://raw.githubusercontent.com/kubaivanov/pictures/main/pinterest/coquimbo--chile--pinterest-pin.png,Coquimbo,Coquimbo,Chile,-29.9590009,-71.3389183,"Just 12 kilometers south of La Serena, this seaside destination is renowned for its extensive coastline, inviting beaches, and a wide range of water activities.",active,Chile,South America
6395180911,Chillan,destination,https://daytrip.com/en/transfers/chillan-cl,https://raw.githubusercontent.com/kubaivanov/pictures/main/pinterest/chillan--chile--pinterest-pin.png,Chillan,Chillan,Chile,-36.6062618,-72.102335099999991,Stock up at one of Chile's largest and most vibrant markets before checking out one of the country's oddest cathedrals.,active,Chile,South America
6395180912,San Pedro de Atacama,destination,https://daytrip.com/en/transfers/san-pedro-de-atacama-cl,https://raw.githubusercontent.com/kubaivanov/pictures/main/pinterest/san-pedro-de-atacama--chile--pinterest-pin.png,San Pedro de Atacama,San Pedro de Atacama,Chile,-22.9087073,-68.19971559999999,Lose yourself in this charming adobe-filled town surrounded by otherworldly landscapes.,active,Chile,South America
6395180913,Frutillar,destination,https://daytrip.com/en/transfers/frutillar-cl,https://raw.githubusercontent.com/kubaivanov/pictures/main/pinterest/frutillar--chile--pinterest-pin.png,"Frutillar, chile",Frutillar,Chile,-41.112498,-73.0496952,"Enjoy charming German architecture, stunning lakeside views, and maybe a concert at this UNESCO City of Music.",active,Chile,South America
6395180914,Copiapo,destination,https://daytrip.com/en/transfers/copiapo-cl,https://raw.githubusercontent.com/kubaivanov/pictures/main/pinterest/copiapo--chile--pinterest-pin.png,Copiapo,Copiapo,Chile,-27.3665763,-70.3321587,"This city of historical significance nestled in the arid Atacama Desert thrives as an oasis, adorned with vibrant blooms of desert flora.",active,Chile,South America
6395180915,Ancud,destination,https://daytrip.com/en/transfers/ancud-cl,https://raw.githubusercontent.com/kubaivanov/pictures/main/pinterest/ancud--chile--pinterest-pin.png,Ancud,Ancud,Chile,-41.8675003,-73.8276965,Sample the Chiloé archipelago's unique culture in its fortified former capital.,active,Chile,South America
6395180916,Puerto Varas,destination,https://daytrip.com/en/transfers/puerto-varas-cl,https://raw.githubusercontent.com/kubaivanov/pictures/main/pinterest/puerto-varas--chile--pinterest-pin.png,"Puerto Varas, chile",Puerto Varas,Chile,-41.3167,-72.9833,Get your fill of German culture at this enchanting lakeside town renowned for its traditional cakes.,active,Chile,South America
6395180917,Viña del Mar,destination,https://daytrip.com/en/transfers/vina-del-mar-cl,https://raw.githubusercontent.com/kubaivanov/pictures/main/pinterest/vina-del-mar--chile--pinterest-pin.png,"Vina del Mar, chile",Viña del Mar,Chile,-33.0153481,-71.550027599999993,Soak up the sun in this succulent seaside city.,active,Chile,South America
6395180932,Huasco,destination,https://daytrip.com/en/transfers/huasco-cl,https://raw.githubusercontent.com/kubaivanov/pictures/main/pinterest/huasco--chile--pinterest-pin.png,Huasco,Huasco,Chile,-28.4664,-71.2192,This charming seaside resort at the mouth of the Huasco River beckons travelers with a string of inviting beaches.,active,Chile,South America
6395180933,Vicuna,destination,https://daytrip.com/en/transfers/vicuna-cl,https://raw.githubusercontent.com/kubaivanov/pictures/main/pinterest/vicuna--chile--pinterest-pin.png,Vicuna chile,Vicuna,Chile,-30.0326781,-70.708073599999992,"Vicuña, in the vibrant Elqui Valley, is renowned for pisco production, historic landmarks, artisan markets, and notable architecture.",active,Chile,South America
6395180934,Freirina,destination,https://daytrip.com/en/transfers/freirina-cl,https://raw.githubusercontent.com/kubaivanov/pictures/main/pinterest/freirina--chile--pinterest-pin.png,Freirina,Freirina,Chile,-28.512094,-71.0795967,"Photo by Nelson Pérez, CC BY-SA 3.0 , via Wikimedia Commons",active,Chile,South America
6395180935,Puerto Natales,destination,https://daytrip.com/en/transfers/puerto-natales-cl,https://raw.githubusercontent.com/kubaivanov/pictures/main/pinterest/puerto-natales--chile--pinterest-pin.png,"Puerto Natales, chile",Puerto Natales,Chile,-51.7308935,-72.4977407,Make a pitstop to appreciate the beauty of Patagonia at the edge of Chile's most spectacular National Park.,active,Chile,South America
6395180936,Concepcion,destination,https://daytrip.com/en/transfers/concepcion-cl,https://raw.githubusercontent.com/kubaivanov/pictures/main/pinterest/concepcion--chile--pinterest-pin.png,"Concepcion, chile",Concepcion,Chile,-36.8201352,-73.0443904,Young and old harmonize in the capital of Southern Chile.,active,Chile,South America
6395180937,Valparaíso,destination,https://daytrip.com/en/transfers/valparaiso-cl,https://raw.githubusercontent.com/kubaivanov/pictures/main/pinterest/valparaiso--chile--pinterest-pin.png,"Valparaiso, chile",Valparaíso,Chile,-33.047238,-71.61268849999999,"Get lost in the vertiginous jumble of colorful, stair-filled streets of this UNESCO-listed port city.",active,Chile,South America
6395180938,Temuco,destination,https://daytrip.com/en/transfers/temuco-cl,https://raw.githubusercontent.com/kubaivanov/pictures/main/pinterest/temuco--chile--pinterest-pin.png,"Temuco, chile",Temuco,Chile,-38.7359018,-72.5903739,Fill up on local culture in this lively frontier city.,active,Chile,South America
6395180939,Villarrica,destination,https://daytrip.com/en/transfers/villarrica-cl,https://raw.githubusercontent.com/kubaivanov/pictures/main/pinterest/villarrica--chile--pinterest-pin.png,"Villarrica, chile",Villarrica,Chile,-39.2820124,-72.2307798,Get the best views in Araucanía from this overlooked lakeside town.,active,Chile,South America
6395180940,El Tatio,destination,https://daytrip.com/en/transfers/el-tatio-cl,https://raw.githubusercontent.com/kubaivanov/pictures/main/pinterest/el-tatio--chile--pinterest-pin.png,El Tatio,El Tatio,Chile,-22.3348502,-68.0129762,"The largest geyser field in the Southern Hemisphere, this impressive natural site has dozens of geysers set against the surreal backdrop of the Atacama Desert",active,Chile,South America
6395180941,La Serena,destination,https://daytrip.com/en/transfers/la-serena-cl,https://raw.githubusercontent.com/kubaivanov/pictures/main/pinterest/la-serena--chile--pinterest-pin.png,"La Serena, chile",La Serena,Chile,-29.9026691,-71.2519374,This vibrant city on the Chilean coast is renowned for its stunning beaches and proximity to the enchanting Elqui Valley.,active,Chile,South America
6395180942,Antofagasta,destination,https://daytrip.com/en/transfers/antofagasta-cl,https://raw.githubusercontent.com/kubaivanov/pictures/main/pinterest/antofagasta--chile--pinterest-pin.png,Antofagasta,Antofagasta,Chile,-23.6509279,-70.397502199999991,"From mining towns in the heart of the desert to the beauty of clear starry skies and family-friendly beaches, this vibrant port city offers a blend of Chilean life.",active,Chile,South America
6395180943,Riohacha,destination,https://daytrip.com/en/transfers/riohacha-co,https://raw.githubusercontent.com/kubaivanov/pictures/main/pinterest/riohacha--colombia--pinterest-pin.png,Riohacha,Riohacha,Colombia,11.5384151,-72.91678379999999,"The vast, white sand beach and traditional handicrafts are attracting an increasing number of visitors to this working city.",active,Colombia,South America
6395180944,Honda,destination,https://daytrip.com/en/transfers/honda-co,https://raw.githubusercontent.com/kubaivanov/pictures/main/pinterest/honda--colombia--pinterest-pin.png,"Honda, tolima",Honda,Colombia,5.205118,-74.737081,"One of Colombia's 17 Heritage Towns, and arguably the country's hottest settlement, this river port preserves its post-Colonial character.",active,Colombia,South America
6395180945,Mompox,destination,https://daytrip.com/en/transfers/mompox-co,https://raw.githubusercontent.com/kubaivanov/pictures/main/pinterest/mompox--colombia--pinterest-pin.png,Mompox,Mompox,Colombia,9.240146,-74.424495999999991,"The inspiration for Gabriel Garcia Marquez' A Hundred Years of Solitude, this UNESCO-listed town is an exceptional example of a Spanish Colonial settlement.",active,Colombia,South America
6395180946,El Hoyo Soplador,destination,https://daytrip.com/en/transfers/el-hoyo-soplador-co,https://raw.githubusercontent.com/kubaivanov/pictures/main/pinterest/el-hoyo-soplador--colombia--pinterest-pin.png,El Hoyo Soplador,El Hoyo Soplador,Colombia,12.4814156,-81.7312115,"Experience an exhilarating natural spectacle at San Andres' very own blowhole, nestled on the island's southern shores.",active,Colombia,South America
6395180947,Popayan,destination,https://daytrip.com/en/transfers/popayan-co,https://raw.githubusercontent.com/kubaivanov/pictures/main/pinterest/popayan--colombia--pinterest-pin.png,Popayan,Popayan,Colombia,2.4448143,-76.6147395,This historic city isn't just rich in colonial architecture - its cuisine and Easter celebrations are recognized by UNESCO.,active,Colombia,South America
6395180948,Manizales,destination,https://daytrip.com/en/transfers/manizales-co,https://raw.githubusercontent.com/kubaivanov/pictures/main/pinterest/manizales--colombia--pinterest-pin.png,Manizales,Manizales,Colombia,5.070275,-75.5138166,"In the heart of Colombia's coffee country, this hilltop city has some of the best beans and most beautiful views around.",active,Colombia,South America
6395180949,Rio Claro Valley,destination,https://daytrip.com/en/transfers/rio-claro-valley-co,https://raw.githubusercontent.com/kubaivanov/pictures/main/pinterest/rio-claro-valley--colombia--pinterest-pin.png,Reserva Natural Cañon Del Río Claro,Rio Claro Valley,Colombia,5.9009681,-74.856937,"Home to an abundance of endemic species, this lush river valley offers visitors a variety of outdoor activities.",active,Colombia,South America
6395180953,Barichara,destination,https://daytrip.com/en/transfers/barichara-co,https://raw.githubusercontent.com/kubaivanov/pictures/main/pinterest/barichara--colombia--pinterest-pin.png,Barichara,Barichara,Colombia,6.6358489999999994,-73.223409,"One of the 17 Heritage Villages of Colombia, this charming hillside village looks much as it did centuries ago.",active,Colombia,South America
6395180954,Rionegro,destination,https://daytrip.com/en/transfers/rionegro-co,https://raw.githubusercontent.com/kubaivanov/pictures/main/pinterest/rionegro--colombia--pinterest-pin.png,Rionegro,Rionegro,Colombia,6.1490187999999986,-75.3789523,This quiet hillside city is known throughout Colombia as the best place for sweets in the country.,active,Colombia,South America
6395180955,Pereira,destination,https://daytrip.com/en/transfers/pereira-co,https://raw.githubusercontent.com/kubaivanov/pictures/main/pinterest/pereira--colombia--pinterest-pin.png,Pereira,Pereira,Colombia,4.8087174,-75.690601,"The largest city in the UNESCO-listed coffee-growing region is a busy economic center, but that doesn't mean you can't savor a cup of local coffee here.",active,Colombia,South America
6395180958,La Loma,destination,https://daytrip.com/en/transfers/la-loma-co,https://raw.githubusercontent.com/kubaivanov/pictures/main/pinterest/la-loma--colombia--pinterest-pin.png,La Loma san andres,La Loma,Colombia,12.5553644,-81.7176271,"This village, the second largest on San Andrés, offers a journey back in time, providing a glimpse into the island's rich heritage.",active,Colombia,South America
6395180959,Cartagena,destination,https://daytrip.com/en/transfers/cartagena-co,https://raw.githubusercontent.com/kubaivanov/pictures/main/pinterest/cartagena--colombia--pinterest-pin.png,"Cartagena, Columbia",Cartagena,Colombia,10.3910485,-75.4794257,The UNESCO-listed Old Town of Spain's principal port in the New World is watched over by one of the mightiest forts ever made by the Spanish.,active,Colombia,South America
6395180960,Cali,destination,https://daytrip.com/en/transfers/cali-co,https://raw.githubusercontent.com/kubaivanov/pictures/main/pinterest/cali--colombia--pinterest-pin.png,Cali,Cali,Colombia,3.4516467,-76.5319854,"Colombia's third largest city lives and breathes salsa, the sounds of which can be heard on nearly every street.",active,Colombia,South America
6395180961,Sincelejo,destination,https://daytrip.com/en/transfers/sincelejo-co,https://raw.githubusercontent.com/kubaivanov/pictures/main/pinterest/sincelejo--colombia--pinterest-pin.png,Sincelejo,Sincelejo,Colombia,9.3045773,-75.390556699999991,"The departmental capital is a small, quiet city, except in January when they party and bullfight in the name of Jesus.",active,Colombia,South America
6395180962,El Totumo Mud Volcano,destination,https://daytrip.com/en/transfers/el-totumo-mud-volcano-co,https://raw.githubusercontent.com/kubaivanov/pictures/main/pinterest/el-totumo-mud-volcano--colombia--pinterest-pin.png,El Totumo Mud Volcano,El Totumo Mud Volcano,Colombia,10.744403485167396,-75.240748541000357,The naturally-heated and mineral-rich mud in this volcano makes for a unique spa day.,active,Colombia,South America
6395180963,Bucaramanga,destination,https://daytrip.com/en/transfers/bucaramanga-co,https://raw.githubusercontent.com/kubaivanov/pictures/main/pinterest/bucaramanga--colombia--pinterest-pin.png,Bucaramanga,Bucaramanga,Colombia,7.119349,-73.1227416,This thriving mountain metropolis earned its nickname for its many green spaces.,active,Colombia,South America
6395180964,Pasto,destination,https://daytrip.com/en/transfers/pasto-co,https://raw.githubusercontent.com/kubaivanov/pictures/main/pinterest/pasto--colombia--pinterest-pin.png,Pasto,Pasto,Colombia,1.2058837,-77.285787,This Andean city is famed for its carnival and beautiful colonial churches.,active,Colombia,South America
6395180965,Tunja,destination,https://daytrip.com/en/transfers/tunja-co,https://raw.githubusercontent.com/kubaivanov/pictures/main/pinterest/tunja--colombia--pinterest-pin.png,Tunja,Tunja,Colombia,5.5329169389046688,-73.361355207965062,Discover hidden gems throughout the city as you explore one villa to the next...the church of Santo Domingo will leave you speechless!,active,Colombia,South America
6395180968,Barranquilla,destination,https://daytrip.com/en/transfers/barranquilla-co,https://raw.githubusercontent.com/kubaivanov/pictures/main/pinterest/barranquilla--colombia--pinterest-pin.png,Barranquilla,Barranquilla,Colombia,11.0041072,-74.80698129999999,Every year the streets of Gabriel Garcia Marquez' former hangout are filled with hundreds of thousands of revellers for a UNESCO-listed carnival.,active,Colombia,South America
6395180969,Santa Marta,destination,https://daytrip.com/en/transfers/santa-marta-co,https://raw.githubusercontent.com/kubaivanov/pictures/main/pinterest/santa-marta--colombia--pinterest-pin.png,Santa Marta,Santa Marta,Colombia,11.2403547,-74.2110227,"The colonial buildings of Colombia's oldest city are colorfully lived in, with the white-washed customs house now housing a gold-filled museum.",active,Colombia,South America
6395180970,Monteria,destination,https://daytrip.com/en/transfers/monteria-co,https://raw.githubusercontent.com/kubaivanov/pictures/main/pinterest/monteria--colombia--pinterest-pin.png,Monteria,Monteria,Colombia,8.750983,-75.8785348,This laid-back riverside city is a friendly place to immerse yourself in Colombian culture.,active,Colombia,South America
6395180972,La Piscinita,destination,https://daytrip.com/en/transfers/la-piscinita-co,https://raw.githubusercontent.com/kubaivanov/pictures/main/pinterest/la-piscinita--colombia--pinterest-pin.png,La Piscinita san andres,La Piscinita,Colombia,12.5200693,-81.7285765,"For snorkeling enthusiasts, this destination is the crown jewel of San Andrés' western coast, with crystal-clear waters and vibrant marine life.",active,Colombia,South America
6395180973,Salento,destination,https://daytrip.com/en/transfers/salento-co,https://raw.githubusercontent.com/kubaivanov/pictures/main/pinterest/salento--colombia--pinterest-pin.png,"Salento, colombia",Salento,Colombia,4.637376,-75.570777,"Virtually untouched by time and set against a backdrop of lush green hills, Salento's historical charm and local delicacies can't be missed.",active,Colombia,South America
6395180974,Guatape,destination,https://daytrip.com/en/transfers/guatape-co,https://raw.githubusercontent.com/kubaivanov/pictures/main/pinterest/guatape--colombia--pinterest-pin.png,Guatepe,Guatape,Colombia,6.2342086410246695,-75.157501042358376,"Painted every color under the sun, this little town is a delight to explore.",active,Colombia,South America
6395180975,Minca,destination,https://daytrip.com/en/transfers/minca-co,https://raw.githubusercontent.com/kubaivanov/pictures/main/pinterest/minca--colombia--pinterest-pin.png,"Minca, Colombia",Minca,Colombia,11.142812,-74.116677,"Surrounded by a UNESCO Biosphere Reserve, this little village is the place to go to immerse yourself in Colombian ecology.",active,Colombia,South America
6395180976,Villa de Leyva,destination,https://daytrip.com/en/transfers/villa-de-leyva-co,https://raw.githubusercontent.com/kubaivanov/pictures/main/pinterest/villa-de-leyva--colombia--pinterest-pin.png,Villa de Leyva,Villa de Leyva,Colombia,5.6338938153022848,-73.523624772460948,"Along with charming colonial architecture, this historic town offers an ancient archaeological site, prehistoric fossils, and a peculiar clay house.",active,Colombia,South America
6395180977,Jardin,destination,https://daytrip.com/en/transfers/jardin-co,https://raw.githubusercontent.com/kubaivanov/pictures/main/pinterest/jardin--colombia--pinterest-pin.png,"Jardin, colombia",Jardin,Colombia,5.596767,-75.819361,"Surrounded by lush greenery, this colorful town lives up to its name!",active,Colombia,South America
6395180978,Jerico,destination,https://daytrip.com/en/transfers/jerico-co,https://raw.githubusercontent.com/kubaivanov/pictures/main/pinterest/jerico--colombia--pinterest-pin.png,"Jerico, Colombia",Jerico,Colombia,5.7924129850744412,-75.785737952453587,"The charming streets of this Heritage Town are filled with churches, and shops selling local specialties not found anywhere else.",active,Colombia,South America
6395180979,San Jose,destination,https://daytrip.com/en/transfers/san-jose-cr,https://raw.githubusercontent.com/kubaivanov/pictures/main/pinterest/san-jose--costa-rica--pinterest-pin.png,"San Jose, Costa Rica",San Jose,Costa Rica,9.9280694,-84.0907246,"As the epicenter of the world's leading country for adventure and ecotourism, San Jose is where it all starts!",active,Costa Rica,North America
6395180980,Cartago,destination,https://daytrip.com/en/transfers/cartago-cr,https://raw.githubusercontent.com/kubaivanov/pictures/main/pinterest/cartago--costa-rica--pinterest-pin.png,"Cartago, costa rica",Cartago,Costa Rica,9.8638091,-83.916193499999991,Costa Rica's oldest city and former capital is a lovely blend of colonial splendor and laid-back living with a pinch of miraculous mystique.,active,Costa Rica,North America
6395180981,Arenal Volcano National Park,destination,https://daytrip.com/en/transfers/arenal-volcano-national-park-cr,https://raw.githubusercontent.com/kubaivanov/pictures/main/pinterest/arenal-volcano-national-park--costa-rica--pinterest-pin.png,Arenal Volcano National Park,Arenal Volcano National Park,Costa Rica,10.461444546922555,-84.73952869656982,This still active volcano offers a taste of Costa Rica's diversity - from lush rainforest to lunar landscapes.,active,Costa Rica,North America
6395180982,Jaco,destination,https://daytrip.com/en/transfers/jaco-cr,https://raw.githubusercontent.com/kubaivanov/pictures/main/pinterest/jaco--costa-rica--pinterest-pin.png,Jaco,Jaco,Costa Rica,9.6202396,-84.6217487,"For the best surfing in Costa Rica, ride the Pacific waves at this black sand beach town.",active,Costa Rica,North America
6395180983,Punta Arenas,destination,https://daytrip.com/en/transfers/punta-arenas-cr,https://raw.githubusercontent.com/kubaivanov/pictures/main/pinterest/punta-arenas--costa-rica--pinterest-pin.png,Puntarenas Puntarenas Province Costa Rica,Punta Arenas,Costa Rica,9.9778439,-84.82942109999999,"Once a major coffee exporter, Costa Rica's oldest port offers an authentic taste of Tico life.",active,Costa Rica,North America
6395180984,La Fortuna,destination,https://daytrip.com/en/transfers/la-fortuna-cr,https://raw.githubusercontent.com/kubaivanov/pictures/main/pinterest/la-fortuna--costa-rica--pinterest-pin.png,La Fortuna,La Fortuna,Costa Rica,10.4678335,-84.642680599999991,"The gateway to the Arenal Volcano National Park, La Fortuna is a humble town encircled by Costa Rica's lush jungles.",active,Costa Rica,North America
6395180985,Manuel Antonio National Park,destination,https://daytrip.com/en/transfers/manuel-antonio-cr,https://raw.githubusercontent.com/kubaivanov/pictures/main/pinterest/manuel-antonio-national-park--costa-rica--pinterest-pin.png,,Manuel Antonio National Park,Costa Rica,9.3894302475773284,-84.147150736523429,"Costa Rica's most popular national park has four pristine beaches, tropical forests, and abundant wildlife.",active,Costa Rica,North America
6395180986,Cienfuegos,destination,https://daytrip.com/en/transfers/cienfuegos-cu,https://raw.githubusercontent.com/kubaivanov/pictures/main/pinterest/cienfuegos--cuba--pinterest-pin.png,"Cienfuegos, cuba",Cienfuegos,Cuba,22.1599753,-80.4437781,This former French resort town is a UNESCO World Heritage Site filled with perfectly planned streets and elegant Neoclassical buildings.,active,Cuba,North America
6395180987,Santiago de Cuba,destination,https://daytrip.com/en/transfers/santiago-de-cuba-cu,https://raw.githubusercontent.com/kubaivanov/pictures/main/pinterest/santiago-de-cuba--cuba--pinterest-pin.png,"Santiago de Cuba, cuba",Santiago de Cuba,Cuba,20.01693,-75.8301537,"Watched over by a UNESCO-listed fortress, Cuba's former capital is fast and feisty, with a historic center that preserves its proud past.",active,Cuba,North America
6395180988,Gibara,destination,https://daytrip.com/en/transfers/gibara-cu,https://raw.githubusercontent.com/kubaivanov/pictures/main/pinterest/gibara--cuba--pinterest-pin.png,"Gibara, cuba",Gibara,Cuba,21.1127551,-76.133444900000015,Take in the charming architecture and beautiful views in Cuba's forgotten colonial port.,active,Cuba,North America
6395180989,Las Terrazas,destination,https://daytrip.com/en/transfers/las-terrazas-cu,https://raw.githubusercontent.com/kubaivanov/pictures/main/pinterest/las-terrazas--cuba--pinterest-pin.png,"Las Terrazas, cuba",Las Terrazas,Cuba,22.8442062,-82.944105999999991,Enjoy beautiful natural surroundings and a charming village in the heart of a UNESCO Biosphere.,active,Cuba,North America
6395180991,Trinidad,destination,https://daytrip.com/en/transfers/trinidad-cu,https://raw.githubusercontent.com/kubaivanov/pictures/main/pinterest/trinidad--cuba--pinterest-pin.png,"Trinidad, cuba",Trinidad,Cuba,21.7960343,-79.980814299999992,Cuba's best-preserved colonial city is a UNESCO World Heritage Site whose cobbled streets will bring you back in time.,active,Cuba,North America
6395180992,Bayamo,destination,https://daytrip.com/en/transfers/bayamo-cu,https://raw.githubusercontent.com/kubaivanov/pictures/main/pinterest/bayamo--cuba--pinterest-pin.png,"Bayamo, cuba",Bayamo,Cuba,20.3719163,-76.6297189,"Forget about retro cars, this sleepy colonial city mostly gets around on horsecarts.",active,Cuba,North America
6395180993,Camaguey,destination,https://daytrip.com/en/transfers/camaguey-cu,https://raw.githubusercontent.com/kubaivanov/pictures/main/pinterest/camaguey--cuba--pinterest-pin.png,"Camaguey, cuba",Camaguey,Cuba,21.3926035,-77.9053182,Wander the UNESCO-protected labyrinth of picturesque streets in Cuba's largest historic district.,active,Cuba,North America
6395180994,Sancti Spiritus,destination,https://daytrip.com/en/transfers/sancti-spiritus-cu,https://raw.githubusercontent.com/kubaivanov/pictures/main/pinterest/sancti-spiritus--cuba--pinterest-pin.png,"Sancti Spiritus, cuba",Sancti Spiritus,Cuba,21.9327554,-79.4366324,Get your dose of historic charm without the crowds in one of Cuba's oldest towns.,active,Cuba,North America
6395180995,Baracoa,destination,https://daytrip.com/en/transfers/baracoa-cu,https://raw.githubusercontent.com/kubaivanov/pictures/main/pinterest/baracoa--cuba--pinterest-pin.png,"Baracoa, cuba",Baracoa,Cuba,20.3474809,-74.5023819,Take in the natural beauty and historic atmosphere of Cuba's oldest and most isolated town.,active,Cuba,North America
6395180997,Jan Kok,destination,https://daytrip.com/en/transfers/jan-kok-curacao-cw,https://raw.githubusercontent.com/kubaivanov/pictures/main/pinterest/jan-kok--curacao--pinterest-pin.png,"Jan Kok, Curacao",Jan Kok,Curacao,12.2153457,-69.0478462,"Once a site of harsh labor for hundreds of enslaved individuals, this plantation house has undergone a remarkable transformation into an art haven.",active,Curacao,North America
6395180998,Sint Willibrordus,destination,https://daytrip.com/en/transfers/sint-willibrordus-cw,https://raw.githubusercontent.com/kubaivanov/pictures/main/pinterest/sint-willibrordus--curacao--pinterest-pin.png,Sint Willibrordus,Sint Willibrordus,Curacao,12.2165253,-69.0627484,This village transformed itself from obscurity to fame by erecting a playful monument that altered its identity forever.,active,Curacao,North America
6395180999,Barber,destination,https://daytrip.com/en/transfers/barber-curacao-cw,https://raw.githubusercontent.com/kubaivanov/pictures/main/pinterest/barber--curacao--pinterest-pin.png,"Barber, Curacao",Barber,Curacao,12.286676,-69.0761603,"Beyond the vibrant culinary offerings, Barber holds its own as a town with intriguing attractions and a rich cultural tapestry.",active,Curacao,North America
6395181000,Willemstad,destination,https://daytrip.com/en/transfers/william-town-cw,https://raw.githubusercontent.com/kubaivanov/pictures/main/pinterest/willemstad--curacao--pinterest-pin.png,Willemstad,Willemstad,Curacao,12.12265000041957,-68.952282219726541,"As the former capital of the Netherlands Antilles, this capital is a captivating blend of old-world charm and Caribbean flair.",active,Curacao,North America
6395181001,Pissouri,destination,https://daytrip.com/en/transfers/pissouri-cy,https://raw.githubusercontent.com/kubaivanov/pictures/main/pinterest/pissouri--cyprus--pinterest-pin.png,Pissouri,Pissouri,Cyprus,34.6767071,32.6992551,Bathe in the beauty of this authentic village turned resort town.,active,Cyprus,Europe
6395181002,Mount Olympus,destination,https://daytrip.com/en/transfers/mount-olympus-cy,https://raw.githubusercontent.com/kubaivanov/pictures/main/pinterest/mount-olympus--cyprus--pinterest-pin.png,Mount Olympus cyprus,Mount Olympus,Cyprus,34.9363752,32.8639595,Hike to the top of Cyprus for breathtaking views of the whole island.,active,Cyprus,Europe
6395181003,Kalopanagiotis,destination,https://daytrip.com/en/transfers/kalopanagiotis-cy,https://raw.githubusercontent.com/kubaivanov/pictures/main/pinterest/kalopanagiotis--cyprus--pinterest-pin.png,Kalopanagiotis,Kalopanagiotis,Cyprus,34.9916085,32.8282406,Admire a wealth of Byzantine churches in this charming village built around a UNESCO-listed monastery.,active,Cyprus,Europe
6395181004,Kourion,destination,https://daytrip.com/en/transfers/kourion-cy,https://raw.githubusercontent.com/kubaivanov/pictures/main/pinterest/kourion--cyprus--pinterest-pin.png,Kourion,Kourion,Cyprus,34.6643665,32.8831784,Admire ancient ruins and amazing views from this hilltop archaeological site.,active,Cyprus,Europe
6395181005,Paphos,destination,https://daytrip.com/en/transfers/paphos-cy,https://raw.githubusercontent.com/kubaivanov/pictures/main/pinterest/paphos--cyprus--pinterest-pin.png,Paphos,Paphos,Cyprus,34.775394899999988,32.4217786,"Fall in love with the sun, sea, and history of this UNESCO-listed city that still worships Aphrodite.",active,Cyprus,Europe
6395181006,Omodos,destination,https://daytrip.com/en/transfers/omodos-cy,https://raw.githubusercontent.com/kubaivanov/pictures/main/pinterest/omodos--cyprus--pinterest-pin.png,Omodos cyprus,Omodos,Cyprus,34.8489219,32.8077875,"Indulge in traditional food, wine, and handicrafts in this charming village that's said to house a piece of the True Cross.",active,Cyprus,Europe
6395181007,Limassol,destination,https://daytrip.com/en/transfers/limassol-cy,https://raw.githubusercontent.com/kubaivanov/pictures/main/pinterest/limassol--cyprus--pinterest-pin.png,Limassol,Limassol,Cyprus,34.6786322,33.0413055,Live large in the port city where Richard the Lion-Hear got married.,active,Cyprus,Europe
6395181008,Kakopetria,destination,https://daytrip.com/en/transfers/kakopetria-cy,https://raw.githubusercontent.com/kubaivanov/pictures/main/pinterest/kakopetria--cyprus--pinterest-pin.png,Kakopetria,Kakopetria,Cyprus,34.9899859,32.9036838,"From its charming streets to its UNESCO-listed church, this mountain village is unapologetically enchanting.",active,Cyprus,Europe
6395181009,Nicosia,destination,https://daytrip.com/en/transfers/nicosia-cy,https://raw.githubusercontent.com/kubaivanov/pictures/main/pinterest/nicosia--cyprus--pinterest-pin.png,Nicosia,Nicosia,Cyprus,35.1855659,33.382276399999988,"Home to Christian and Turkish Cypriots, this historic city's cultural influences dazzle in white limestone.",active,Cyprus,Europe
6395181010,Agros,destination,https://daytrip.com/en/transfers/agros-cy,https://raw.githubusercontent.com/kubaivanov/pictures/main/pinterest/agros--cyprus--pinterest-pin.png,Agros cyprus,Agros,Cyprus,34.9173092,33.0177292,Surround yourself in Cyprus' traditional customs in this picturesque mountain village.,active,Cyprus,Europe
6395181011,Vouni,destination,https://daytrip.com/en/transfers/vouni-cy,https://raw.githubusercontent.com/kubaivanov/pictures/main/pinterest/vouni--cyprus--pinterest-pin.png,Vouni cyprus,Vouni,Cyprus,34.8230959,32.833883600000007,"Stop to savor the authentic atmosphere, and historical, religious and cultural sites to in this authentic wine village.",active,Cyprus,Europe
6395181012,Phicardou,destination,https://daytrip.com/en/transfers/phicardou-cy,https://raw.githubusercontent.com/kubaivanov/pictures/main/pinterest/phicardou--cyprus--pinterest-pin.png,Phicardou,Phicardou,Cyprus,34.9591986,33.1712295,"Step back in time in this tiny, UNESCO-recognized traditional Cypriot village.",active,Cyprus,Europe
6395181013,Pano Lefkara,destination,https://daytrip.com/en/transfers/pano-lefkara-cy,https://raw.githubusercontent.com/kubaivanov/pictures/main/pinterest/pano-lefkara--cyprus--pinterest-pin.png,Pano Lefkara,Pano Lefkara,Cyprus,34.8673535,33.3053345,The lace made in this charming village is so exquisite that Da Vinci himself bought one!,active,Cyprus,Europe
6395181014,Prague,destination,https://daytrip.com/en/transfers/prague-cz,https://raw.githubusercontent.com/kubaivanov/pictures/main/pinterest/prague--czech-republic--pinterest-pin.png,,Prague,Czech Republic,50.0755381,14.4378005,"The Czech capital, with its UNESCO-listed Old Town and sprawling medieval castle, is renowned for its atmospheric architecture. And beer.",active,Czech Republic,Europe
6395181015,Ostrava,destination,https://daytrip.com/en/transfers/ostrava-cz,https://raw.githubusercontent.com/kubaivanov/pictures/main/pinterest/ostrava--czech-republic--pinterest-pin.png,,Ostrava,Czech Republic,49.819963,18.26692,"Shaped by coal, iron, and steel, Ostrava's identity is inextricably tied to its industrial heritage.",active,Czech Republic,Europe
6395181016,Konopiste,destination,https://daytrip.com/en/transfers/konopiste-cz,https://raw.githubusercontent.com/kubaivanov/pictures/main/pinterest/konopiste--czech-republic--pinterest-pin.png,"The Konopiste Castle, 256 01 Benešov, Czech Republic",Konopiste,Czech Republic,49.7795324,14.6565916,"There're no shortages of 'fairy-tale' castles in the Czech Republic, but this beauty has a more beastly backstory.",active,Czech Republic,Europe
6395181017,Mikulov,destination,https://daytrip.com/en/transfers/mikulov-cz,https://raw.githubusercontent.com/kubaivanov/pictures/main/pinterest/mikulov--czech-republic--pinterest-pin.png,"K Vápence, 692 01 Mikulov, Czech Republic",Mikulov,Czech Republic,48.8077361,16.6268705,"A town with a history as deep and flavourful as its wine, Mikulov provides a perfect combination of relaxation and exploration.",active,Czech Republic,Europe
6395181019,Bohemian Switzerland,destination,https://daytrip.com/en/transfers/bohemian-switzerland-cz,https://raw.githubusercontent.com/kubaivanov/pictures/main/pinterest/bohemian-switzerland--czech-republic--pinterest-pin.png,,Bohemian Switzerland,Czech Republic,50.885119,14.281184,"Artists of the Romantic era were inspired by the wild beauty of what is now 'Bohemian Switzerland,' a Czech national park.",active,Czech Republic,Europe
6395181022,Tabor,destination,https://daytrip.com/en/transfers/tabor-cz,https://raw.githubusercontent.com/kubaivanov/pictures/main/pinterest/tabor--czech-republic--pinterest-pin.png,,Tabor,Czech Republic,49.4129888,14.6774664,"If you could choose a town to find yourself lost in, then Tabor with its maze of charming alleyways would be high on any list.",active,Czech Republic,Europe
6395181023,Marianske Lazne,destination,https://daytrip.com/en/transfers/marianske-lazne-cz,https://raw.githubusercontent.com/kubaivanov/pictures/main/pinterest/marianske-lazne--czech-republic--pinterest-pin.png,,Marianske Lazne,Czech Republic,49.963451,12.704588,"Set amid the beautiful greenery of the hilly Karlovy Vary region, Mariánské Lázně, or Marienbad as it was formerly known, is an utterly charming, elegant, and revitalizing spot.",active,Czech Republic,Europe
6395181024,Hluboka nad Vltavou,destination,https://daytrip.com/en/transfers/hluboka-cz,https://raw.githubusercontent.com/kubaivanov/pictures/main/pinterest/hluboka-nad-vltavou--czech-republic--pinterest-pin.png,,Hluboka nad Vltavou,Czech Republic,49.051954,14.441551,"Google ""Most Beautiful Castle in the Czech Republic"" and this thirteenth-century gem that lies close to the town of České Budějovice is certain to appear",active,Czech Republic,Europe
6395181025,Karlovy Vary,destination,https://daytrip.com/en/transfers/karlovy-vary-cz,https://raw.githubusercontent.com/kubaivanov/pictures/main/pinterest/karlovy-vary--czech-republic--pinterest-pin.png,,Karlovy Vary,Czech Republic,50.2318521,12.8719616,The ultimate in spa style with eye-catching colonnades set in a forested valley makes Karlovy Vary the second most popular tourist attraction in the Czech Republic.,active,Czech Republic,Europe
6395181026,Telc,destination,https://daytrip.com/en/transfers/telc-cz,https://raw.githubusercontent.com/kubaivanov/pictures/main/pinterest/telc--czech-republic--pinterest-pin.png,"Telč, Czech Republic",Telc,Czech Republic,49.1832383,15.4542731,Centuries of one-upmanship has blessed this UNESCO-listed town with some of the most beautiful Renaissance and Baroque architecture in the country.,active,Czech Republic,Europe
6395181027,Brno,destination,https://daytrip.com/en/transfers/brno-cz,https://raw.githubusercontent.com/kubaivanov/pictures/main/pinterest/brno--czech-republic--pinterest-pin.png,,Brno,Czech Republic,49.1950602,16.6068371,"The Czech Republic's second city has come a long way since it first sprang up in the eleventh-century and today is a colorful, thriving and vibrant twenty-first century metropolis",active,Czech Republic,Europe
6395181029,Ceske Budejovice,destination,https://daytrip.com/en/transfers/ceske-budejovice-cz,https://raw.githubusercontent.com/kubaivanov/pictures/main/pinterest/ceske-budejovice--czech-republic--pinterest-pin.png,"Ceske Budejovice, Czech Republic",Ceske Budejovice,Czech Republic,48.9756578,14.480255,"Home of the original Budweiser, this medieval city was once the official brewery for the Holy Roman Emperor.",active,Czech Republic,Europe
6395181030,Slavonice,destination,https://daytrip.com/en/transfers/slavonice-cz,https://raw.githubusercontent.com/kubaivanov/pictures/main/pinterest/slavonice--czech-republic--pinterest-pin.png,"378 81 Slavonice, Czech Republic",Slavonice,Czech Republic,48.9975355,15.3515386,"Filled with some of the oldest and finest Renaissance buildings in the Czech Republic, this little border-town is a historic delight.",active,Czech Republic,Europe
6395181032,Znojmo,destination,https://daytrip.com/en/transfers/znojmo-cz,https://raw.githubusercontent.com/kubaivanov/pictures/main/pinterest/znojmo--czech-republic--pinterest-pin.png,"Znojmo, Czech Republic",Znojmo,Czech Republic,48.8559107,16.0542676,The historic and charming town of Znojmo sits majestically on a rocky outcrop overlooking the River Dyje in the heart of the Czech wine region.,active,Czech Republic,Europe
6395181033,Cesky Krumlov,destination,https://daytrip.com/en/transfers/cesky-krumlov-cz,https://raw.githubusercontent.com/kubaivanov/pictures/main/pinterest/cesky-krumlov--czech-republic--pinterest-pin.png,,Cesky Krumlov,Czech Republic,48.8127354,14.3174657,"Hugging a horseshoe bend on the Vltava river, this historic village is one of the prettiest in Central Europe.",active,Czech Republic,Europe
6395181034,Trebon Lake Area,destination,https://daytrip.com/en/transfers/trebon-lake-area-cz,https://raw.githubusercontent.com/kubaivanov/pictures/main/pinterest/trebon-lake-area--czech-republic--pinterest-pin.png,,Trebon Lake Area,Czech Republic,49.0035147,14.7641319,"All three ingredients come readily available in the South Bohemian town of Třeboň, a town that prides itself as ""less touristy"" than some of its more illustrious neighbors.",active,Czech Republic,Europe
6395181035,Kutna Hora,destination,https://daytrip.com/en/transfers/kutna-hora-cz,https://raw.githubusercontent.com/kubaivanov/pictures/main/pinterest/kutna-hora--czech-republic--pinterest-pin.png,,Kutna Hora,Czech Republic,49.9524314,15.2686536,Marvel at some of the most beautiful and unique architecture in the Czech Republic at this UNESCO World Heritage Site.,active,Czech Republic,Europe
6395181036,Trebic,destination,https://daytrip.com/en/transfers/trebic-cz,https://raw.githubusercontent.com/kubaivanov/pictures/main/pinterest/trebic--czech-republic--pinterest-pin.png,,Trebic,Czech Republic,49.2147869,15.8795516,The two UNESCO World Heritage Sites in this quiet town are a beautiful testament to the co-existence of Jewish and Christian cultures.,active,Czech Republic,Europe
6395181038,Rothenburg ob der Tauber,destination,https://daytrip.com/en/transfers/rothenburg-de,https://raw.githubusercontent.com/kubaivanov/pictures/main/pinterest/rothenburg-ob-der-tauber--germany--pinterest-pin.png,,Rothenburg ob der Tauber,Germany,49.380848,10.184482,"Surrounded by fortified walls and filled with colorful half-timbered houses, this charming market town looks much like it did in the 15th century.",active,Germany,Europe
6395181040,Wismar,destination,https://daytrip.com/en/transfers/wismar-de,https://raw.githubusercontent.com/kubaivanov/pictures/main/pinterest/wismar--germany--pinterest-pin.png,"Wismar, Germany",Wismar,Germany,53.8979416,11.4516022,"This Hanseatic city in northern Germany, named a UNESCO world heritage site in 2002, was once a major administrative center within the Kingdom of Sweden.",active,Germany,Europe
6395181043,Weimar,destination,https://daytrip.com/en/transfers/weimar-de,https://raw.githubusercontent.com/kubaivanov/pictures/main/pinterest/weimar--germany--pinterest-pin.png,,Weimar,Germany,50.982069,11.329098,"The one-time Republic capital, this sleepy city's classical buildings make up a UNESCO World Heritage Site.",active,Germany,Europe
6395181044,Rosenheim,destination,https://daytrip.com/en/transfers/rosenheim-de,https://raw.githubusercontent.com/kubaivanov/pictures/main/pinterest/rosenheim--germany--pinterest-pin.png,,Rosenheim,Germany,47.85735,12.124115,"Although actually a city in Bavaria, Rosenheim more closely resembles a picture book town with its distinctive alpine charm and sweeping panoramic mountain views.",active,Germany,Europe
6395181045,Bayreuth,destination,https://daytrip.com/en/transfers/bayreuth-de,https://raw.githubusercontent.com/kubaivanov/pictures/main/pinterest/bayreuth--germany--pinterest-pin.png,,Bayreuth,Germany,49.945928,11.572066,Visitors expecting a city that solely caters for Wagner devotees are in for a pleasant surprise in this Bavarian municipality engulfed in cultural richness.,active,Germany,Europe
6395181046,Sankt Goar,destination,https://daytrip.com/en/transfers/sankt-goar-de,https://raw.githubusercontent.com/kubaivanov/pictures/main/pinterest/sankt-goar--germany--pinterest-pin.png,"Sankt Goar, Germany",Sankt Goar,Germany,50.1481961,7.7060771,"The town of Sankt Goar sits in the middle of the Rhine Gorge, a UNESCO World Heritage site, and is home to Rheinfels Castle ruins.",active,Germany,Europe
6395181048,Bremen,destination,https://daytrip.com/en/transfers/bremen-de,https://raw.githubusercontent.com/kubaivanov/pictures/main/pinterest/bremen--germany--pinterest-pin.png,,Bremen,Germany,53.079235,8.788471,The vibrant city is home to one of Europe's most picturesque market squares dominated by a its beautiful Cathedral and UNESCO-listed Town Hall.,active,Germany,Europe
6395181050,Hamburg,destination,https://daytrip.com/en/transfers/hamburg-de,https://raw.githubusercontent.com/kubaivanov/pictures/main/pinterest/hamburg--germany--pinterest-pin.png,,Hamburg,Germany,53.551434,9.98138,"With its UNESCO-listed warehouse complex, and more canals than Venice, the vibrant city of Hamburg's heritage is inextricably linked with its port.",active,Germany,Europe
6395181051,Augsburg,destination,https://daytrip.com/en/transfers/augsburg-de,https://raw.githubusercontent.com/kubaivanov/pictures/main/pinterest/augsburg--germany--pinterest-pin.png,,Augsburg,Germany,48.373225,10.908132,"This historic city boasts a UNESCO-listed water management system, the world's first social housing project, and a wealth of Rococo monuments.",active,Germany,Europe
6395181052,Rheinsberg,destination,https://daytrip.com/en/transfers/rheinsberg-de,https://raw.githubusercontent.com/kubaivanov/pictures/main/pinterest/rheinsberg--germany--pinterest-pin.png,"Rheinsberg, Germany",Rheinsberg,Germany,53.0983691,12.8974874,King Frederick the Great spent the best years of his life in the regal lakeside palace.,active,Germany,Europe
6395181053,Baden-Baden,destination,https://daytrip.com/en/transfers/baden-baden-de,https://raw.githubusercontent.com/kubaivanov/pictures/main/pinterest/baden-baden--germany--pinterest-pin.png,,Baden-Baden,Germany,48.767175,8.220588,"Nestled on the edge of the Black Forest, Baden-Baden is well-renowned for its salt rich thermal hot springs and peaceful atmosphere.",active,Germany,Europe
6395181054,Flensburg,destination,https://daytrip.com/en/transfers/flensburg-de,https://raw.githubusercontent.com/kubaivanov/pictures/main/pinterest/flensburg--germany--pinterest-pin.png,"Flensburg, Germany",Flensburg,Germany,54.7937431,9.4469964,Many of this medieval port town's most beautiful monument are thanks to the fortune it made trading rum.,active,Germany,Europe
6395181055,Memmingen,destination,https://daytrip.com/en/transfers/memmingen-de,https://raw.githubusercontent.com/kubaivanov/pictures/main/pinterest/memmingen--germany--pinterest-pin.png,"87700 Memmingen, Germany",Memmingen,Germany,47.9837999,10.1801883,"Dating back to the Roman Empire, this historic and cozy town remains one of the best-preserved areas in southern Germany.",active,Germany,Europe
6395181058,Trier,destination,https://daytrip.com/en/transfers/trier-de,https://raw.githubusercontent.com/kubaivanov/pictures/main/pinterest/trier--germany--pinterest-pin.png,,Trier,Germany,49.749606,6.63813,The Romans liked their wine so it's little surprise that they liberated Trier from its Celtic founders in the late 1st Century BC,active,Germany,Europe
6395181061,Schonau am Konigssee,destination,https://daytrip.com/en/transfers/schonau-am-konigssee-de,https://raw.githubusercontent.com/kubaivanov/pictures/main/pinterest/schonau-am-konigssee--germany--pinterest-pin.png,"Seestraße 3, 83471 Schönau am Königssee, Germany",Schonau am Konigssee,Germany,47.5913596,12.9884524,"Nestled among the soaring alps, this charming lakeside village has been called ""the most beautiful place in Germany"".",active,Germany,Europe
6395181062,Amberg,destination,https://daytrip.com/en/transfers/amberg-de,https://raw.githubusercontent.com/kubaivanov/pictures/main/pinterest/amberg--germany--pinterest-pin.png,,Amberg,Germany,49.4403198,11.8633445,"Amberg in Bavaria, Germany boasts the world's smallest hotel standing at just 8.2 feet — one of a multitude of impressive tourist attractions in the town.",active,Germany,Europe
6395181063,Straubing,destination,https://daytrip.com/en/transfers/straubing-de,https://raw.githubusercontent.com/kubaivanov/pictures/main/pinterest/straubing--germany--pinterest-pin.png,,Straubing,Germany,48.87747,12.582923,"With the old town dating from early medieval times and the new town from 1218, Straubing is a high spot of German Bavaria.",active,Germany,Europe
6395181066,Heidelberg,destination,https://daytrip.com/en/transfers/heidelberg-de,https://raw.githubusercontent.com/kubaivanov/pictures/main/pinterest/heidelberg--germany--pinterest-pin.png,,Heidelberg,Germany,49.398691,8.668508,"The university city of Heidelberg with its dazzling setting on the Neckar River, historical flair, and modern day dynamism attracts close to 12 million visitors a year.",active,Germany,Europe
6395181067,Halle,destination,https://daytrip.com/en/transfers/halle-de,https://raw.githubusercontent.com/kubaivanov/pictures/main/pinterest/halle--germany--pinterest-pin.png,"Halle (Saale), Germany",Halle,Germany,51.4969802,11.9688029,This picturesque medieval city with its iconic towered-landmarks was the birthplace of the composer Handel.,active,Germany,Europe
6395181068,Burghausen,destination,https://daytrip.com/en/transfers/burghausen-de,https://raw.githubusercontent.com/kubaivanov/pictures/main/pinterest/burghausen--germany--pinterest-pin.png,,Burghausen,Germany,48.1725613,12.8310753,"Many castles claim to be the biggest, oldest and the highest, but only one can claim to be the longest in Europe",active,Germany,Europe
6395181069,Zugspitze,destination,https://daytrip.com/en/transfers/zugspitze-de,https://raw.githubusercontent.com/kubaivanov/pictures/main/pinterest/zugspitze--germany--pinterest-pin.png,"Am Eibsee 6, 82491 Grainau, Germany",Zugspitze,Germany,47.456196200000008,10.9918949,"Look down over Germany from the top of the Zugspitze, Germany's highest and most famous mountain peak that stands 9,718 feet above sea level.",active,Germany,Europe
6395181070,Nuremberg,destination,https://daytrip.com/en/transfers/nuremberg-de,https://raw.githubusercontent.com/kubaivanov/pictures/main/pinterest/nuremberg--germany--pinterest-pin.png,,Nuremberg,Germany,49.448371,11.080524,Bavaria's second largest city and former unofficial capital of the Holy Roman Empire still exudes medieval charm despite being best known for its war tribunal.,active,Germany,Europe
6395181071,Erfurt,destination,https://daytrip.com/en/transfers/erfurt-de,https://raw.githubusercontent.com/kubaivanov/pictures/main/pinterest/erfurt--germany--pinterest-pin.png,,Erfurt,Germany,50.98426,11.033188,The former medieval trading town of Erfurt fell into decay during the Cold War but since the fall of communism has been restored to its previous elegance.,active,Germany,Europe
6395181072,Munich,destination,https://daytrip.com/en/transfers/munich-de,https://raw.githubusercontent.com/kubaivanov/pictures/main/pinterest/munich--germany--pinterest-pin.png,,Munich,Germany,48.133491,11.590588,"A treasure trove of the German Renaissance, the Bavarian Capital is an understated wonder to be admired all year round.",active,Germany,Europe
6395181073,Speyer,destination,https://daytrip.com/en/transfers/speyer-de,https://raw.githubusercontent.com/kubaivanov/pictures/main/pinterest/speyer--germany--pinterest-pin.png,"Speyer, Germany",Speyer,Germany,49.3172765,8.4412172,"This riverside city likes em big, from its UNESCO-listed 11th century Cathedral to the vast Technic Museum.",active,Germany,Europe
6395181074,Wernigerode,destination,https://daytrip.com/en/transfers/wernigerode-de,https://raw.githubusercontent.com/kubaivanov/pictures/main/pinterest/wernigerode--germany--pinterest-pin.png,"Wernigerode, Germany",Wernigerode,Germany,51.8368113,10.7844266,"This quaint town is part of Germany's timber-framed road, which unites over 100 cities in preserving traditional half-timbered houses.",active,Germany,Europe
6395181075,Gorlitz,destination,https://daytrip.com/en/transfers/gorlitz-de,https://raw.githubusercontent.com/kubaivanov/pictures/main/pinterest/gorlitz--germany--pinterest-pin.png,,Gorlitz,Germany,51.152778,14.987222,"The most easterly town in Germany and for many, the most beautiful, Gorlitz survived World War II with barely a scratch and a fully intact architectural center.",active,Germany,Europe
6395181076,Koblenz,destination,https://daytrip.com/en/transfers/koblenz-de,https://raw.githubusercontent.com/kubaivanov/pictures/main/pinterest/koblenz--germany--pinterest-pin.png,,Koblenz,Germany,50.356699,7.588555,Koblenz offers 2000 years of history right on the Rhine.,active,Germany,Europe
6395181077,Wurzburg,destination,https://daytrip.com/en/transfers/wurzburg-de,https://raw.githubusercontent.com/kubaivanov/pictures/main/pinterest/wurzburg--germany--pinterest-pin.png,,Wurzburg,Germany,49.791262,9.956762,"Known as the capital of Germany's biggest wine producing region, Wurzburg is home to the Residential Palace, a UNESCO World Heritage site.",active,Germany,Europe
6395181080,Nordlingen,destination,https://daytrip.com/en/transfers/nordlingen-de,https://raw.githubusercontent.com/kubaivanov/pictures/main/pinterest/nordlingen--germany--pinterest-pin.png,"Nördlingen, Germany",Nordlingen,Germany,48.8508157,10.4894906,"Built inside a giant meteor crater, many of this medieval town's buildings are studded with microscopic diamonds.",active,Germany,Europe
6395181081,Berlin,destination,https://daytrip.com/en/transfers/berlin-de,https://raw.githubusercontent.com/kubaivanov/pictures/main/pinterest/berlin--germany--pinterest-pin.png,,Berlin,Germany,52.519451,13.398357,"With a storied and tumultuous history, the German Capital has stood the test of time to become a global economic and cultural powerhouse.",active,Germany,Europe
6395181083,Passau,destination,https://daytrip.com/en/transfers/passau-de,https://raw.githubusercontent.com/kubaivanov/pictures/main/pinterest/passau--germany--pinterest-pin.png,,Passau,Germany,48.5667364,13.4319466,"This delightful riverside city offers a beautiful Baroque Old Town, the world's largest organ, and stupendous views from one of Europe's largest castle complexes.",active,Germany,Europe
6395181084,Tubingen,destination,https://daytrip.com/en/transfers/tubingen-de,https://raw.githubusercontent.com/kubaivanov/pictures/main/pinterest/tubingen--germany--pinterest-pin.png,"Tübingen, Germany",Tubingen,Germany,48.5216364,9.0576448,This bustling university town is bursting with vibrant colors and medieval landmarks.,active,Germany,Europe
6395181085,Regensburg,destination,https://daytrip.com/en/transfers/regensburg-de,https://raw.githubusercontent.com/kubaivanov/pictures/main/pinterest/regensburg--germany--pinterest-pin.png,,Regensburg,Germany,49.0134297,12.1016236,"The UNESCO-listed Old Town of this sleepy riverside city is the largest north of the Alps, and home to the world's longest continuously operating eatery.",active,Germany,Europe
6395181086,Meissen,destination,https://daytrip.com/en/transfers/meissen-de,https://raw.githubusercontent.com/kubaivanov/pictures/main/pinterest/meissen--germany--pinterest-pin.png,,Meissen,Germany,51.161518,13.49545,"Dominated by a massive castle and church, this riverside town is also renowned for its delicate porcelain.",active,Germany,Europe
6395181087,Bautzen,destination,https://daytrip.com/en/transfers/bautzen-de,https://raw.githubusercontent.com/kubaivanov/pictures/main/pinterest/bautzen--germany--pinterest-pin.png,"Bautzen, Germany",Bautzen,Germany,51.182292999999987,14.4237749,"This picturesque town has been inhabited since the Stone Age, and is the historical capital and cultural center of the Sorbs, a Slavic minority.",active,Germany,Europe
6395181088,Altensteig,destination,https://daytrip.com/en/transfers/altensteig-de,https://raw.githubusercontent.com/kubaivanov/pictures/main/pinterest/altensteig--germany--pinterest-pin.png,"72213 Altensteig, Germany",Altensteig,Germany,48.5883792,8.6060632999999989,"Altensteig is most notable for its picturesque landscape, where its pure German features meets fairytales.",active,Germany,Europe
6395181089,Dinkelsbuhl,destination,https://daytrip.com/en/transfers/dinkelsbuhl-de,https://raw.githubusercontent.com/kubaivanov/pictures/main/pinterest/dinkelsbuhl--germany--pinterest-pin.png,"91550 Dinkelsbühl, Germany",Dinkelsbuhl,Germany,49.0670187,10.3259395,"Having miraculously escaped the Swedish and World War II, this color-filled town is perhaps the most authentically medieval in the region.",active,Germany,Europe
6395181091,Altotting,destination,https://daytrip.com/en/transfers/altotting-de,https://raw.githubusercontent.com/kubaivanov/pictures/main/pinterest/altotting--germany--pinterest-pin.png,"Altötting, Germany",Altotting,Germany,48.2246432,12.6767839,"This picturesque town has been the region's spiritual center for centuries, and is quite literally where the Bavarian kings left their hearts.",active,Germany,Europe
6395181092,Mainz,destination,https://daytrip.com/en/transfers/mainz-de,https://raw.githubusercontent.com/kubaivanov/pictures/main/pinterest/mainz--germany--pinterest-pin.png,,Mainz,Germany,49.992433,8.249054,"The city of Mainz is a unique combination of wine, history, and culture and in 2008 became one of the select international ""Great Wine Capitals"".",active,Germany,Europe
6395181093,Potsdam,destination,https://daytrip.com/en/transfers/potsdam-de,https://raw.githubusercontent.com/kubaivanov/pictures/main/pinterest/potsdam--germany--pinterest-pin.png,,Potsdam,Germany,52.39014,13.068954,Potsdam was the pre-World War I residence of Prussian Kings and German Kaisers and is home to Germany's largest UNESCO World Heritage Site.,active,Germany,Europe
6395181094,Fussen,destination,https://daytrip.com/en/transfers/fussen-de,https://raw.githubusercontent.com/kubaivanov/pictures/main/pinterest/fussen--germany--pinterest-pin.png,,Fussen,Germany,47.557574,10.7498004,Neuschwanstein Castle in Bavaria is everyone's fantasy castle. It's the fairytale image that springs to mind at the mention of the word 'castle'.,active,Germany,Europe
6395181097,Freiburg im Breisgau,destination,https://daytrip.com/en/transfers/freiburg-im-breisgau-de,https://raw.githubusercontent.com/kubaivanov/pictures/main/pinterest/freiburg-im-breisgau--germany--pinterest-pin.png,,Freiburg im Breisgau,Germany,48.001211,7.839335,"Sat on the edge of the Black Forest, the picturesque and vibrant city of Freiburg im Breisgau is a hub for medieval history buffs.",active,Germany,Europe
6395181098,Luneburg,destination,https://daytrip.com/en/transfers/luneburg-de,https://raw.githubusercontent.com/kubaivanov/pictures/main/pinterest/luneburg--germany--pinterest-pin.png,"Lüneburg, Germany",Luneburg,Germany,53.2464214,10.4115179,"For centuries the Hanseatic town of Luneburg, seated upon the River Ilmenau, served as a medieval center of salt production and trade in Europe.",active,Germany,Europe
6395181100,Magdeburg,destination,https://daytrip.com/en/transfers/magdeburg-de,https://raw.githubusercontent.com/kubaivanov/pictures/main/pinterest/magdeburg--germany--pinterest-pin.png,"Magdeburg, Germany",Magdeburg,Germany,52.1205333,11.6276237,"There's a lot to love in this medieval city enamoured with Otto the Great and Otto von Guericke, including the country's first Gothic cathedral.",active,Germany,Europe
6395181101,Bastei,destination,https://daytrip.com/en/transfers/bastei-de,https://raw.githubusercontent.com/kubaivanov/pictures/main/pinterest/bastei--germany--pinterest-pin.png,"Amselgrund 9, 01824 Rathen, Germany",Bastei,Germany,50.9622479,14.0800927,The Bastei is a one million-year-old rock formation regarded by many as the highlight of the Saxon Switzerland National Park in Germany.,active,Germany,Europe
6395181102,Berchtesgaden,destination,https://daytrip.com/en/transfers/berchtesgaden-de,https://raw.githubusercontent.com/kubaivanov/pictures/main/pinterest/berchtesgaden--germany--pinterest-pin.png,"83471 Berchtesgaden, Germany",Berchtesgaden,Germany,47.632232966446281,13.001104168261691,This idyllic alpine village is a treasured escape for rulers and nature lovers.,active,Germany,Europe
6395181103,Aachen,destination,https://daytrip.com/en/transfers/aachen-de,https://raw.githubusercontent.com/kubaivanov/pictures/main/pinterest/aachen--germany--pinterest-pin.png,,Aachen,Germany,50.774229,6.085538,"The German spa and border town of Aachen is famous for its cathedral, which was the first ever site in Germany granted World Heritage UNESCO status.",active,Germany,Europe
6395181105,Quedlinburg,destination,https://daytrip.com/en/transfers/quedlinburg-de,https://raw.githubusercontent.com/kubaivanov/pictures/main/pinterest/quedlinburg--germany--pinterest-pin.png,"06484 Quedlinburg, Germany",Quedlinburg,Germany,51.7920562,11.141448,"And not just the medieval town but the renaissance too, with a selection of half-timbered houses built over five centuries. Quedlinburg's importance was recognized by UNESCO in 1994.",active,Germany,Europe
6395181107,Dresden,destination,https://daytrip.com/en/transfers/dresden-de,https://raw.githubusercontent.com/kubaivanov/pictures/main/pinterest/dresden--germany--pinterest-pin.png,"Dresden, Germany",Dresden,Germany,51.0504088,13.7372621,"Not many skylines catch the eye like Dresden's, so it's difficult to believe that the city was reduced to rubble by Allied bombings in 1945",active,Germany,Europe
6395181108,Bacharach,destination,https://daytrip.com/en/transfers/bacharach-de,https://raw.githubusercontent.com/kubaivanov/pictures/main/pinterest/bacharach--germany--pinterest-pin.png,,Bacharach,Germany,50.056961,7.769453,"A perfectly located staging post for exploring the surrounding Rhine Valley area, Bacharach has a quiet magnetism which is difficult to overcome.",active,Germany,Europe
6395181109,Kiel,destination,https://daytrip.com/en/transfers/kiel-de,https://raw.githubusercontent.com/kubaivanov/pictures/main/pinterest/kiel--germany--pinterest-pin.png,"Kiel, Germany",Kiel,Germany,54.3232927,10.1227651,"Kiel is an integral part of the world's maritime culture, hosting the largest regatta and 2 separate Olympics.",active,Germany,Europe
6395181110,Ansbach,destination,https://daytrip.com/en/transfers/ansbach-de,https://raw.githubusercontent.com/kubaivanov/pictures/main/pinterest/ansbach--germany--pinterest-pin.png,"91522 Ansbach, Germany",Ansbach,Germany,49.3004246,10.5719357,"Once a medieval peasant town, Ansbach is now filled with beautiful historic monuments, and a few incredible stories.",active,Germany,Europe
6395181115,Herrenchiemsee,destination,https://daytrip.com/en/transfers/herrenchiemsee-de,https://raw.githubusercontent.com/kubaivanov/pictures/main/pinterest/herrenchiemsee--germany--pinterest-pin.png,"Seestraße 108, 83209 Prien am Chiemsee, Germany",Herrenchiemsee,Germany,47.8609625,12.3659524,A short ferry ride is all it takes to be transported to a world of luxury at Ludwig II's Versailles-inspired island palace.,active,Germany,Europe
6395181116,Stuttgart,destination,https://daytrip.com/en/transfers/stuttgart-de,https://raw.githubusercontent.com/kubaivanov/pictures/main/pinterest/stuttgart--germany--pinterest-pin.png,,Stuttgart,Germany,48.774571,9.193695,"Stuttgart has more than enough sights and attractions to satisfy the most demanding culture junkies, history buffs, nature lovers, and car enthusiasts.",active,Germany,Europe
6395181117,Vejle,destination,https://daytrip.com/en/transfers/vejle-dk,https://raw.githubusercontent.com/kubaivanov/pictures/main/pinterest/vejle--denmark--pinterest-pin.png,Vejle,Vejle,Denmark,55.7113112,9.536354,"Considered the best place to shop in the country, this picturesque city is filled with beautiful art and architecture from around the world.",active,Denmark,Europe
6395181118,Copenhagen,destination,https://daytrip.com/en/transfers/copenhagen-dk,https://raw.githubusercontent.com/kubaivanov/pictures/main/pinterest/copenhagen--denmark--pinterest-pin.png,"Copenhagen, Denmark",Copenhagen,Denmark,55.6760968,12.5683372,"From architecture to food to chairs, the wealth of culture probably has a large part in making Denmark's bicycle-crazy capital so happy.",active,Denmark,Europe
6395181119,Viborg,destination,https://daytrip.com/en/transfers/viborg-dk,https://raw.githubusercontent.com/kubaivanov/pictures/main/pinterest/viborg--denmark--pinterest-pin.png,Viborg,Viborg,Denmark,56.452026999999987,9.3963471,"This ancient city is dominated by its Romanesque cathedral, which ended up with a modern twist after being destroyed on multiple occasions.",active,Denmark,Europe
6395181120,Roskilde,destination,https://daytrip.com/en/transfers/roskilde-dk,https://raw.githubusercontent.com/kubaivanov/pictures/main/pinterest/roskilde--denmark--pinterest-pin.png,"Domkirkepladsen 3, 4000 Roskilde, Denmark",Roskilde,Denmark,55.642637699999987,12.0804491,"This viking city's UNESCO-listed cathedral has been the burial place of the Danish monarchy for centuries, but it's best known for its massive music festival.",active,Denmark,Europe
6395181121,Odense,destination,https://daytrip.com/en/transfers/odense-dk,https://raw.githubusercontent.com/kubaivanov/pictures/main/pinterest/odense--denmark--pinterest-pin.png,"Odense, Denmark",Odense,Denmark,55.403755999999987,10.40237,The birthplace of Hans Christian Andersen is an enchanting mix of history and culture.,active,Denmark,Europe
6395181122,Ribe,destination,https://daytrip.com/en/transfers/ribe-dk,https://raw.githubusercontent.com/kubaivanov/pictures/main/pinterest/ribe--denmark--pinterest-pin.png,Ribe,Ribe,Denmark,55.326936,8.774665,"Bursting with historic charm, this town is the perfect find for an afternoon of strolling and taking in the local history and culture.",active,Denmark,Europe
6395181123,Santiago de los Caballeros,destination,https://daytrip.com/en/transfers/santiago-de-los-caballeros-do,https://raw.githubusercontent.com/kubaivanov/pictures/main/pinterest/santiago-de-los-caballeros--dominican-republic--pinterest-pin.png,"Santiago de los Caballeros, dominican",Santiago de los Caballeros,Dominican Republic,19.4791963,-70.6930568,The Dominican Republic's first capital is a thriving cosmopolitan center that still honors its past.,active,Dominican Republic,North America
6395181124,Higuey,destination,https://daytrip.com/en/transfers/higuey-do,https://raw.githubusercontent.com/kubaivanov/pictures/main/pinterest/higuey--dominican-republic--pinterest-pin.png,"Higuey, dominican",Higuey,Dominican Republic,18.6127833,-68.71544999999999,The heart of this bustling city is one of the world's most unique Brutalist churches.,active,Dominican Republic,North America
6395181125,Jarabacoa,destination,https://daytrip.com/en/transfers/jarabacoa-do,https://raw.githubusercontent.com/kubaivanov/pictures/main/pinterest/jarabacoa--dominican-republic--pinterest-pin.png,"Jarabacoa, dominican",Jarabacoa,Dominican Republic,19.1236754,-70.6422003,The rivers and waterfalls at this mountain retreat are a great way to beat the Caribbean heat.,active,Dominican Republic,North America
6395181126,Constanza,destination,https://daytrip.com/en/transfers/constanza-do,https://raw.githubusercontent.com/kubaivanov/pictures/main/pinterest/constanza--dominican-republic--pinterest-pin.png,"Constanza, dominical",Constanza,Dominican Republic,18.9114821,-70.7376623,The highest settlement in the Caribbean boasts temperate weather and some of the Dominican Republic's most stunning surroundings.,active,Dominican Republic,North America
6395181127,La Vega,destination,https://daytrip.com/en/transfers/la-vega-do,https://raw.githubusercontent.com/kubaivanov/pictures/main/pinterest/la-vega--dominican-republic--pinterest-pin.png,"La Vega, dominican",La Vega,Dominican Republic,19.2188547,-70.523894800000008,"From one the most important European settlements in the Western hemisphere, this agricultural center has evolved into the carnival capital of the Dominican Republic.",active,Dominican Republic,North America
6395181128,Puerto Plata,destination,https://daytrip.com/en/transfers/puerto-plata-do,https://raw.githubusercontent.com/kubaivanov/pictures/main/pinterest/puerto-plata--dominican-republic--pinterest-pin.png,"Puerto Plata, dominican",Puerto Plata,Dominican Republic,19.7807686,-70.6871091,Enjoy natural beauty and rich history at one of the oldest European settlements in the Americas.,active,Dominican Republic,North America
6395181129,Damajagua,destination,https://daytrip.com/en/transfers/damajagua-do,https://raw.githubusercontent.com/kubaivanov/pictures/main/pinterest/damajagua--dominican-republic--pinterest-pin.png,"Damajagua, dominican",Damajagua,Dominican Republic,19.7300144,-70.820914399999992,"Climb, slosh, slide, and splash your way through a series of waterfalls at the Dominican Republic's premier eco-adventure.",active,Dominican Republic,North America
6395181130,Biskra,destination,https://daytrip.com/en/transfers/biskra-dz,https://raw.githubusercontent.com/kubaivanov/pictures/main/pinterest/biskra--algeria--pinterest-pin.png,Biskra,Biskra,Algeria,34.8370347,5.7510474999999994,Immerse yourself in this desert city's edge-of-civilization atmosphere that has inspired some of the 10th centuries greatest artists and intellectuals.,active,Algeria,Africa
6395181131,Annaba,destination,https://daytrip.com/en/transfers/annaba-dz,https://raw.githubusercontent.com/kubaivanov/pictures/main/pinterest/annaba--algeria--pinterest-pin.png,Annaba,Annaba,Algeria,36.9264582,7.7525352000000014,Find the fruits of history in this ancient city turned seaside resort.,active,Algeria,Africa
6395181132,Tipaza,destination,https://daytrip.com/en/transfers/tipasa-dz,https://raw.githubusercontent.com/kubaivanov/pictures/main/pinterest/tipaza--algeria--pinterest-pin.png,Tipasa,Tipaza,Algeria,36.6178786,2.3912362,See layers of ancient culture at this UNESCO World Heritage Site overlooking the sea.,active,Algeria,Africa
6395181133,Constantine,destination,https://daytrip.com/en/transfers/constantine-dz,https://raw.githubusercontent.com/kubaivanov/pictures/main/pinterest/constantine--algeria--pinterest-pin.png,"Constantine, algeria",Constantine,Algeria,36.360155,6.642433,Lose yourself in the civilization-spanning history of one of the world's oldest cities.,active,Algeria,Africa
6395181134,Setif,destination,https://daytrip.com/en/transfers/setif-dz,https://raw.githubusercontent.com/kubaivanov/pictures/main/pinterest/setif--algeria--pinterest-pin.png,Setif,Setif,Algeria,36.1969027,5.4150871,"Explore the rich city of this ancient city, which has been embroiled in controversy over its suggestive statue.",active,Algeria,Africa
6395181135,Skikda,destination,https://daytrip.com/en/transfers/skikda-dz,https://raw.githubusercontent.com/kubaivanov/pictures/main/pinterest/skikda--algeria--pinterest-pin.png,Skikda,Skikda,Algeria,36.8715199,6.9101805999999986,Soak up the sun and enjoy the climate of this Mediterranean resort town renowned for its modern architecture.,active,Algeria,Africa
6395181136,Bejaia,destination,https://daytrip.com/en/transfers/bejaia-dz,https://raw.githubusercontent.com/kubaivanov/pictures/main/pinterest/bejaia--algeria--pinterest-pin.png,Bejaia,Bejaia,Algeria,36.7508896,5.0567332999999994,Bask in the sunny history of and natural beauty of this ancient port city.,active,Algeria,Africa
6395181137,Timgad,destination,https://daytrip.com/en/transfers/timgad-dz,https://raw.githubusercontent.com/kubaivanov/pictures/main/pinterest/timgad--algeria--pinterest-pin.png,Timgad,Timgad,Algeria,35.4995081,6.5143087,Get a glimpse of Roman life was you walk the perfectly planned streets of this UNESCO World Heritage Site.,active,Algeria,Africa
6395181140,Puyo,destination,https://daytrip.com/en/transfers/puyo-ec,https://raw.githubusercontent.com/kubaivanov/pictures/main/pinterest/puyo--ecuador--pinterest-pin.png,"Puyo, ecuador",Puyo,Ecuador,-1.4928811,-77.99980339999999,"Surrounded by dense green jungle and three rivers, the Amazon is inescapable in this small city.",active,Ecuador,South America
6395181141,Babahoyo,destination,https://daytrip.com/en/transfers/babahoyo-ec,https://raw.githubusercontent.com/kubaivanov/pictures/main/pinterest/babahoyo--ecuador--pinterest-pin.png,Babahoyo,Babahoyo,Ecuador,-1.801926,-79.5346459,"Emerging from the river itself, this city is the crown jewel of rural Ecuador, a haven of old world architecture amidst gorgeous nature.",active,Ecuador,South America
6395181142,Cuicocha,destination,https://daytrip.com/en/transfers/laguna-cuicocha-ec,https://raw.githubusercontent.com/kubaivanov/pictures/main/pinterest/cuicocha--ecuador--pinterest-pin.png,Laguna Cuicocha,Cuicocha,Ecuador,0.2919749377180017,-78.352231597900413,This picturesque lake was formed by a violent volcanic eruption thousands of years ago.,active,Ecuador,South America
6395181143,Gualaceo,destination,https://daytrip.com/en/transfers/gualaceo-ec,https://raw.githubusercontent.com/kubaivanov/pictures/main/pinterest/gualaceo--ecuador--pinterest-pin.png,Gualaceo,Gualaceo,Ecuador,-2.891271132059746,-78.776664003179917,Shoppers from around the country descend on this riverside city every Sunday to scoop up the traditional shawls produced by local craftsmen.,active,Ecuador,South America
6395181144,Loja,destination,https://daytrip.com/en/transfers/loja-ec,https://raw.githubusercontent.com/kubaivanov/pictures/main/pinterest/loja--ecuador--pinterest-pin.png,Loja,Loja,Ecuador,-4.0078909,-79.2112769,"This colorful colonial city is known for its artistic and musical tradition, which has led to its name as the Music and Cultural Capital of Ecuador.",active,Ecuador,South America
6395181145,Macas,destination,https://daytrip.com/en/transfers/macas-ec,https://raw.githubusercontent.com/kubaivanov/pictures/main/pinterest/macas--ecuador--pinterest-pin.png,Macas,Macas,Ecuador,-2.3074378,-78.1202307,This once affluent mining town is a great base for exploring the Amazon.,active,Ecuador,South America
6395181146,Latacunga,destination,https://daytrip.com/en/transfers/latacunga-ec,https://raw.githubusercontent.com/kubaivanov/pictures/main/pinterest/latacunga--ecuador--pinterest-pin.png,Latacunga,Latacunga,Ecuador,-0.93327238646629074,-78.6211278625488,"This overlooked highland city has a charming historic center, and their Mama Negra festival is one of the country's most magnificent.",active,Ecuador,South America
6395181147,Papallacta,destination,https://daytrip.com/en/transfers/papallacta-ec,https://raw.githubusercontent.com/kubaivanov/pictures/main/pinterest/papallacta--ecuador--pinterest-pin.png,Papallacta,Papallacta,Ecuador,-0.3772034,-78.1407651,"The country's loftiest settlement is a steamy village beneath the mountain peaks, filled with thermal baths, lagoons, and trout farms",active,Ecuador,South America
6395181148,Ingapirca,destination,https://daytrip.com/en/transfers/ingapirca-ec,https://raw.githubusercontent.com/kubaivanov/pictures/main/pinterest/ingapirca--ecuador--pinterest-pin.png,Ingapirca Archaeological Complex,Ingapirca,Ecuador,-2.5439408559234611,-78.875641037048354,The second largest known Incan ruins rivals the size and splendor of the famous Peruvian Machu Picchu.,active,Ecuador,South America
6395181150,Guayaquil,destination,https://daytrip.com/en/transfers/guayaquil-ec,https://raw.githubusercontent.com/kubaivanov/pictures/main/pinterest/guayaquil--ecuador--pinterest-pin.png,Guayaquil,Guayaquil,Ecuador,-2.1894128,-79.8890662,Colonial heritage and modern life flow together in Ecuador's largest city and most important port.,active,Ecuador,South America
6395181151,Vilcabamba,destination,https://daytrip.com/en/transfers/vilcabamba-ec,https://raw.githubusercontent.com/kubaivanov/pictures/main/pinterest/vilcabamba--ecuador--pinterest-pin.png,Vilcabamba,Vilcabamba,Ecuador,-4.2623285,-79.2253776,"This sleepy town is famed for long-lived residents, fresh air, fertile soils, and as an Incan royal family retreat.",active,Ecuador,South America
6395181152,Laguna Quilotoa,destination,https://daytrip.com/en/transfers/laguna-quilotoa-ec,https://raw.githubusercontent.com/kubaivanov/pictures/main/pinterest/laguna-quilotoa--ecuador--pinterest-pin.png,Laguna Quilotoa,Laguna Quilotoa,Ecuador,-0.86641275373864468,-78.916033455386355,There's nothing like a beautiful turquoise lake to take away the blues.,active,Ecuador,South America
6395181153,Ibarra,destination,https://daytrip.com/en/transfers/ibarra-ec,https://raw.githubusercontent.com/kubaivanov/pictures/main/pinterest/ibarra--ecuador--pinterest-pin.png,Ibarra,Ibarra,Ecuador,0.3471469,-78.132364799999991,"This Andean city is famous for colonial houses, cobbled streets, mild climate, and ice cream.",active,Ecuador,South America
6395181154,Riobamba,destination,https://daytrip.com/en/transfers/riobamba-ec,https://raw.githubusercontent.com/kubaivanov/pictures/main/pinterest/riobamba--ecuador--pinterest-pin.png,Riobamba,Riobamba,Ecuador,-1.6562599,-78.657192,Ecuador's oldest city is a heady mixture of grand colonial buildings and volcano views.,active,Ecuador,South America
6395181155,Quevedo,destination,https://daytrip.com/en/transfers/quevedo-ec,https://raw.githubusercontent.com/kubaivanov/pictures/main/pinterest/quevedo--ecuador--pinterest-pin.png,"Quevedo, ecuador",Quevedo,Ecuador,-1.0225124,-79.4604035,"Ecuador's hub city connects the north to the south, and the Andes to the Pacific, is a gastronomic wonderland.",active,Ecuador,South America
6395181156,Portoviejo,destination,https://daytrip.com/en/transfers/portoviejo-ec,https://raw.githubusercontent.com/kubaivanov/pictures/main/pinterest/portoviejo--ecuador--pinterest-pin.png,Portoviejo,Portoviejo,Ecuador,-1.054723,-80.4524903,"The city of the ""Royal Tamarind Trees"" is a comfortable and cultured place despite economic and environmental trials.",active,Ecuador,South America
6395181157,Ambato,destination,https://daytrip.com/en/transfers/ambato-ec,https://raw.githubusercontent.com/kubaivanov/pictures/main/pinterest/ambato--ecuador--pinterest-pin.png,Ambato,Ambato,Ecuador,-1.2543408,-78.62285039999999,"A place of gardens, trees, fruit, flowers, and markets, rebuilt from scratch 70 years ago.",active,Ecuador,South America
6395181162,Zaruma,destination,https://daytrip.com/en/transfers/zaruma-ec,https://raw.githubusercontent.com/kubaivanov/pictures/main/pinterest/zaruma--ecuador--pinterest-pin.png,Zaruma,Zaruma,Ecuador,-3.6873033,-79.6109049,An endearing gold-mining town just off the tourist trail sitting mountain-top in Southern Ecuador,active,Ecuador,South America
6395181165,Quito,destination,https://daytrip.com/en/transfers/quito-ec,https://raw.githubusercontent.com/kubaivanov/pictures/main/pinterest/quito--ecuador--pinterest-pin.png,Quito,Quito,Ecuador,-0.1806532,-78.4678382,"The first city to be named a UNESCO World Heritage Site, Ecuador's high-altitude capital has the best-preserved historic center in Latin America.",active,Ecuador,South America
6395181166,Otavalo,destination,https://daytrip.com/en/transfers/otavalo-ec,https://raw.githubusercontent.com/kubaivanov/pictures/main/pinterest/otavalo--ecuador--pinterest-pin.png,Otavalo,Otavalo,Ecuador,0.2343005,-78.2610672,"With a breathtaking volcanic backdrop, this highland market town has every traditional handicraft you could ever want.",active,Ecuador,South America
6395181167,Jipijapa,destination,https://daytrip.com/en/transfers/jipijapa-ec,https://raw.githubusercontent.com/kubaivanov/pictures/main/pinterest/jipijapa--ecuador--pinterest-pin.png,Jipijapa,Jipijapa,Ecuador,-1.3525694,-80.5827272,"Synonymous straw hats, this town boasts the largest chapeau in the world.",active,Ecuador,South America
6395181170,Parnu,destination,https://daytrip.com/en/transfers/parnu-ee,https://raw.githubusercontent.com/kubaivanov/pictures/main/pinterest/parnu--estonia--pinterest-pin.png,"Pärnu, Pärnu County, Estonia",Parnu,Estonia,58.3944623,24.5113701,"Estonia's premier beach resort offers long walks on the beach, historic spas, and a charming Old Town.",active,Estonia,Europe
6395181171,Tartu,destination,https://daytrip.com/en/transfers/tartu-ee,https://raw.githubusercontent.com/kubaivanov/pictures/main/pinterest/tartu--estonia--pinterest-pin.png,"Tartu, Estonia",Tartu,Estonia,58.360697399999992,26.7277568,"Home to one of the oldest universities in Northern Europe, Tartu is both vibrant and historic.",active,Estonia,Europe
6395181172,Viljandi,destination,https://daytrip.com/en/transfers/viljandi-ee,https://raw.githubusercontent.com/kubaivanov/pictures/main/pinterest/viljandi--estonia--pinterest-pin.png,"Viljandi, Viljandi County, Estonia",Viljandi,Estonia,58.3605633,25.5805231,"Surrounded by forest and filled with quaint wooden houses, this charming medieval village harmoniously blends history and nature.",active,Estonia,Europe
6395181174,Tallinn,destination,https://daytrip.com/en/transfers/tallinn-ee,https://raw.githubusercontent.com/kubaivanov/pictures/main/pinterest/tallinn--estonia--pinterest-pin.png,"Tallinn, Estonia",Tallinn,Estonia,59.436960799999987,24.7535747,The UNESCO-listed Old Town of Estonia's vibrant capital is one of the best-preserved medieval cities in Europe.,active,Estonia,Europe
6395181176,Haapsalu,destination,https://daytrip.com/en/transfers/haapsalu-ee,https://raw.githubusercontent.com/kubaivanov/pictures/main/pinterest/haapsalu--estonia--pinterest-pin.png,Haapsalu,Haapsalu,Estonia,58.9393226,23.5412139,"Bordered by the sea on three sides, this small resort town on the west coast of Estonia is known for its restorative mud spas and medieval attractions.",active,Estonia,Europe
6395181177,Edfu,destination,https://daytrip.com/en/transfers/edfu-eg,https://raw.githubusercontent.com/kubaivanov/pictures/main/pinterest/edfu--egypt--pinterest-pin.png,Edfu,Edfu,Egypt,24.9791623,32.875801,"The largest Ptolemaic temple in Egypt was filled by shifting desert sands, which kept it in pristine condition.",active,Egypt,Africa
6395181178,Luxor,destination,https://daytrip.com/en/transfers/luxor-eg,https://raw.githubusercontent.com/kubaivanov/pictures/main/pinterest/luxor--egypt--pinterest-pin.png,"Luxor, egypt",Luxor,Egypt,25.6872431,32.6396357,"This 3000-year-old oasis, with valleys sculpted into the landscape, is covered with the Temples and Tombs of Kings, Queens, and Nobles.",active,Egypt,Africa
6395181179,Aswan,destination,https://daytrip.com/en/transfers/aswan-eg,https://raw.githubusercontent.com/kubaivanov/pictures/main/pinterest/aswan--egypt--pinterest-pin.png,Aswan,Aswan,Egypt,24.088938,32.8998293,"Recognized by UNESCO for its handicrafts and folk art, this historic frontier town supplied the stone for many of Ancient Egypt's greatest monuments.",active,Egypt,Africa
6395181180,Taba,destination,https://daytrip.com/en/transfers/taba-eg,https://raw.githubusercontent.com/kubaivanov/pictures/main/pinterest/taba--egypt--pinterest-pin.png,Taba,Taba,Egypt,29.4924783,34.8968986,"A captivating Egyptian resort town known for its crystal-clear waters, vibrant coral reefs, and proximity to historical landmarks.",active,Egypt,Africa
6395181181,Karnak,destination,https://daytrip.com/en/transfers/karnak-eg,https://raw.githubusercontent.com/kubaivanov/pictures/main/pinterest/karnak--egypt--pinterest-pin.png,Karnak Temple,Karnak,Egypt,25.7188346,32.6572703,"Part of ancient Thebes and home to the gods, this UNESCO World Heritage Site rivals the Giza pyramids.",active,Egypt,Africa
6395181182,Abydos,destination,https://daytrip.com/en/transfers/abydos-eg,https://raw.githubusercontent.com/kubaivanov/pictures/main/pinterest/abydos--egypt--pinterest-pin.png,"Abydos, egypt",Abydos,Egypt,26.1837366,31.9227288,Among the countless beautiful carvings at the ancient temple is a list of nearly every Egyptian pharaoh.,active,Egypt,Africa
6395181184,Fayoum,destination,https://daytrip.com/en/transfers/fayoum-eg,https://raw.githubusercontent.com/kubaivanov/pictures/main/pinterest/fayoum--egypt--pinterest-pin.png,Fayoum,Fayoum,Egypt,29.3084021,30.8428497,"Faiyum Oasis is a fertile basin that ancient Egyptians depended on for their livelihoods. Today, it is a beautiful remnant of ancient lifestyles.",active,Egypt,Africa
6395181185,White Desert,destination,https://daytrip.com/en/transfers/white-desert-eg,https://raw.githubusercontent.com/kubaivanov/pictures/main/pinterest/white-desert--egypt--pinterest-pin.png,"27.359843, 28.166514",White Desert,Egypt,27.3527377,28.1525758,Strange chalk formations rise from the sands in this unforgettable landscape.,active,Egypt,Africa
6395181186,Valley of the Kings,destination,https://daytrip.com/en/transfers/valley-of-the-kings-eg,https://raw.githubusercontent.com/kubaivanov/pictures/main/pinterest/valley-of-the-kings--egypt--pinterest-pin.png,"Valley of the Kings, Egypt",Valley of the Kings,Egypt,25.737844858864925,32.62724603723143,Among the 63 tombs in this UNESCO World Heritage Site is perhaps the most famous archaeological discovery in history: the tomb of King Tut.,active,Egypt,Africa
6395181187,Albacete,destination,https://daytrip.com/en/transfers/albacete-es,https://raw.githubusercontent.com/kubaivanov/pictures/main/pinterest/albacete--spain--pinterest-pin.png,"Pasaje de Lodares, 02003 Albacete, Spain",Albacete,Spain,38.9932027,-1.8559171,"Although Albacete is known for its huge street festivals and nightlife, like New York, it's also full of historic landmarks to discover.",active,Spain,Europe
6395181188,Xabia,destination,https://daytrip.com/en/transfers/javea-es,https://raw.githubusercontent.com/kubaivanov/pictures/main/pinterest/xabia--spain--pinterest-pin.png,,Xabia,Spain,38.7890109,0.1660813,"Whether you call it Xabia or Javea, this coastal town offers sandy beaches, mountain hiking, and traditional port areas along the Valencia coastline.",active,Spain,Europe
6395181190,Logrono,destination,https://daytrip.com/en/transfers/logrono-es,https://raw.githubusercontent.com/kubaivanov/pictures/main/pinterest/logrono--spain--pinterest-pin.png,"Logroño, La Rioja, Spain",Logrono,Spain,42.4627195,-2.4449852,"Located at an important crossing with the Camino de Santiago pilgrimage and the much-disputed borders of the Iberian kingdoms, Logroño became one of the region's most important urban centres of the Middle Ages.",active,Spain,Europe
6395181191,Getaria,destination,https://daytrip.com/en/transfers/getaria-es,https://raw.githubusercontent.com/kubaivanov/pictures/main/pinterest/getaria--spain--pinterest-pin.png,"Getaria, Gipuzkoa, Gipuzkoa, Spain",Getaria,Spain,43.3077339,-2.2021494,"Famous for being the birthplace of Juan Sebastián Elcano, the first man to circumnavigate the Earth, this medieval fishing village is quite the catch.",active,Spain,Europe
6395181192,Pontevedra,destination,https://daytrip.com/en/transfers/pontevedra-es,https://raw.githubusercontent.com/kubaivanov/pictures/main/pinterest/pontevedra--spain--pinterest-pin.png,"Pontevedra, Spain",Pontevedra,Spain,42.4298846,-8.6446202,"Shaped by a rich maritime history, this seaside city has one of the largest historic quarters in the region.",active,Spain,Europe
6395181195,Lorca,destination,https://daytrip.com/en/transfers/lorca-es,https://raw.githubusercontent.com/kubaivanov/pictures/main/pinterest/lorca--spain--pinterest-pin.png,"30800 Lorca, Murcia, Spain",Lorca,Spain,37.6735925,-1.6968357,"With its slew of ornate buildings Lorca earned its nickname, ""the baroque city"", and is considered one of the most important Baroque heritage sites in the region.",active,Spain,Europe
6395181529,Sant Joan de Labritja,destination,https://daytrip.com/en/transfers/sant-joan-de-labritja-es,https://raw.githubusercontent.com/kubaivanov/pictures/main/pinterest/sant-joan-de-labritja--spain--pinterest-pin.png,Sant Joan de Labritja,Sant Joan de Labritja,Spain,39.078739,1.513238,"Surrounded by lush pine forests and crystal-clear waters, this tranquil town is the perfect place to unwind and escape the bustle of other Ibizan hotspots.",active,Spain,Europe
6395181531,Cordoba,destination,https://daytrip.com/en/transfers/cordoba-es,https://raw.githubusercontent.com/kubaivanov/pictures/main/pinterest/cordoba--spain--pinterest-pin.png,"Córdoba, Spain",Cordoba,Spain,37.8881751,-4.7793835,"Having been the Roman and Islamic capital of Spain, this UNESCO-listed city's historic landmarks are so magnificent they transcend race and religion.",active,Spain,Europe
6395181533,Aranda de Duero,destination,https://daytrip.com/en/transfers/aranda-de-duero-es,https://raw.githubusercontent.com/kubaivanov/pictures/main/pinterest/aranda-de-duero--spain--pinterest-pin.png,"09400 Aranda de Duero, Burgos, Spain",Aranda de Duero,Spain,41.6692282,-3.6902166,"Beneath the streets of the capital of the Ribera del Duero wine region, 5 miles of tunnels are used to age, and enjoy wine.",active,Spain,Europe
6395181534,Santiago de Compostela,destination,https://daytrip.com/en/transfers/santiago-de-compostela-es,https://raw.githubusercontent.com/kubaivanov/pictures/main/pinterest/santiago-de-compostela--spain--pinterest-pin.png,"Santiago de Compostela, A Coruña, Spain",Santiago de Compostela,Spain,42.8782132,-8.5448445,Spain's Holy City is a UNESCO World Heritage Site serving up fresh seafood alongside alluring architecture.,active,Spain,Europe
6395181536,Durango,destination,https://daytrip.com/en/transfers/durango-es,https://raw.githubusercontent.com/kubaivanov/pictures/main/pinterest/durango--spain--pinterest-pin.png,"Durango, Biscay, Spain",Durango,Spain,43.1711864,-2.6313339,"Like an egg in a basket, the golden cultural center of this medieval town is surrounded by some of the best nature trails in the nation.",active,Spain,Europe
6395181537,Lloret de Mar,destination,https://daytrip.com/en/transfers/lloret-de-mar-es,https://raw.githubusercontent.com/kubaivanov/pictures/main/pinterest/lloret-de-mar--spain--pinterest-pin.png,"17310 Lloret de Mar, Girona, Spain",Lloret de Mar,Spain,41.7005989,2.8398194,"Behind the beachfront, this ancient city has a wealth of historic architecture and cultural heritage.",active,Spain,Europe
6395181538,Santo Domingo de la Calzada,destination,https://daytrip.com/en/transfers/santo-domingo-de-la-calzada-es,https://raw.githubusercontent.com/kubaivanov/pictures/main/pinterest/santo-domingo-de-la-calzada--spain--pinterest-pin.png,"Santo Domingo de la Calzada, La Rioja, Spain",Santo Domingo de la Calzada,Spain,42.4369439,-2.9550619,This medieval town was founded in the 12th century as a refuge for pilgrims travelling to Santiago de Compostela.,active,Spain,Europe
6395181539,Almeria,destination,https://daytrip.com/en/transfers/almeria-es,https://raw.githubusercontent.com/kubaivanov/pictures/main/pinterest/almeria--spain--pinterest-pin.png,"Almería, Spain",Almeria,Spain,36.834047,-2.4637136,"The city of Almería has seen a past riddled with chaos, which can now be explored by visitors as you roam the narrow medieval streets.",active,Spain,Europe
6395181541,Ubeda,destination,https://daytrip.com/en/transfers/ubeda-es,https://raw.githubusercontent.com/kubaivanov/pictures/main/pinterest/ubeda--spain--pinterest-pin.png,"23400 Úbeda, Jaén, Spain",Ubeda,Spain,38.0114236,-3.3712457,This UNESCO World Heritage Site is known as the Renaissance Capital of Andalucia for its wealth of historic architecture.,active,Spain,Europe
6395181542,Cuenca,destination,https://daytrip.com/en/transfers/cuenca-es,https://raw.githubusercontent.com/kubaivanov/pictures/main/pinterest/cuenca--spain--pinterest-pin.png,"Cuenca, Spain",Cuenca,Spain,40.0703925,-2.1374162,"Perched on a rugged cliff face, this UNESCO listed Medieval town offers rich history in a unique setting.",active,Spain,Europe
6395181546,Badajoz,destination,https://daytrip.com/en/transfers/badajoz-es,https://raw.githubusercontent.com/kubaivanov/pictures/main/pinterest/badajoz--spain--pinterest-pin.png,"Badajoz, Spain",Badajoz,Spain,38.8794495,-6.9706535,"Positioned near the Portuguese border, frequent invasions put the city on the defensive, and even the churches look fortified against attack.",active,Spain,Europe
6395181548,Sant Rafel de sa Creu,destination,https://daytrip.com/en/transfers/sant-rafel-de-sa-creu-es,https://raw.githubusercontent.com/kubaivanov/pictures/main/pinterest/sant-rafel-de-sa-creu--spain--pinterest-pin.png,Sant Rafel de sa Creu,Sant Rafel de sa Creu,Spain,38.9621464,1.3986539,Stop in this delightful village overlooking the Balearic ocean for indulgence in a thriving art scene and bustling nightlife.,active,Spain,Europe
6395181549,Soller,destination,https://daytrip.com/en/transfers/soller-es,https://raw.githubusercontent.com/kubaivanov/pictures/main/pinterest/soller--spain--pinterest-pin.png,Sóller,Soller,Spain,39.7670693,2.7157866,"Steeped in history, this town's picturesque streets, adorned with traditional Majorcan houses and French-inspired palaces, invite you to journey back in time.",active,Spain,Europe
6395181550,Llucmajor,destination,https://daytrip.com/en/transfers/llucmajor-es,https://raw.githubusercontent.com/kubaivanov/pictures/main/pinterest/llucmajor--spain--pinterest-pin.png,Llucmajor,Llucmajor,Spain,39.490843900000009,2.8916657,"This inland town, steeped in history, has gracefully retained its agricultural and artisanal roots, offering an authentic Mallorcan experience away from the bustling tourist crowds.",active,Spain,Europe
6395181551,Carmona,destination,https://daytrip.com/en/transfers/carmona-es,https://raw.githubusercontent.com/kubaivanov/pictures/main/pinterest/carmona--spain--pinterest-pin.png,"41410 Carmona, Seville, Spain",Carmona,Spain,37.471274,-5.6418214,"Comparing itself to the shining morning star, the city's rich history is on display, from Roman gates to baroque churches, all crowned by an Arab alcazar.",active,Spain,Europe
6395181553,Altea,destination,https://daytrip.com/en/transfers/altea-es,https://raw.githubusercontent.com/kubaivanov/pictures/main/pinterest/altea--spain--pinterest-pin.png,"Altea, Alicante, Spain",Altea,Spain,38.6029075,-0.0450666,"The best way to enjoy this city by the sea is simply walking down its narrow cobbled alleys, enjoying the white-washed houses and ocean views.",active,Spain,Europe
6395181554,Lleida,destination,https://daytrip.com/en/transfers/lleida-es,https://raw.githubusercontent.com/kubaivanov/pictures/main/pinterest/lleida--spain--pinterest-pin.png,"Lleida, Spain",Lleida,Spain,41.6175899,0.6200146,"Frequently on the front lines of Spain's tumultuous past, the citadel overlooking the city is a constant reminder of its history.",active,Spain,Europe
6395181555,Orient,destination,https://daytrip.com/en/transfers/orient-es,https://raw.githubusercontent.com/kubaivanov/pictures/main/pinterest/orient--spain--pinterest-pin.png,Orient mallorca,Orient,Spain,39.7341794,2.7596253,"This town captivates with its timeless stone houses, winding streets, and a historic center echoing tales of the 14th and 15th centuries.",active,Spain,Europe
6395181556,Plasencia,destination,https://daytrip.com/en/transfers/plasencia-es,https://raw.githubusercontent.com/kubaivanov/pictures/main/pinterest/plasencia--spain--pinterest-pin.png,"10600 Plasencia, Cáceres, Plasencia, Spain",Plasencia,Spain,40.042095499999988,-6.0838065,"History is an integral part of this medieval city - it supports their culture, homes, and even Cathedral.",active,Spain,Europe
6395181558,Santander,destination,https://daytrip.com/en/transfers/santander-es,https://raw.githubusercontent.com/kubaivanov/pictures/main/pinterest/santander--spain--pinterest-pin.png,"Santander, Cantabria, Spain",Santander,Spain,43.462305699999987,-3.8099803,"This ancient city is still a fishing village at heart, offering fresh seafood alongside historic monuments, but with a taste of super-modernity.",active,Spain,Europe
6395181559,Hondarribia,destination,https://daytrip.com/en/transfers/hondarribia-es,https://raw.githubusercontent.com/kubaivanov/pictures/main/pinterest/hondarribia--spain--pinterest-pin.png,"Hondarribia, Gipuzkoa, Spain",Hondarribia,Spain,43.3708434,-1.8001488,"Thanks to a recent gastronomical boom, this beautiful village has transformed into a must-visit for anyone with a mouth travelling though the Basque country.",active,Spain,Europe
6395181560,Puerto de la Cruz,destination,https://daytrip.com/en/transfers/puerto-de-la-cruz-es,https://raw.githubusercontent.com/kubaivanov/pictures/main/pinterest/puerto-de-la-cruz--spain--pinterest-pin.png,Puerto de la Cruz,Puerto de la Cruz,Spain,28.411413,-16.5449611,"Formerly known by its English translation ""Port of the Cross"", this easy-going town combines a lush tropical environment with luxurious, modern tourism.",active,Spain,Europe
6395181561,Oviedo,destination,https://daytrip.com/en/transfers/oviedo-es,https://raw.githubusercontent.com/kubaivanov/pictures/main/pinterest/oviedo--spain--pinterest-pin.png,"Oviedo, Asturias, Spain",Oviedo,Spain,43.3619145,-5.8493887,"With two UNESCO World Heritage Sites, and a 2-Star Michelin restaurant, this compact city is an exceptional place to taste local history.",active,Spain,Europe
6395181562,Consuegra,destination,https://daytrip.com/en/transfers/consuegra-es,https://raw.githubusercontent.com/kubaivanov/pictures/main/pinterest/consuegra--spain--pinterest-pin.png,"Consuegra, 45700, Toledo, Spain",Consuegra,Spain,39.453138744598007,-3.6077636396483967,"Famed for its 16th century windmills, as fought by Don Quixote, this section of Toledo opens up a world of history.",active,Spain,Europe
6395181563,Villajoyosa,destination,https://daytrip.com/en/transfers/villajoyosa-es,https://raw.githubusercontent.com/kubaivanov/pictures/main/pinterest/villajoyosa--spain--pinterest-pin.png,Villajoyosav,Villajoyosa,Spain,38.5124744,-0.232687,"As the name suggests, Villajoyosa is full of colorful rowhouses, sunny beaches, and everything you need for a joyous visit!",active,Spain,Europe
6395181564,Cuevas del Drach,destination,https://daytrip.com/en/transfers/cuevas-del-drach-es,https://raw.githubusercontent.com/kubaivanov/pictures/main/pinterest/cuevas-del-drach--spain--pinterest-pin.png,Cuevas del Drach,Cuevas del Drach,Spain,39.5358825,3.3303939,"With a history dating back to the Middle Ages, these caverns remained partially unexplored until 1896 when the French geologist E.A. Martel unveiled their secrets.",active,Spain,Europe
6395181567,Nerja,destination,https://daytrip.com/en/transfers/nerja-es,https://raw.githubusercontent.com/kubaivanov/pictures/main/pinterest/nerja--spain--pinterest-pin.png,"Plaza Balcón de Europa, 29780 Nerja, Málaga, Spain",Nerja,Spain,36.7447928,-3.8758875,"The abundance of water gives Nerja a tropical feel, a lushness that contributed to its significance in the sugarcane industry in the early 20th century.",active,Spain,Europe
6395181568,Cala Figuera,destination,https://daytrip.com/en/transfers/cala-figuera-es,https://raw.githubusercontent.com/kubaivanov/pictures/main/pinterest/cala-figuera--spain--pinterest-pin.png,Cala Figuera,Cala Figuera,Spain,39.3301575,3.1685531,"This Y-shaped inlet unveils a haven for tranquility, where traditional Llaüt fishing boats grace the harbor, and historic houses with private jetties evoke the charm of old Mallorca.",active,Spain,Europe
6395181569,Masca,destination,https://daytrip.com/en/transfers/masca-es,https://raw.githubusercontent.com/kubaivanov/pictures/main/pinterest/masca--spain--pinterest-pin.png,Masca,Masca,Spain,28.3053534,-16.8399144,"Only accessible by foot or donkey until the late 20th century, this hidden corner of Tenerife has some of the most stunning views in the Canary Islands.",active,Spain,Europe
6395181572,Granada,destination,https://daytrip.com/en/transfers/granada-es,https://raw.githubusercontent.com/kubaivanov/pictures/main/pinterest/granada--spain--pinterest-pin.png,"Granada, Spain",Granada,Spain,37.1773363,-3.5985571,"Crowned by the single finest example of Arabic architecture in Western Europe, this ancient city is a delight for culture lovers.",active,Spain,Europe
6395181576,Guadix,destination,https://daytrip.com/en/transfers/guadix-es,https://raw.githubusercontent.com/kubaivanov/pictures/main/pinterest/guadix--spain--pinterest-pin.png,"18500 Guadix, Granada, Spain",Guadix,Spain,37.3011351,-3.1403256,One of Guadix's most charming sites is the elaborate network of whitewashed homes carved into the surrounding hillsides.,active,Spain,Europe
6395181578,Teguise,destination,https://daytrip.com/en/transfers/teguise-es,https://raw.githubusercontent.com/kubaivanov/pictures/main/pinterest/teguise--spain--pinterest-pin.png,Teguise,Teguise,Spain,29.059878274343781,-13.559792019049063,"As the island's former capital, Teguise brims with colonial charm, with cobblestone streets and whitewashed buildings.",active,Spain,Europe
6395181581,Banyalbufar,destination,https://daytrip.com/en/transfers/banyalbufar-es,https://raw.githubusercontent.com/kubaivanov/pictures/main/pinterest/banyalbufar--spain--pinterest-pin.png,Banyalbufar,Banyalbufar,Spain,39.6875579,2.5145326,"This quaint Mallorcan district, with its historic town center, invites visitors on a journey steeped in authenticity and rich cultural heritage.",active,Spain,Europe
6395181582,La Orotava,destination,https://daytrip.com/en/transfers/la-orotava-es,https://raw.githubusercontent.com/kubaivanov/pictures/main/pinterest/la-orotava--spain--pinterest-pin.png,La Orotava,La Orotava,Spain,28.3892926,-16.525264,"Walking through the largest municipality of Tenerife is like exploring a veritable art museum, with every building, plaza and corner replete with neoclassical Canarian architecture.",active,Spain,Europe
6395181584,Seville,destination,https://daytrip.com/en/transfers/seville-es,https://raw.githubusercontent.com/kubaivanov/pictures/main/pinterest/seville--spain--pinterest-pin.png,"Seville, Spain",Seville,Spain,37.3890924,-5.9844589,"The Andalusian capital is also its cultural center, filled with flamenco, fine food, and countless historic monuments, including the world's largest Gothic church, a UNESCO World Heritage Site.",active,Spain,Europe
6395181585,Grazalema,destination,https://daytrip.com/en/transfers/grazalema-es,https://raw.githubusercontent.com/kubaivanov/pictures/main/pinterest/grazalema--spain--pinterest-pin.png,"11610 Grazalema, Cádiz, Spain",Grazalema,Spain,36.7586748,-5.3684385,"As the highest and most mountainous municipality in the province of Cádiz, Grazalema is known for its dramatic scenery, beautiful nature, and traditional white-washed houses.",active,Spain,Europe
6395181586,Vejer de la Frontera,destination,https://daytrip.com/en/transfers/vejer-de-la-frontera-es,https://raw.githubusercontent.com/kubaivanov/pictures/main/pinterest/vejer-de-la-frontera--spain--pinterest-pin.png,"Plaza de España, 16, 11150 Vejer de la Frontera, Cádiz, Spain",Vejer de la Frontera,Spain,36.2536538,-5.962439,The whitewashed houses and winding narrow streets of this charming town atop a rocky hill retained a tangible Moorish presence.,active,Spain,Europe
6395181587,Girona,destination,https://daytrip.com/en/transfers/girona-es,https://raw.githubusercontent.com/kubaivanov/pictures/main/pinterest/girona--spain--pinterest-pin.png,"Girona, Province of Girona, Spain",Girona,Spain,41.9794005,2.8214264,"Conquered more times than most, this ancient city offers the opportunity to peacefully experience its historical landmarks, including the well-preserved Jewish Quarter.",active,Spain,Europe
6395181590,Petra,destination,https://daytrip.com/en/transfers/petra-es,https://raw.githubusercontent.com/kubaivanov/pictures/main/pinterest/petra--spain--pinterest-pin.png,Petra mallorca,Petra,Spain,39.6140955,3.1139948,"This idyllic Mallorcan town unfolds like a sun-kissed haven amid fertile farmlands, with sandstone charm that lies off the beaten path.",active,Spain,Europe
6395181591,Garachico,destination,https://daytrip.com/en/transfers/garachico-es,https://raw.githubusercontent.com/kubaivanov/pictures/main/pinterest/garachico--spain--pinterest-pin.png,Garachico,Garachico,Spain,28.3732467,-16.7640103,"Palm trees and banana plantations line this town on the northern coast of Tenerife, where natural wonders and historical monuments are packed onto lava delta.",active,Spain,Europe
6395181593,Santa Agnes de Corona,destination,https://daytrip.com/en/transfers/santa-agnes-de-corona-es,https://raw.githubusercontent.com/kubaivanov/pictures/main/pinterest/santa-agnes-de-corona--spain--pinterest-pin.png,Santa Agnes de Corona,Santa Agnes de Corona,Spain,39.038376,1.3363785,"Shrouded in colorful countryside, this humble yet bewitching village in the north central seaboard of Ibiza begs to be admired.",active,Spain,Europe
6395181594,Leon,destination,https://daytrip.com/en/transfers/leon-es,https://raw.githubusercontent.com/kubaivanov/pictures/main/pinterest/leon--spain--pinterest-pin.png,"León, Spain",Leon,Spain,42.5987263,-5.5670959,"This ancient city was the seat of Spanish Christianity, and its refined history culminates in its UNESCO-listed High Gothic Cathedral.",active,Spain,Europe
6395181595,Ronda,destination,https://daytrip.com/en/transfers/ronda-es,https://raw.githubusercontent.com/kubaivanov/pictures/main/pinterest/ronda--spain--pinterest-pin.png,"29400 Ronda, Málaga, Spain",Ronda,Spain,36.746209,-5.1612250999999993,"Spectacularly positioned on a rocky plateau, Ronda is one of Spain's most scenic, and oldest, towns.",active,Spain,Europe
6395181596,Segovia,destination,https://daytrip.com/en/transfers/segovia-es,https://raw.githubusercontent.com/kubaivanov/pictures/main/pinterest/segovia--spain--pinterest-pin.png,"Segovia, Spain",Segovia,Spain,40.9429032,-4.1088068999999994,"The massive Roman aqueduct, picturesque alcazar and historic old town have inspired everyone from Disney to UNESCO.",active,Spain,Europe
6395181597,Esporles,destination,https://daytrip.com/en/transfers/esporles-es,https://raw.githubusercontent.com/kubaivanov/pictures/main/pinterest/esporles--spain--pinterest-pin.png,Esporles,Esporles,Spain,39.6656493,2.5794293,"This hidden gem attracts a cosmopolitan community, predominantly comprising Swedish, German, Dutch, and French residents, lured by the serene village ambiance and breathtaking mountain vistas.",active,Spain,Europe
6395181599,Estepona,destination,https://daytrip.com/en/transfers/estepona-es,https://raw.githubusercontent.com/kubaivanov/pictures/main/pinterest/estepona--spain--pinterest-pin.png,"29680 Estepona, Málaga, Spain",Estepona,Spain,36.4256345,-5.1510261,This holiday destination combines the best of Andalusia and the Costa de Sol.,active,Spain,Europe
6395181601,Marbella,destination,https://daytrip.com/en/transfers/marbella-es,https://raw.githubusercontent.com/kubaivanov/pictures/main/pinterest/marbella--spain--pinterest-pin.png,"Marbella, Málaga, Spain",Marbella,Spain,36.510071,-4.8824474,"Spain's answer to St. Tropez, this seaside city is a favourite of the rich and famous, while still offering a charming historic center.",active,Spain,Europe
6395181602,Mijas,destination,https://daytrip.com/en/transfers/mijas-es,https://raw.githubusercontent.com/kubaivanov/pictures/main/pinterest/mijas--spain--pinterest-pin.png,"29650 Mijas, Málaga, Spain",Mijas,Spain,36.5967755,-4.6323067,This picturesque White Village has restored itself to a status worthy of its rich history.,active,Spain,Europe
6395181604,Vigo,destination,https://daytrip.com/en/transfers/vigo-es,https://raw.githubusercontent.com/kubaivanov/pictures/main/pinterest/vigo--spain--pinterest-pin.png,"Vigo, Pontevedra, Spain",Vigo,Spain,42.240598899999988,-8.7207268,Fresh local oysters and a scenic old quarter make this port city a treat for the senses.,active,Spain,Europe
6395181605,Avila,destination,https://daytrip.com/en/transfers/avila-es,https://raw.githubusercontent.com/kubaivanov/pictures/main/pinterest/avila--spain--pinterest-pin.png,"Ávila‎, Ávila, Spain",Avila,Spain,40.656685,-4.6812086,"St Teresa was born, and Grand Inquisitor Torquemadaithin buried, within the medieval walls of this UNESCO World Heritage Site.",active,Spain,Europe
6395181606,Malaga,destination,https://daytrip.com/en/transfers/malaga-es,https://raw.githubusercontent.com/kubaivanov/pictures/main/pinterest/malaga--spain--pinterest-pin.png,"Málaga, Spain",Malaga,Spain,36.7212737,-4.4213988,Ancient history and modern art collide in this vibrant provincial capital.,active,Spain,Europe
6395181607,Valldemossa,destination,https://daytrip.com/en/transfers/valldemossa-es,https://raw.githubusercontent.com/kubaivanov/pictures/main/pinterest/valldemossa--spain--pinterest-pin.png,Valldemossa,Valldemossa,Spain,39.7114523,2.6225698,"This enchanting town's cobbled alleys wind through a rich heritage, offering a tranquil escape from the bustling capital.",active,Spain,Europe
6395181608,Es Castell,destination,https://daytrip.com/en/transfers/es-castell-es,https://raw.githubusercontent.com/kubaivanov/pictures/main/pinterest/es-castell--spain--pinterest-pin.png,Es Castell,Es Castell,Spain,39.879688,4.2891148,"Tucked away on the eastern coast of Menorca, this historical town offers characteristic architecture and two peaceful harbors for fine dining and scenic seaside views.",active,Spain,Europe
6395181610,Deia,destination,https://daytrip.com/en/transfers/deia-es,https://raw.githubusercontent.com/kubaivanov/pictures/main/pinterest/deia--spain--pinterest-pin.png,Deia,Deia,Spain,39.7479394,2.6483743,"This idyllic village, adorned with honey-colored houses and green-shuttered windows, exudes an air of exclusivity, earning its status as a discreet haven for the well-heeled.",active,Spain,Europe
6395181611,Pollensa,destination,https://daytrip.com/en/transfers/pollensa-es,https://raw.githubusercontent.com/kubaivanov/pictures/main/pinterest/pollensa--spain--pinterest-pin.png,Pollensa,Pollensa,Spain,39.8771939,3.0162026,"Nestled at the eastern edge of the Serra de Tramuntana, this timelessly charming Mallorcan town beckons travelers with its ancient blonde stone architecture and rich cultural tapestry.",active,Spain,Europe
6395181612,Zafra,destination,https://daytrip.com/en/transfers/zafra-es,https://raw.githubusercontent.com/kubaivanov/pictures/main/pinterest/zafra--spain--pinterest-pin.png,"06300 Zafra, Badajoz, Spain",Zafra,Spain,38.4225303,-6.4157224999999993,"Often compared to the Andalusian capital because of their architectural similarities, this gleaming white city is a historic beauty.",active,Spain,Europe
6395181615,Sant Josep de sa Talaia,destination,https://daytrip.com/en/transfers/sant-josep-de-sa-talaia-es,https://raw.githubusercontent.com/kubaivanov/pictures/main/pinterest/sant-josep-de-sa-talaia--spain--pinterest-pin.png,Sant Josep de sa Talaia,Sant Josep de sa Talaia,Spain,38.9217535,1.2934954,"Feel the authentic pace of Ibiza in this luscious village, known for its vibrant local life full of droolworthy cuisine and quaint markets.",active,Spain,Europe
6395181616,Besalu,destination,https://daytrip.com/en/transfers/besalu-es,https://raw.githubusercontent.com/kubaivanov/pictures/main/pinterest/besalu--spain--pinterest-pin.png,"17850 Besalú, Girona, Spain",Besalu,Spain,42.2002357,2.6953375,"Once one of the most important towns in Catalonia, this well-preserved medieval village has one of only 5 surviving Jewish baths in Spain.",active,Spain,Europe
6395181617,Lugo,destination,https://daytrip.com/en/transfers/lugo-spain-es,https://raw.githubusercontent.com/kubaivanov/pictures/main/pinterest/lugo--spain--pinterest-pin.png,"27001 Lugo, Spain",Lugo,Spain,43.0088326,-7.5592014999999986,"As the only city in the world to be surrounded by completely intact Roman walls, UNESCO-listed Lugo's history and culture are sure to impress.",active,Spain,Europe
6395181618,Villafranca del Bierzo,destination,https://daytrip.com/en/transfers/villafranca-del-bierzo-es,https://raw.githubusercontent.com/kubaivanov/pictures/main/pinterest/villafranca-del-bierzo--spain--pinterest-pin.png,"24500 Villafranca del Bierzo, León, Spain",Villafranca del Bierzo,Spain,42.6083936,-6.8085542,"Experience the unique ""French Town"" where pilgrims have rested for centuries on their sacred journey to Santiago.",active,Spain,Europe
6395181620,Binibeca Vell,destination,https://daytrip.com/en/transfers/binibeca-vell-es,https://raw.githubusercontent.com/kubaivanov/pictures/main/pinterest/binibeca-vell--spain--pinterest-pin.png,Binibeca Vell,Binibeca Vell,Spain,39.8204251,4.2423075,"Crafted in the 1960s by Barcelona architect F.J. Barba Corsini, this coastal town mirrors the quintessential style of coastal villages, inviting controversy but capturing the hearts of tourists.",active,Spain,Europe
6395181621,Jaca,destination,https://daytrip.com/en/transfers/jaca-es,https://raw.githubusercontent.com/kubaivanov/pictures/main/pinterest/jaca--spain--pinterest-pin.png,"22700 Jaca, Huesca, Spain",Jaca,Spain,42.571874620776953,-0.54984489737546483,"Filled with historic monuments, this stop on the UNESCO-listed Camino de Santiago gave birth to the Kingdom of Aragon.",active,Spain,Europe
6395181622,Sant Agusti des Vedra,destination,https://daytrip.com/en/transfers/sant-agusti-des-vedra-es,https://raw.githubusercontent.com/kubaivanov/pictures/main/pinterest/sant-agusti-des-vedra--spain--pinterest-pin.png,Sant Agusti des Vedra,Sant Agusti des Vedra,Spain,38.9410762,1.293618,"Hit pause on time itself in this tranquil village in the West of Ibiza, where authentic Ibicenco architecture and delicious gastronomy will whisk you into a dreamland.",active,Spain,Europe
6395181623,Albarracin,destination,https://daytrip.com/en/transfers/albarracin-es,https://raw.githubusercontent.com/kubaivanov/pictures/main/pinterest/albarracin--spain--pinterest-pin.png,"44126 Albarracín, Teruel, Spain",Albarracin,Spain,40.4075581,-1.443876,Distinctive pink stone houses perched on a rocky promontory protected by medieval fortifications make Albarracín one of the prettiest in Spain.,active,Spain,Europe
6395181624,Ponferrada,destination,https://daytrip.com/en/transfers/ponferrada-es,https://raw.githubusercontent.com/kubaivanov/pictures/main/pinterest/ponferrada--spain--pinterest-pin.png,"Ponferrada, León, Spain",Ponferrada,Spain,42.5499958,-6.5982590000000014,The mighty Templar fortress in this ancient town protected medieval pilgrims on the UNESCO-listed Camino de Santiago.,active,Spain,Europe
6395181626,Cala d'Or,destination,https://daytrip.com/en/transfers/cala-d-or-es,https://raw.githubusercontent.com/kubaivanov/pictures/main/pinterest/cala-d-or--spain--pinterest-pin.png,Cala d'Or,Cala d'Or,Spain,39.369432,3.229143,"This family-friendly resort basks in the glow of abundant sunshine, owing to its strategic location far from the shadow of the Serra de Tramuntana mountains.",active,Spain,Europe
6395181627,Zamora,destination,https://daytrip.com/en/transfers/zamora-es,https://raw.githubusercontent.com/kubaivanov/pictures/main/pinterest/zamora--spain--pinterest-pin.png,"Zamora, Spain",Zamora,Spain,41.5034712,-5.7467879,The historic old town is a veritable museum of Romanesque monuments.,active,Spain,Europe
6395181628,Burgos,destination,https://daytrip.com/en/transfers/burgos-es,https://raw.githubusercontent.com/kubaivanov/pictures/main/pinterest/burgos--spain--pinterest-pin.png,"Burgos, Spain",Burgos,Spain,42.3439925,-3.696906,"Once the seat of the Crown of Castile, this medieval city's myriads of landmarks, including its UNESCO-listed Cathedral, will leave visitors in awe.",active,Spain,Europe
6395181629,San Sebastian,destination,https://daytrip.com/en/transfers/san-sebastian-es,https://raw.githubusercontent.com/kubaivanov/pictures/main/pinterest/san-sebastian--spain--pinterest-pin.png,"San Sebastián, Gipuzkoa, Spain",San Sebastian,Spain,43.318334,-1.9812313,"Grand architecture, and more Michelin star restaurants than anywhere in Europe make this coastal city a feast for the senses.",active,Spain,Europe
6395181630,Cartagena,destination,https://daytrip.com/en/transfers/cartagena-es,https://raw.githubusercontent.com/kubaivanov/pictures/main/pinterest/cartagena--spain--pinterest-pin.png,"Cartagena, Murcia, Spain",Cartagena,Spain,37.6256827,-0.9965839,"An important port since the time of the Carthaginians, this ancient city has 2000 years of history to uncover.",active,Spain,Europe
6395181631,Valencia,destination,https://daytrip.com/en/transfers/valencia-es,https://raw.githubusercontent.com/kubaivanov/pictures/main/pinterest/valencia--spain--pinterest-pin.png,"Valencia, Spain",Valencia,Spain,39.4699075,-0.3762881,"With 2000 years of history, there's plenty to see and do in Spain's 3rd largest city - from UNESCO-listed architecture to a riverbed-turned-park.",active,Spain,Europe
6395181632,Cudillero,destination,https://daytrip.com/en/transfers/cudillero-es,https://raw.githubusercontent.com/kubaivanov/pictures/main/pinterest/cudillero--spain--pinterest-pin.png,"Cudillero, Asturias, Spain",Cudillero,Spain,43.5600016,-6.148421,"With its pastel houses lining a turquoise bay, this little fishing village is among the prettiest and most authentic in the country.",active,Spain,Europe
6395181633,Zahara de la Sierra,destination,https://daytrip.com/en/transfers/zahara-de-la-sierra-es,https://raw.githubusercontent.com/kubaivanov/pictures/main/pinterest/zahara-de-la-sierra--spain--pinterest-pin.png,"11688 Zahara de la Sierra, Cádiz, Spain",Zahara de la Sierra,Spain,36.8394942,-5.3919919,"This medieval Pueblo Blanco paints a pretty picture with its hillside position, topped with a castle.",active,Spain,Europe
6395181635,Madrid,destination,https://daytrip.com/en/transfers/madrid-es,https://raw.githubusercontent.com/kubaivanov/pictures/main/pinterest/madrid--spain--pinterest-pin.png,"Madrid, Spain",Madrid,Spain,40.4167754,-3.7037902,"Spain's capital might have Moorish origins, but it was Phillip II who is responsible for transforming it into the cultural and political capital.",active,Spain,Europe
6395181636,Barcelona,destination,https://daytrip.com/en/transfers/barcelona-es,https://raw.githubusercontent.com/kubaivanov/pictures/main/pinterest/barcelona--spain--pinterest-pin.png,"Barcelona, Spain",Barcelona,Spain,41.3850639,2.1734035,"Originally founded by the Romans, this meticulously designed Mediterranean metropolis stands proud alongside its global sporting powerhouse, FC Barcelona.",active,Spain,Europe
6395181637,Ciutadella,destination,https://daytrip.com/en/transfers/ciutadella-es,https://raw.githubusercontent.com/kubaivanov/pictures/main/pinterest/ciutadella--spain--pinterest-pin.png,Ciutadella,Ciutadella,Spain,39.9990786,3.8389415,"With charming historic architecture nestled alongside a picturesque harbor, Cituadella certainly lives up to its nickname 'Vella i Bella', which translates to old and beautiful.",active,Spain,Europe
6395181639,Cadiz,destination,https://daytrip.com/en/transfers/cadiz-es,https://raw.githubusercontent.com/kubaivanov/pictures/main/pinterest/cadiz--spain--pinterest-pin.png,"Cádiz, Spain",Cadiz,Spain,36.527061199999991,-6.2885961999999962,"Dating back thousands of years, the streets of this ancient port are overflowing with history and culture.",active,Spain,Europe
6395181640,Olvera,destination,https://daytrip.com/en/transfers/olvera-es,https://raw.githubusercontent.com/kubaivanov/pictures/main/pinterest/olvera--spain--pinterest-pin.png,"11690 Olvera, Cádiz, Spain",Olvera,Spain,36.9352388,-5.2599554999999993,"Declared a Protected Area of Artistic and Historical Importance in 1983, Olvera is a picturesque Spanish town with a fascinating—and often disputed—history.",active,Spain,Europe
6395181641,Santanyi,destination,https://daytrip.com/en/transfers/santanyi-es,https://raw.githubusercontent.com/kubaivanov/pictures/main/pinterest/santanyi--spain--pinterest-pin.png,Santanyi,Santanyi,Spain,39.3538601,3.1302932,"This town is a visual delight, with medieval and modern structures crafted from golden Mares sandstone, locally quarried, giving a distinct character.",active,Spain,Europe
6395181642,Nuuksio National Park,destination,https://daytrip.com/en/transfers/nuuksio-national-park-fi,https://raw.githubusercontent.com/kubaivanov/pictures/main/pinterest/nuuksio-national-park--finland--pinterest-pin.png,Nuuksio National Park,Nuuksio National Park,Finland,60.292728900000007,24.5565109,Immerse yourself in Finland's lush greenery at this flying-squirrel-filled national park located just outside of Helsinki.,active,Finland,Europe
6395181643,Tampere,destination,https://daytrip.com/en/transfers/tampere-fi,https://raw.githubusercontent.com/kubaivanov/pictures/main/pinterest/tampere--finland--pinterest-pin.png,Tampere,Tampere,Finland,61.4977524,23.7609535,Soak up Finland's UNESCO-listed sauna tradition in this hot-house heavy city.,active,Finland,Europe
6395181644,Loviisa,destination,https://daytrip.com/en/transfers/loviisa-fi,https://raw.githubusercontent.com/kubaivanov/pictures/main/pinterest/loviisa--finland--pinterest-pin.png,Loviisa,Loviisa,Finland,60.457874200000013,26.2278099,Loviisa is a charming little darling town with its provincial charm and seaside location,active,Finland,Europe
6395181645,Savonlinna,destination,https://daytrip.com/en/transfers/savonlinna-fi,https://raw.githubusercontent.com/kubaivanov/pictures/main/pinterest/savonlinna--finland--pinterest-pin.png,Savonlinna,Savonlinna,Finland,61.8683766,28.8861803,"Enjoy the amazing surroundings of this charming town, where you'll find one of Finland's finest castles and the world's rarest seal.",active,Finland,Europe
6395181646,Uusikaupunki,destination,https://daytrip.com/en/transfers/uusikaupunki-fi,https://raw.githubusercontent.com/kubaivanov/pictures/main/pinterest/uusikaupunki--finland--pinterest-pin.png,Uusikaupunki,Uusikaupunki,Finland,60.807601,21.402722,"This charming seaside town is famous for its wooden houses, maritime history, and an absurd museum.",active,Finland,Europe
6395181647,Lahti,destination,https://daytrip.com/en/transfers/lahti-fi,https://raw.githubusercontent.com/kubaivanov/pictures/main/pinterest/lahti--finland--pinterest-pin.png,Lahti,Lahti,Finland,60.982674900000013,25.6612096,Experience the Nordic lifestyle in the green gateway to the largest lake district in Europe.,active,Finland,Europe
6395181648,Porvoo,destination,https://daytrip.com/en/transfers/porvoo-fi,https://raw.githubusercontent.com/kubaivanov/pictures/main/pinterest/porvoo--finland--pinterest-pin.png,Porvoo,Porvoo,Finland,60.3931919,25.6652739,Make your own post cards exploring the photogenic streets and riverfront of one of Finland's oldest cities.,active,Finland,Europe
6395181649,Hameenlinna,destination,https://daytrip.com/en/transfers/hameenlinna-fi,https://raw.githubusercontent.com/kubaivanov/pictures/main/pinterest/hameenlinna--finland--pinterest-pin.png,Hameenlinna,Hameenlinna,Finland,60.9928787,24.4590243,"From a medieval castle to forested hiking trails, this historic city has a bit of everything.",active,Finland,Europe
6395181650,Rennes,destination,https://daytrip.com/en/transfers/rennes-fr,https://raw.githubusercontent.com/kubaivanov/pictures/main/pinterest/rennes--france--pinterest-pin.png,"Rennes, France",Rennes,France,48.117266,-1.6777926,"The capital of Brittany, and France's most liveable city, is filled with charming medieval houses, luxurious palaces.",active,France,Europe
6395181651,Bordeaux,destination,https://daytrip.com/en/transfers/bordeaux-fr,https://raw.githubusercontent.com/kubaivanov/pictures/main/pinterest/bordeaux--france--pinterest-pin.png,"Bordeaux, France",Bordeaux,France,44.837789,-0.57918,"Half of the wine capital of France is UNESCO-listed, meaning visitors can enjoy exceptional history in this elegant cultural capital.",active,France,Europe
6395181652,Puy du Fou,destination,https://daytrip.com/en/transfers/puy-du-fou-fr,https://raw.githubusercontent.com/kubaivanov/pictures/main/pinterest/puy-du-fou--france--pinterest-pin.png,Puy du Fou,Puy du Fou,France,46.889602400000008,-0.9281158,"With it's variety of jaw-dropping historical shows, this amazing theme park doesn't need rides to thrill visitors.",active,France,Europe
6395181653,Lourdes,destination,https://daytrip.com/en/transfers/lourdes-fr,https://raw.githubusercontent.com/kubaivanov/pictures/main/pinterest/lourdes--france--pinterest-pin.png,"65100 Lourdes, France",Lourdes,France,43.091463,-0.045726,"Visitors can experience one of the most important pilgrimage sites in Christianity, and an impressive castle all in one mountain town.",active,France,Europe
6395181654,Le Havre,destination,https://daytrip.com/en/transfers/le-havre-fr,https://raw.githubusercontent.com/kubaivanov/pictures/main/pinterest/le-havre--france--pinterest-pin.png,"Le Havre, France",Le Havre,France,49.49437,0.107929,"The first modern UNESCO-listed city was where Monet painted 'Impression, Sunrise' - the piece that kicked off the Impressionist movement.",active,France,Europe
6395181655,Saint Paul de Vence,destination,https://daytrip.com/en/transfers/saint-paul-de-vence-fr,https://raw.githubusercontent.com/kubaivanov/pictures/main/pinterest/saint-paul-de-vence--france--pinterest-pin.png,"St Paul de Vence, France",Saint Paul de Vence,France,43.696973,7.122138,"Dating back to over a thousand years, this charming medieval town is filled with art and history.",active,France,Europe
6395181661,Dijon,destination,https://daytrip.com/en/transfers/dijon-fr,https://raw.githubusercontent.com/kubaivanov/pictures/main/pinterest/dijon--france--pinterest-pin.png,"21000 Dijon, France",Dijon,France,47.322047,5.04148,"The historic capital of Burgundy is home to a UNESCO-listed medieval town center, and, of course, excellent food and wine.",active,France,Europe
6395181663,Kaysersberg,destination,https://daytrip.com/en/transfers/kaysersberg-fr,https://raw.githubusercontent.com/kubaivanov/pictures/main/pinterest/kaysersberg--france--pinterest-pin.png,"68240 Kaysersberg, France",Kaysersberg,France,48.13889,7.264023,"This charming village is filled with historic buildings, and specializes in a variety of wine brought from Hungary centuries ago.",active,France,Europe
6395181664,Riquewihr,destination,https://daytrip.com/en/transfers/riquewihr-fr,https://raw.githubusercontent.com/kubaivanov/pictures/main/pinterest/riquewihr--france--pinterest-pin.png,"68340 Riquewihr, France",Riquewihr,France,48.166158,7.299822,"Famed for its wine and old-world charm, this picturesque village looks just as it did centuries ago.",active,France,Europe
6395181665,Le Puy-en-Velay,destination,https://daytrip.com/en/transfers/le-puy-en-velay-fr,https://raw.githubusercontent.com/kubaivanov/pictures/main/pinterest/le-puy-en-velay--france--pinterest-pin.png,"43000 Le Puy, France",Le Puy-en-Velay,France,45.042768,3.882936,"Watched over by monument-topped hills, this charming town's distinctive, UNESCO-listed cathedral is a key stop on the Camino de Santiago de Compostela.",active,France,Europe
6395181666,Vienne,destination,https://daytrip.com/en/transfers/vienne-fr,https://raw.githubusercontent.com/kubaivanov/pictures/main/pinterest/vienne--france--pinterest-pin.png,"38200 Vienne, France",Vienne,France,45.525587,4.874339,"This river-side city predates the Romans, and its long history is proudly displayed in its many monuments.",active,France,Europe
6395181667,Saint-Jean-de-Luz,destination,https://daytrip.com/en/transfers/saint-jean-de-luz-fr,https://raw.githubusercontent.com/kubaivanov/pictures/main/pinterest/saint-jean-de-luz--france--pinterest-pin.png,Saint-Jean-de-Luz,Saint-Jean-de-Luz,France,43.388051,-1.663055,"Beach-goers and culture-seekers both get a kick out of this seaside town, which hosted Louis XIV's wedding.",active,France,Europe
6395181668,Vendome,destination,https://daytrip.com/en/transfers/vendome-fr,https://raw.githubusercontent.com/kubaivanov/pictures/main/pinterest/vendome--france--pinterest-pin.png,"Rue de l'Abbaye, 41100 Vendôme, France",Vendome,France,47.7912838,1.0688603,This picturesque medieval city has been named a Town of Art and History and a received the 4* Town in Bloom award.,active,France,Europe
6395181670,Auxerre,destination,https://daytrip.com/en/transfers/auxerre-fr,https://raw.githubusercontent.com/kubaivanov/pictures/main/pinterest/auxerre--france--pinterest-pin.png,"Auxerre, France",Auxerre,France,47.798202,3.573781,"In this riverside city's huge historic center, visitors will find distinct districts, each with their own attractions.",active,France,Europe
6395181671,Lascaux,destination,https://daytrip.com/en/transfers/lascaux-fr,https://raw.githubusercontent.com/kubaivanov/pictures/main/pinterest/lascaux--france--pinterest-pin.png,"Lascaux, 24290 Montignac, France",Lascaux,France,45.053919,1.167651,"In order to preserve the ancient cave paintings of this UNESCO World Heritage Site, visitors now experience the cave art in a cutting-edge museum.",active,France,Europe
6395181673,Valence,destination,https://daytrip.com/en/transfers/valence-fr,https://raw.githubusercontent.com/kubaivanov/pictures/main/pinterest/valence--france--pinterest-pin.png,"26000 Valence, France",Valence,France,44.933393,4.89236,"With a touch of Mediteranean flair, this canal-crossed city is the South of France's picturesque threshold.",active,France,Europe
6395181675,Nancy,destination,https://daytrip.com/en/transfers/nancy-fr,https://raw.githubusercontent.com/kubaivanov/pictures/main/pinterest/nancy--france--pinterest-pin.png,"Nancy, France",Nancy,France,48.692054,6.184417,This medieval town's squares are so beautiful that they're listed as UNESCO World Heritage Sites.,active,France,Europe
6395181676,Eguisheim,destination,https://daytrip.com/en/transfers/eguisheim-fr,https://raw.githubusercontent.com/kubaivanov/pictures/main/pinterest/eguisheim--france--pinterest-pin.png,"Eguisheim, France",Eguisheim,France,48.043265,7.3065219999999993,"Filled with half-timbered houses, flowers, and fountains, this medieval village is bursting with color and culture.",active,France,Europe
6395181677,St. Emilion,destination,https://daytrip.com/en/transfers/st-emilion-fr,https://raw.githubusercontent.com/kubaivanov/pictures/main/pinterest/st-emilion--france--pinterest-pin.png,,St. Emilion,France,44.894386999999988,-0.155729,"This stunning medieval city is recognized as UNESCO World Heritage Site for its rich winemaking tradition, and exquisite historic architecture.",active,France,Europe
6395181678,Niort,destination,https://daytrip.com/en/transfers/niort-fr,https://raw.githubusercontent.com/kubaivanov/pictures/main/pinterest/niort--france--pinterest-pin.png,"79000 Niort, France",Niort,France,46.323716,-0.46477699999999988,"This medieval city is now an important financial center, but they also saved a plethora of preserved historic monuments.",active,France,Europe
6395181679,Ajaccio,destination,https://daytrip.com/en/transfers/ajaccio-fr,https://raw.githubusercontent.com/kubaivanov/pictures/main/pinterest/ajaccio--france--pinterest-pin.png,Ajaccio,Ajaccio,France,41.919229,8.738635,Visit the birthplace of iconic French military leader Napoleon Bonaparte and uncover the alluring cultural subtleties of Corsica's capital city.,active,France,Europe
6395181680,Beziers,destination,https://daytrip.com/en/transfers/beziers-fr,https://raw.githubusercontent.com/kubaivanov/pictures/main/pinterest/beziers--france--pinterest-pin.png,"34500 Béziers, France",Beziers,France,43.344233,3.215795,"Famous for wine, bullfighting, and a medieval massacre, this ancient city combines culture and history into one scenic package.",active,France,Europe
6395181681,Toulon,destination,https://daytrip.com/en/transfers/toulon-fr,https://raw.githubusercontent.com/kubaivanov/pictures/main/pinterest/toulon--france--pinterest-pin.png,"Toulon, France",Toulon,France,43.124228,5.928,"Located on the Mediterranean coast of France, this former Roman settlement is now a thriving port city and home to the French naval fleet.",active,France,Europe
6395181682,Mulhouse,destination,https://daytrip.com/en/transfers/mulhouse-fr,https://raw.githubusercontent.com/kubaivanov/pictures/main/pinterest/mulhouse--france--pinterest-pin.png,"Mulhouse, France",Mulhouse,France,47.750839,7.335888,"Thanks to a thriving fabric industry, this medieval city is filled will colorful historic buildings and fascinating museums.",active,France,Europe
6395181683,Honfleur,destination,https://daytrip.com/en/transfers/honfleur-fr,https://raw.githubusercontent.com/kubaivanov/pictures/main/pinterest/honfleur--france--pinterest-pin.png,"Honfleur, France",Honfleur,France,49.418762,0.233262,"From medieval trade to Impressionist painting, this picturesque port has preserved every aspect of its rich heritage.",active,France,Europe
6395181684,Saintes,destination,https://daytrip.com/en/transfers/saintes-fr,https://raw.githubusercontent.com/kubaivanov/pictures/main/pinterest/saintes--france--pinterest-pin.png,"17100 Saintes, France",Saintes,France,45.744175,-0.633389,"Bisected by a river, this ancient town's historic landmarks trace its development back to the Roman times.",active,France,Europe
6395181685,Cognac,destination,https://daytrip.com/en/transfers/cognac-fr,https://raw.githubusercontent.com/kubaivanov/pictures/main/pinterest/cognac--france--pinterest-pin.png,"8 Rue de la Richonne, 16100 Cognac, France",Cognac,France,45.6966451,-0.3321844,"This medieval Town of Art and History is known the world over for its brandy, but it also has plenty of picturesque monuments.",active,France,Europe
6395181686,Aix-en-Provence,destination,https://daytrip.com/en/transfers/aix-en-provence-fr,https://raw.githubusercontent.com/kubaivanov/pictures/main/pinterest/aix-en-provence--france--pinterest-pin.png,"Aix-en-Provence, France",Aix-en-Provence,France,43.529742,5.4474269999999994,"The leafy boulevards, Romantic mansions, and plethora of fountains give a chic air to the former Provencal capital.",active,France,Europe
6395181687,Rocamadour,destination,https://daytrip.com/en/transfers/rocamadour-fr,https://raw.githubusercontent.com/kubaivanov/pictures/main/pinterest/rocamadour--france--pinterest-pin.png,"46500 Rocamadour, France",Rocamadour,France,44.800334610841844,1.6164365138778294,This UNESCO-listed pilgrimage site and its beautiful medieval architecture exist thanks to a mummified body found in a cliff.,active,France,Europe
6395181688,Bayeux,destination,https://daytrip.com/en/transfers/bayeux-fr,https://raw.githubusercontent.com/kubaivanov/pictures/main/pinterest/bayeux--france--pinterest-pin.png,"14400 Bayeux, France",Bayeux,France,49.276436999999987,-0.70314,"From its UNESCO-listed tapestry depicting the William the Conquerer's conquest of England to its D-Day memorials, this Norman city is awash in history.",active,France,Europe
6395181689,Les Baux-de-Provence,destination,https://daytrip.com/en/transfers/les-baux-fr,https://raw.githubusercontent.com/kubaivanov/pictures/main/pinterest/les-baux-de-provence--france--pinterest-pin.png,"13520 Les Baux-de-Provence, France",Les Baux-de-Provence,France,43.743887,4.7954950000000007,"Built on a rocky outcrop, the stone buildings and cobbled streets of one of France's most beautiful villages transport visitors to the Middle Ages.",active,France,Europe
6395181690,Nice,destination,https://daytrip.com/en/transfers/nice-fr,https://raw.githubusercontent.com/kubaivanov/pictures/main/pinterest/nice--france--pinterest-pin.png,"Nice, France",Nice,France,43.7101728,7.2619532000000007,"Right on the border of Italy, the skyline of Nice is full of blue waters, green shrubs, and red roofs.",active,France,Europe
6395181692,Porto-Vecchio,destination,https://daytrip.com/en/transfers/porto-vecchio-fr,https://raw.githubusercontent.com/kubaivanov/pictures/main/pinterest/porto-vecchio--france--pinterest-pin.png,Porto-Vecchio,Porto-Vecchio,France,41.591369,9.278311,"Spend your sun-bronzed summer in one of Corsica's most fashionable towns, a hotspot of chic eateries and boutiques nestled between beaches and historical sights.",active,France,Europe
6395181693,Nonza,destination,https://daytrip.com/en/transfers/nonza-fr,https://raw.githubusercontent.com/kubaivanov/pictures/main/pinterest/nonza--france--pinterest-pin.png,Nonza corsica,Nonza,France,42.785111,9.345691,"In this remarkable cliff-top village that plunges into the sea, find moments of rest and relaxation within ruins and ancient scenery transformed for holidaymakers.",active,France,Europe
6395181694,Limoges,destination,https://daytrip.com/en/transfers/limoges-fr,https://raw.githubusercontent.com/kubaivanov/pictures/main/pinterest/limoges--france--pinterest-pin.png,"Limoges, France",Limoges,France,45.833619000000013,1.261105,The long history of France's porcelain capital has been preserved in it charming historic quarter and many museums.,active,France,Europe
6395181695,Beauvais,destination,https://daytrip.com/en/transfers/beauvais-fr,https://raw.githubusercontent.com/kubaivanov/pictures/main/pinterest/beauvais--france--pinterest-pin.png,Beauvais,Beauvais,France,49.429538699999988,2.0807123,"Despite a rough 20th century, this ancient capital has a wealth of cultural monuments to discover, including what was once the world's tallest building.",active,France,Europe
6395181698,Orange,destination,https://daytrip.com/en/transfers/orange-fr,https://raw.githubusercontent.com/kubaivanov/pictures/main/pinterest/orange--france--pinterest-pin.png,"84100 Orange, France",Orange,France,44.1380989,4.807511,This charming Provencal town offers a scenic historic center and UNESCO-protected Roman architecture.,active,France,Europe
6395181699,Paris,destination,https://daytrip.com/en/transfers/paris-fr,https://raw.githubusercontent.com/kubaivanov/pictures/main/pinterest/paris--france--pinterest-pin.png,"Paris, France",Paris,France,48.856614,2.3522219,"The capital of the world's most visited country and incomparable in every aspect; enchanting Paris isn't just a city, it's an unforgettable world full of history, culture, and beauty.",active,France,Europe
6395181700,Sisteron,destination,https://daytrip.com/en/transfers/sisteron-fr,https://raw.githubusercontent.com/kubaivanov/pictures/main/pinterest/sisteron--france--pinterest-pin.png,"04200 Sisteron, France",Sisteron,France,44.194713,5.943191,"Sitting on the Napoleon Road, this charming ancient town is made even more beautiful by its sublime surroundings.",active,France,Europe
6395181701,Bonifacio,destination,https://daytrip.com/en/transfers/bonifacio-fr,https://raw.githubusercontent.com/kubaivanov/pictures/main/pinterest/bonifacio--france--pinterest-pin.png,Bonifacio corsica,Bonifacio,France,41.387173999999987,9.159269,"Perched atop stunning limestone cliffs, France's best-kept secret is a mecca of granite reefs, a lively harbor, and surreal sea views.",active,France,Europe
6395181702,Saint-Florent,destination,https://daytrip.com/en/transfers/saint-florent-fr,https://raw.githubusercontent.com/kubaivanov/pictures/main/pinterest/saint-florent--france--pinterest-pin.png,Saint-Florent corsica,Saint-Florent,France,42.681846,9.303704,"Encircled by turquoise waters and green mountains, this stunning fishing town bursts with endless gastronomic pleasures and seaside escapes.",active,France,Europe
6395181703,Poitiers,destination,https://daytrip.com/en/transfers/poitiers-fr,https://raw.githubusercontent.com/kubaivanov/pictures/main/pinterest/poitiers--france--pinterest-pin.png,"86000 Poitiers, France",Poitiers,France,46.580224000000008,0.340375,"While the French Revolution cost the town some of its iconic belltowers, it still has unmissable monuments, such as one of Europe's oldest churches.",active,France,Europe
6395181704,Hyeres,destination,https://daytrip.com/en/transfers/hyeres-fr,https://raw.githubusercontent.com/kubaivanov/pictures/main/pinterest/hyeres--france--pinterest-pin.png,"Hyères, France",Hyeres,France,43.120541,6.128639,This picturesque seaside village was the favourite retreat of the 18th century aristocracy.,active,France,Europe
6395181705,Tours,destination,https://daytrip.com/en/transfers/tours-fr,https://raw.githubusercontent.com/kubaivanov/pictures/main/pinterest/tours--france--pinterest-pin.png,"Tours, France",Tours,France,47.394144,0.68484,"The home of St. Martin is filled with beautiful parks, charming medieval houses and exceptional monuments.",active,France,Europe
6395181706,Rouen,destination,https://daytrip.com/en/transfers/rouen-fr,https://raw.githubusercontent.com/kubaivanov/pictures/main/pinterest/rouen--france--pinterest-pin.png,"Rouen, France",Rouen,France,49.443231999999988,1.099971,"Bristling with historic architecture, the picturesque Norman capital has an impressive cultural heritage to match, connecting William the Conqueror, Joan of Arc, and Claude Monet.",active,France,Europe
6395181707,Boulogne-sur-Mer,destination,https://daytrip.com/en/transfers/boulogne-sur-mer-fr,https://raw.githubusercontent.com/kubaivanov/pictures/main/pinterest/boulogne-sur-mer--france--pinterest-pin.png,"62200 Boulogne-sur-Mer, France",Boulogne-sur-Mer,France,50.725231,1.613334,"With its UNESCO-listed belfry, and renowned fresh seafood, this City of Art and History is an enchanting mixture of monuments and rustic seaside charm.",active,France,Europe
6395181709,Belfort,destination,https://daytrip.com/en/transfers/belfort-fr,https://raw.githubusercontent.com/kubaivanov/pictures/main/pinterest/belfort--france--pinterest-pin.png,"Belfort, France",Belfort,France,47.639674000000007,6.863849,"A giant lion statue, and even larger citadel watch over the peaceful squares and colorful buildings of this ancient city.",active,France,Europe
6395181712,Vannes,destination,https://daytrip.com/en/transfers/vannes-fr,https://raw.githubusercontent.com/kubaivanov/pictures/main/pinterest/vannes--france--pinterest-pin.png,"Vannes, France",Vannes,France,47.658236,-2.760847,One of Brittany's last fortified cities is filled with traditional architecture made even more striking by their vibrant colours.,active,France,Europe
6395181713,Besancon,destination,https://daytrip.com/en/transfers/besancon-fr,https://raw.githubusercontent.com/kubaivanov/pictures/main/pinterest/besancon--france--pinterest-pin.png,"25000 Besançon, France",Besancon,France,47.237829,6.0240538999999993,"The watch capital of France is a cultural delight, with its UNESCO listed fortress, charming historic buildings, and France's first public museum.",active,France,Europe
6395181714,Loches,destination,https://daytrip.com/en/transfers/loches-fr,https://raw.githubusercontent.com/kubaivanov/pictures/main/pinterest/loches--france--pinterest-pin.png,"37600 Loches, France",Loches,France,47.128158,0.997664,The castle atop this picturesque medieval village was the home of Charles VII and his official mistress.,active,France,Europe
6395181716,Clermont-Ferrand,destination,https://daytrip.com/en/transfers/clermont-ferrand-fr,https://raw.githubusercontent.com/kubaivanov/pictures/main/pinterest/clermont-ferrand--france--pinterest-pin.png,"Clermont-Ferrand, France",Clermont-Ferrand,France,45.777221999999988,3.087025,"With two historic centers, visitors can choose how they want to enjoy this ancient city's past - walking well-preserved streets, or seeing key monuments.",active,France,Europe
6395181717,Beaune,destination,https://daytrip.com/en/transfers/beaune-fr,https://raw.githubusercontent.com/kubaivanov/pictures/main/pinterest/beaune--france--pinterest-pin.png,"21200 Beaune, France",Beaune,France,47.026030000000013,4.840004,The wine capital of Burgundy is a cultural delight filled with historic monuments and some of the world's best wine.,active,France,Europe
6395181719,Dunkirk,destination,https://daytrip.com/en/transfers/dunkirk-fr,https://raw.githubusercontent.com/kubaivanov/pictures/main/pinterest/dunkirk--france--pinterest-pin.png,"Dunkirk, France",Dunkirk,France,51.0343684,2.3767763,"In 1940, over 300,000 Allied troops miraculously escaped being overwhelmed by German forces.",active,France,Europe
6395181720,Tende,destination,https://daytrip.com/en/transfers/tende-fr,https://raw.githubusercontent.com/kubaivanov/pictures/main/pinterest/tende--france--pinterest-pin.png,"06430 Tende, France",Tende,France,44.089097,7.593454,The lived-in atmosphere of this medieval village gives an unfiltered and unpolished taste of the Old World.,active,France,Europe
6395181721,Dinan,destination,https://daytrip.com/en/transfers/dinan-fr,https://raw.githubusercontent.com/kubaivanov/pictures/main/pinterest/dinan--france--pinterest-pin.png,"22100 Dinan, France",Dinan,France,48.454366,-2.047327,"With its cobbled streets and quaint houses, this perfectly preserved riverside town looks just as it did centuries ago.",active,France,Europe
6395181722,Troyes,destination,https://daytrip.com/en/transfers/troyes-fr,https://raw.githubusercontent.com/kubaivanov/pictures/main/pinterest/troyes--france--pinterest-pin.png,"10000 Troyes, France",Troyes,France,48.2973451,4.0744009,This medieval city is the national capital for half-timbered houses and knitwear.,active,France,Europe
6395181723,Cahors,destination,https://daytrip.com/en/transfers/cahors-fr,https://raw.githubusercontent.com/kubaivanov/pictures/main/pinterest/cahors--france--pinterest-pin.png,"46000 Cahors, France",Cahors,France,44.4475229,1.441989,"Infamous for charging interest on loans, this picturesque city and its UNESCO-listed bridge were mentioned alongside Sodom in Dante's Inferno.",active,France,Europe
6395181725,Nimes,destination,https://daytrip.com/en/transfers/nimes-fr,https://raw.githubusercontent.com/kubaivanov/pictures/main/pinterest/nimes--france--pinterest-pin.png,"Nimes, France",Nimes,France,43.836699,4.360054,"The birthplace of blue jeans offers a scenic center, and the best-preserved collection of Roman relics in France.",active,France,Europe
6395181726,Sant'Antonino,destination,https://daytrip.com/en/transfers/sant-antonino-fr,https://raw.githubusercontent.com/kubaivanov/pictures/main/pinterest/sant-antonino--france--pinterest-pin.png,Sant'Antonino corsica,Sant'Antonino,France,42.589356,8.905028999999999,"Plunge into a rural past filled with authentic cobblestoned alleyways and winding greenery, in this town that's been named one of the most beautiful villages of France.",active,France,Europe
6395181727,Corte,destination,https://daytrip.com/en/transfers/corte-fr,https://raw.githubusercontent.com/kubaivanov/pictures/main/pinterest/corte--france--pinterest-pin.png,Corte corsica,Corte,France,42.309409,9.149022,"Amidst the Corsican mountain ranges and straddled by meandering rivers, this French commune offers unmatched natural landscapes and a quaint town to boot.",active,France,Europe
6395181730,Sartene,destination,https://daytrip.com/en/transfers/sartene-fr,https://raw.githubusercontent.com/kubaivanov/pictures/main/pinterest/sartene--france--pinterest-pin.png,Sartene corsica,Sartene,France,41.621822,8.97472,"Sitting in the enchanting French hinterland, picturesque Mediterranean buildings meld with dark passageways and the echoes of medieval history in this sublime town.",active,France,Europe
6395181732,La Roque-Gageac,destination,https://daytrip.com/en/transfers/la-roque-gageac-fr,https://raw.githubusercontent.com/kubaivanov/pictures/main/pinterest/la-roque-gageac--france--pinterest-pin.png,"24250 La Roque-Gageac, France",La Roque-Gageac,France,44.825047,1.184259,This charming medieval village is filled with exotic vegetation thanks to the protection provided by the dramatic cliff behind it.,active,France,Europe
6395181734,Senlis,destination,https://daytrip.com/en/transfers/senlis-fr,https://raw.githubusercontent.com/kubaivanov/pictures/main/pinterest/senlis--france--pinterest-pin.png,"60300 Senlis, France",Senlis,France,49.205164,2.583212,"The medieval seat of the French Monarchy, this charming town has monuments dating back to the Romans.",active,France,Europe
6395181735,Gordes,destination,https://daytrip.com/en/transfers/gordes-fr,https://raw.githubusercontent.com/kubaivanov/pictures/main/pinterest/gordes--france--pinterest-pin.png,"84220 Gordes, France",Gordes,France,43.911314999999988,5.200176,Quaint stone houses crowned by a Renaissance castle - it's easy to see why Gordes is one of the 'Most Beautiful Villages in France'.,active,France,Europe
6395181736,Calvi,destination,https://daytrip.com/en/transfers/calvi-fr,https://raw.githubusercontent.com/kubaivanov/pictures/main/pinterest/calvi--france--pinterest-pin.png,Calvi,Calvi,France,42.567651,8.7572219999999987,"An impregnable citadel stands at the center of this idyllic town, overflowing with lively restaurants and unbeatable views.",active,France,Europe
6395181737,Mont Saint Michel,destination,https://daytrip.com/en/transfers/mont-saint-michel-fr,https://raw.githubusercontent.com/kubaivanov/pictures/main/pinterest/mont-saint-michel--france--pinterest-pin.png,"50170 Mont Saint-Michel, France",Mont Saint Michel,France,48.61768226967768,-1.5111995079346343,This UNESCO World Heritage Site is a feat of medieval engineering that came to defy the might of England.,active,France,Europe
6395181738,Provins,destination,https://daytrip.com/en/transfers/provins-fr,https://raw.githubusercontent.com/kubaivanov/pictures/main/pinterest/provins--france--pinterest-pin.png,"77160 Provins, France",Provins,France,48.560149,3.299203,"This UNESCO-protected town, with its well-preserved medieval walls and historic town center once hosted some of the largest fairs in Europe.",active,France,Europe
6395181739,Avignon,destination,https://daytrip.com/en/transfers/avignon-fr,https://raw.githubusercontent.com/kubaivanov/pictures/main/pinterest/avignon--france--pinterest-pin.png,"Avignon, France",Avignon,France,43.949317000000008,4.805528,"One the Papal seat, and now home to two UNESCO monuments, it's hard to pull yourself away from this entrancing provincial city.",active,France,Europe
6395181740,Moustiers Sainte-Marie,destination,https://daytrip.com/en/transfers/moustiers-sainte-marie-fr,https://raw.githubusercontent.com/kubaivanov/pictures/main/pinterest/moustiers-sainte-marie--france--pinterest-pin.png,"04360 Moustiers-Sainte-Marie, France",Moustiers Sainte-Marie,France,43.8456819,6.221481,"For as long as anyone can remember, this picturesque medieval town has had a star hanging over it.",active,France,Europe
6395181741,Chartres,destination,https://daytrip.com/en/transfers/chartres-fr,https://raw.githubusercontent.com/kubaivanov/pictures/main/pinterest/chartres--france--pinterest-pin.png,"28000 Chartres, France",Chartres,France,48.443853999999988,1.489012,This ancient city's UNESCO-listed Cathedral was saved thanks to an American soldier's bravery.,active,France,Europe
6395181743,Calenzana,destination,https://daytrip.com/en/transfers/calenzana-fr,https://raw.githubusercontent.com/kubaivanov/pictures/main/pinterest/calenzana--france--pinterest-pin.png,Calenzana,Calenzana,France,42.50754,8.8555569,Live like a local in this traditional Corsican town at the foot of Monte Grosso.,active,France,Europe
6395181744,Dole,destination,https://daytrip.com/en/transfers/dole-fr,https://raw.githubusercontent.com/kubaivanov/pictures/main/pinterest/dole--france--pinterest-pin.png,"39100 Dole, France",Dole,France,47.09534,5.49081,"Once the capital of the region, Dole's picturesque narrow streets are lined with charming buildings and houses dating from the middle ages onward.",active,France,Europe
6395181745,Verdon Gorge - Pont du Galetas,destination,https://daytrip.com/en/transfers/verdon-gorge-pont-du-galetas-fr,https://raw.githubusercontent.com/kubaivanov/pictures/main/pinterest/verdon-gorge-pont-du-galetas--france--pinterest-pin.png,Verdon Gorge - Pont du Galetas,Verdon Gorge - Pont du Galetas,France,43.8017152,6.2494064,"From the iconic bridge, witness France's deepest gorge carved through ancient seabed limestone, revealing 250 million years of geological drama.",active,France,Europe
6395181747,Annecy,destination,https://daytrip.com/en/transfers/annecy-fr,https://raw.githubusercontent.com/kubaivanov/pictures/main/pinterest/annecy--france--pinterest-pin.png,"Annecy, France",Annecy,France,45.899247,6.129384,"This ancient city's magical old town, filled with canals, flowers, and stately buildings is truly a historic gem.",active,France,Europe
6395181748,Antibes,destination,https://daytrip.com/en/transfers/antibes-fr,https://raw.githubusercontent.com/kubaivanov/pictures/main/pinterest/antibes--france--pinterest-pin.png,"Antibes, France",Antibes,France,43.580417999999987,7.125102,"The rich history of this ancient port has inspired countless artists, including Picasso, who left its medieval castle an incomparable collection of hist work.",active,France,Europe
6395181749,Erbalunga,destination,https://daytrip.com/en/transfers/erbalunga-fr,https://raw.githubusercontent.com/kubaivanov/pictures/main/pinterest/erbalunga--france--pinterest-pin.png,Erbalunga,Erbalunga,France,42.774716,9.4745499999999989,"This ancient fishing village is a capsule of its vibrant past, now a modern-day artist's retreat with endless visual inspiration and regular music festivals.",active,France,Europe
6395181751,Hardwick Park,destination,https://daytrip.com/en/transfers/hardwick-park-gb,https://raw.githubusercontent.com/kubaivanov/pictures/main/pinterest/hardwick-park--united-kingdom--pinterest-pin.png,Hardwick Park,Hardwick Park,United Kingdom,54.653140251579572,-1.46640646505125,This pleasant park has been painstakingly restored to provide visitors with a beautiful combination of natural scenery and historic ruins.,active,United Kingdom,Europe
6395181758,Arlington Row,destination,https://daytrip.com/en/transfers/arlington-row-bibury-gb,https://raw.githubusercontent.com/kubaivanov/pictures/main/pinterest/arlington-row--united-kingdom--pinterest-pin.png,"Bibury, Cirencester GL7, UK",Arlington Row,United Kingdom,51.7588076,-1.8307755,The quaint medieval cottages that line this historic street are so picture-perfect they're in the UK passport.,active,United Kingdom,Europe
6395181759,Derwent Valley Mills,destination,https://daytrip.com/en/transfers/derwent-valley-mills-gb,https://raw.githubusercontent.com/kubaivanov/pictures/main/pinterest/derwent-valley-mills--united-kingdom--pinterest-pin.png,"Cromford, Matlock DE4, UK",Derwent Valley Mills,United Kingdom,53.1074434,-1.5626182,This UNESCO World Heritage Site was the world's first modern factory and the first industrial settlement.,active,United Kingdom,Europe
6395181760,Ouse Valley Viaduct,destination,https://daytrip.com/en/transfers/ouse-valley-viaduct-gb,https://raw.githubusercontent.com/kubaivanov/pictures/main/pinterest/ouse-valley-viaduct--united-kingdom--pinterest-pin.png,"Ouse Valley Viaduct, Borde Hill Ln, Haywards Heath RH17 6QP, UK",Ouse Valley Viaduct,United Kingdom,51.035229500000007,-0.1147261,Looking through the piers beneath this ¼ mile long Victorian-era bridge creates an infinitely repeating illusion.,active,United Kingdom,Europe
6395181768,The Forth Bridge,destination,https://daytrip.com/en/transfers/the-forth-bridge-gb,https://raw.githubusercontent.com/kubaivanov/pictures/main/pinterest/the-forth-bridge--united-kingdom--pinterest-pin.png,"Forth Bridge, United Kingdom",The Forth Bridge,United Kingdom,56.0006491,-3.3884392,"This UNESCO World Heritage Site was a groundbreaking feat of engineering in its design, materials, and scale.",active,United Kingdom,Europe
6395181769,Birmingham,destination,https://daytrip.com/en/transfers/birmingham-gb,https://raw.githubusercontent.com/kubaivanov/pictures/main/pinterest/birmingham--united-kingdom--pinterest-pin.png,Cathedral square Birmingham UK,Birmingham,United Kingdom,52.4811604,-1.8985429,"Uncover the dark history of the Peaky Blinders gang, or be dazzled by Europe's largest jewellery quarter in England's vibrant second city.",active,United Kingdom,Europe
6395181773,Edinburgh,destination,https://daytrip.com/en/transfers/edinburgh-gb,https://raw.githubusercontent.com/kubaivanov/pictures/main/pinterest/edinburgh--united-kingdom--pinterest-pin.png,"Edinburgh, UK",Edinburgh,United Kingdom,55.953252,-3.188267,Scotland's enchanting capital is a UNESCO-listed combination of medieval monuments with neoclassical elegance.,active,United Kingdom,Europe
6395181776,Anglesey Abbey,destination,https://daytrip.com/en/transfers/anglesey-abbey-gb,https://raw.githubusercontent.com/kubaivanov/pictures/main/pinterest/anglesey-abbey--united-kingdom--pinterest-pin.png,Anglesey Abbey,Anglesey Abbey,United Kingdom,52.2362247,0.244487,A 20th century eccentric filled this historic estate with a fantastic collection of art and furniture.,active,United Kingdom,Europe
6395181778,Dundee,destination,https://daytrip.com/en/transfers/dundee-gb,https://raw.githubusercontent.com/kubaivanov/pictures/main/pinterest/dundee--united-kingdom--pinterest-pin.png,"Dundee, Scotland",Dundee,United Kingdom,56.462018,-2.970721,"Scotland sunniest city is a UNESCO City of Design, and home to the only V&A museum outside of London.",active,United Kingdom,Europe
6395181779,Aberdeen,destination,https://daytrip.com/en/transfers/aberdeen-gb,https://raw.githubusercontent.com/kubaivanov/pictures/main/pinterest/aberdeen--united-kingdom--pinterest-pin.png,Aberdeen,Aberdeen,United Kingdom,57.149717,-2.094278,"Filled with historic buildings and award-winning gardens, this seaside city actually shines thanks to the local granite used for many of its buildings.",active,United Kingdom,Europe
6395181783,Chawton,destination,https://daytrip.com/en/transfers/jane-austen-s-house-museum-gb,https://raw.githubusercontent.com/kubaivanov/pictures/main/pinterest/chawton--united-kingdom--pinterest-pin.png,Jane Austen's House Museum,Chawton,United Kingdom,51.133093,-0.98900499999999991,"Experience the life and times of Jane Austen in the house where she wrote most of her major works, including Pride and Prejudice.",active,United Kingdom,Europe
6395181787,Cliveden,destination,https://daytrip.com/en/transfers/cliveden-gb,https://raw.githubusercontent.com/kubaivanov/pictures/main/pinterest/cliveden--united-kingdom--pinterest-pin.png,"Cliveden Rd, Taplow, Maidenhead SL6 0JF, UK",Cliveden,United Kingdom,51.5581589,-0.6883189,"With its gorgeous gardens and luxurious decor, this manor is famous for its lavish hospitality - and an affair that nearly toppled the British government.",active,United Kingdom,Europe
6395181790,New Lanark,destination,https://daytrip.com/en/transfers/new-lanark-gb,https://raw.githubusercontent.com/kubaivanov/pictures/main/pinterest/new-lanark--united-kingdom--pinterest-pin.png,"New Lanark Rd, Lanark ML11 9DB, UK",New Lanark,United Kingdom,55.662764499999987,-3.7794065999999988,"This UNESCO World Heritage Site proved that industry could still prosper while still treating workers humanely, providing housing, healthcare, and other social benefits.",active,United Kingdom,Europe
6395181802,Liverpool,destination,https://daytrip.com/en/transfers/liverpool-gb,https://raw.githubusercontent.com/kubaivanov/pictures/main/pinterest/liverpool--united-kingdom--pinterest-pin.png,"Liverpool, UK",Liverpool,United Kingdom,53.4083714,-2.9915726,"The birthplace of The Beatles and a UNESCO-listed waterfront, this vibrant port city is alive with centuries of culture.",active,United Kingdom,Europe
6395181805,Great Orme,destination,https://daytrip.com/en/transfers/great-orme-gb,https://raw.githubusercontent.com/kubaivanov/pictures/main/pinterest/great-orme--united-kingdom--pinterest-pin.png,Great Orme,Great Orme,United Kingdom,53.3325277,-3.85225,"Rising dramatically out of the sea, this limestone headland is the site of the world's largest ancient copper mine.",active,United Kingdom,Europe
6395181807,Ironbridge Gorge,destination,https://daytrip.com/en/transfers/ironbridge-gorge-gb,https://raw.githubusercontent.com/kubaivanov/pictures/main/pinterest/ironbridge-gorge--united-kingdom--pinterest-pin.png,"Ironbridge, Telford TF8, UK",Ironbridge Gorge,United Kingdom,52.628384999999987,-2.481324,The world's first iron bridge was the spark in this UNESCO-listed town that ignited the Industrial Revolution.,active,United Kingdom,Europe
6395181809,Lydford Gorge,destination,https://daytrip.com/en/transfers/lydford-gorge-gb,https://raw.githubusercontent.com/kubaivanov/pictures/main/pinterest/lydford-gorge--united-kingdom--pinterest-pin.png,"National Trust - Lydford Gorge, Okehampton EX20 4BH, UK",Lydford Gorge,United Kingdom,50.6423103,-4.1091871,"Surrounded by ancient woodland, a hike through the region's deepest gorge is highlighted by a stunning waterfall and dramatic rock formation.",active,United Kingdom,Europe
6395181815,Cambridge,destination,https://daytrip.com/en/transfers/cambridge-gb,https://raw.githubusercontent.com/kubaivanov/pictures/main/pinterest/cambridge--united-kingdom--pinterest-pin.png,"Cambridge, UK",Cambridge,United Kingdom,52.205337,0.121817,"Bridging the River Cam, this medieval city's skyline is dominated by the historic buildings of its renowned university.",active,United Kingdom,Europe
6395181819,Arbeia Roman Fort,destination,https://daytrip.com/en/transfers/arbeia-roman-fort-gb,https://raw.githubusercontent.com/kubaivanov/pictures/main/pinterest/arbeia-roman-fort--united-kingdom--pinterest-pin.png,"Baring St, South Shields NE33 2BB, UK",Arbeia Roman Fort,United Kingdom,55.0041017,-1.4319928,This UNESCO World Heritage Site played a key role in defending the Roman Empire's most northern border.,active,United Kingdom,Europe
6395181820,Belfast,destination,https://daytrip.com/en/transfers/belfast-gb,https://raw.githubusercontent.com/kubaivanov/pictures/main/pinterest/belfast--united-kingdom--pinterest-pin.png,Belfast,Belfast,United Kingdom,54.597285000000007,-5.93012,"At the mouth of the River Lagan lies Northern Ireland's capital city, Belfast, well known for being the birthplace of the infamous passenger ship, the Titanic.",active,United Kingdom,Europe
6395181822,Baddesley Clinton,destination,https://daytrip.com/en/transfers/baddesley-clinton-gb,https://raw.githubusercontent.com/kubaivanov/pictures/main/pinterest/baddesley-clinton--united-kingdom--pinterest-pin.png,Baddesley Clinton UK,Baddesley Clinton,United Kingdom,52.343783599999988,-1.7022988,"Home to the same family for 500 years, this beautiful moated manor has secret rooms where Catholics once hid from persecution.",active,United Kingdom,Europe
6395181828,Monkey World Wareham,destination,https://daytrip.com/en/transfers/monkey-world-wareham-gb,https://raw.githubusercontent.com/kubaivanov/pictures/main/pinterest/monkey-world-wareham--united-kingdom--pinterest-pin.png,"Longthorns, Wareham BH20 6HH, UK",Monkey World Wareham,United Kingdom,50.6976002,-2.2171559,This sanctuary rescues primates from all over the world to provide them with a safe and comfortable space.,active,United Kingdom,Europe
6395181832,Northampton,destination,https://daytrip.com/en/transfers/northampton-gb,https://raw.githubusercontent.com/kubaivanov/pictures/main/pinterest/northampton--united-kingdom--pinterest-pin.png,"Northampton, UK",Northampton,United Kingdom,52.240477,-0.90265600000000012,"England's shoe-making capital has a rich heritage, from medieval churches to England's only Charles Rennie Mackintosh house.",active,United Kingdom,Europe
6395181833,Brighton,destination,https://daytrip.com/en/transfers/brighton-gb,https://raw.githubusercontent.com/kubaivanov/pictures/main/pinterest/brighton--united-kingdom--pinterest-pin.png,"4/5 Pavilion Buildings, Brighton BN1 1EE, UK",Brighton,United Kingdom,50.8223517,-0.1376855,"With its exotic royal palace, historic pier, and lively cultural scene, this seaside resort town is easy to love.",active,United Kingdom,Europe
6395181836,Ayscoughfee Hall,destination,https://daytrip.com/en/transfers/ayscoughfee-hall-gb,https://raw.githubusercontent.com/kubaivanov/pictures/main/pinterest/ayscoughfee-hall--united-kingdom--pinterest-pin.png,Ayscoughfee Hall,Ayscoughfee Hall,United Kingdom,52.784406,-0.1495304,The elegant home of a notable antiquarian now houses a regional museum in its historic halls.,active,United Kingdom,Europe
6395181837,Levens Hall,destination,https://daytrip.com/en/transfers/levens-hall-gb,https://raw.githubusercontent.com/kubaivanov/pictures/main/pinterest/levens-hall--united-kingdom--pinterest-pin.png,Levens Hall,Levens Hall,United Kingdom,54.2588211,-2.7768946,The tremendous topiary garden surrounding this stunning Elizabethan manor is the oldest in the world.,active,United Kingdom,Europe
6395181839,Newstead Abbey,destination,https://daytrip.com/en/transfers/newstead-abbey-gb,https://raw.githubusercontent.com/kubaivanov/pictures/main/pinterest/newstead-abbey--united-kingdom--pinterest-pin.png,Newstead Abbey,Newstead Abbey,United Kingdom,53.078312,-1.192648,"The story of Lord Byron's ancestral home is stranger than fiction, with sunken treasures, dog-tombs, and faux-forts for shooting at servants during mock naval battles.",active,United Kingdom,Europe
6395181841,Buckfast Abbey,destination,https://daytrip.com/en/transfers/buckfast-abbey-gb,https://raw.githubusercontent.com/kubaivanov/pictures/main/pinterest/buckfast-abbey--united-kingdom--pinterest-pin.png,Buckfast Abbey,Buckfast Abbey,United Kingdom,50.492731199999987,-3.7758593,This beautiful neo-Gothic Abbey is widely known for its caffeine infused fortified wine.,active,United Kingdom,Europe
6395181846,Barrington Court,destination,https://daytrip.com/en/transfers/barrington-court-gb,https://raw.githubusercontent.com/kubaivanov/pictures/main/pinterest/barrington-court--united-kingdom--pinterest-pin.png,Barrington Court,Barrington Court,United Kingdom,50.9612367,-2.8614073,"Featured in BBC's Wolf Hall, this stunning Tudor Manor was one of the first buildings to be preserved by the National Trust.",active,United Kingdom,Europe
6395181848,Eden Project,destination,https://daytrip.com/en/transfers/eden-project-gb,https://raw.githubusercontent.com/kubaivanov/pictures/main/pinterest/eden-project--united-kingdom--pinterest-pin.png,"Eden Project, Bodelva, Par PL24 2SG, UK",Eden Project,United Kingdom,50.3601344,-4.7447178,"Surrounded by beautiful botanical gardens these giant domes house the world's largest indoor rainforest, and a slice of the Mediterranean.",active,United Kingdom,Europe
6395181851,Abbotsford House,destination,https://daytrip.com/en/transfers/abbotsford-house-gb,https://raw.githubusercontent.com/kubaivanov/pictures/main/pinterest/abbotsford-house--united-kingdom--pinterest-pin.png,Abbotsford House,Abbotsford House,United Kingdom,55.6003073,-2.779491,"Sir Walter Scott's lavish manor, designed by the author himself, is filled with the author's amazing collection of artefacts from Scottish history.",active,United Kingdom,Europe
6395182202,Lacock,destination,https://daytrip.com/en/transfers/lacock-gb,https://raw.githubusercontent.com/kubaivanov/pictures/main/pinterest/lacock--united-kingdom--pinterest-pin.png,"Lacock, Chippenham SN15, UK",Lacock,United Kingdom,51.4157861,-2.1229284,"This perfectly-preserved Cotswold town is essentially a living museum, and was featured in Harry Potter and Downton Abbey.",active,United Kingdom,Europe
6395182204,Greenwich,destination,https://daytrip.com/en/transfers/greenwich-gb,https://raw.githubusercontent.com/kubaivanov/pictures/main/pinterest/greenwich--united-kingdom--pinterest-pin.png,"Greenwich, London SE10 9NN, UK",Greenwich,United Kingdom,51.482576599999987,-0.0076589,Immerse yourself in England's rich scientific and maritime heritage in this UNESCO-listed ensemble of historic monuments.,active,United Kingdom,Europe
6395182213,Polesden Lacey,destination,https://daytrip.com/en/transfers/polesden-lacey-gb,https://raw.githubusercontent.com/kubaivanov/pictures/main/pinterest/polesden-lacey--united-kingdom--pinterest-pin.png,Polesden Lacey,Polesden Lacey,United Kingdom,51.2588624,-0.3741693,"Remodelled by the Ritz architects, this beautiful country manor is so lavish that George VI and Queen Elizabeth spent part of their honeymoon here.",active,United Kingdom,Europe
6395182214,Glen Coe,destination,https://daytrip.com/en/transfers/glen-coe-gb,https://raw.githubusercontent.com/kubaivanov/pictures/main/pinterest/glen-coe--united-kingdom--pinterest-pin.png,Glen Coe National Nature Reserve,Glen Coe,United Kingdom,56.6603079,-5.0682985999999994,This beautiful section of the Scottish Highlands has been featured in everything from Monty Python and the Holy Grail to Harry Potter.,active,United Kingdom,Europe
6395182216,Victoria Harbour,destination,https://daytrip.com/en/transfers/victoria-harbour-gb,https://raw.githubusercontent.com/kubaivanov/pictures/main/pinterest/victoria-harbour--united-kingdom--pinterest-pin.png,Victoria Harbour Dunbar UK,Victoria Harbour,United Kingdom,56.0048091,-2.5148116,The fishing boats berthed in this calm harbour are guarded by two historic fortifications.,active,United Kingdom,Europe
6395182217,London,destination,https://daytrip.com/en/transfers/london-gb,https://raw.githubusercontent.com/kubaivanov/pictures/main/pinterest/london--united-kingdom--pinterest-pin.png,"London, UK",London,United Kingdom,51.5073509,-0.1277583,"Historic monuments, modern innovation, and countless cultures meld together to make one inimitable metropolis.",active,United Kingdom,Europe
6395182218,Glasgow,destination,https://daytrip.com/en/transfers/glasgow-gb,https://raw.githubusercontent.com/kubaivanov/pictures/main/pinterest/glasgow--united-kingdom--pinterest-pin.png,Glasgow,Glasgow,United Kingdom,55.864237,-4.251806,"Welcome to Glasgow, Scotland's largest city and a vibrant hub of culture, history, and modernity, known for its rich industrial heritage and dynamic arts scene.",active,United Kingdom,Europe
6395182222,Thirsk,destination,https://daytrip.com/en/transfers/thirsk-gb,https://raw.githubusercontent.com/kubaivanov/pictures/main/pinterest/thirsk--united-kingdom--pinterest-pin.png,Thirsk,Thirsk,United Kingdom,54.233849,-1.341377,This charming town has the UK's only veterinary museum in the former home of the author of 'All Things Great and Small'.,active,United Kingdom,Europe
6395182225,Armagh,destination,https://daytrip.com/en/transfers/armagh-gb,https://raw.githubusercontent.com/kubaivanov/pictures/main/pinterest/armagh--united-kingdom--pinterest-pin.png,Armagh,Armagh,United Kingdom,54.3502798,-6.652792,"With close ties to St. Patrick, Ireland's ecclesiastical capital is a living history lesson.",active,United Kingdom,Europe
6395182233,Harrogate,destination,https://daytrip.com/en/transfers/harrogate-gb,https://raw.githubusercontent.com/kubaivanov/pictures/main/pinterest/harrogate--united-kingdom--pinterest-pin.png,Harrogate,Harrogate,United Kingdom,53.99212,-1.541812,"Consistently voted the happiest place to live in Britain, this historic town offers everything from Turkish Baths to UNESCO-listed ruins.",active,United Kingdom,Europe
6395182235,Mayfield Lavender Farm,destination,https://daytrip.com/en/transfers/mayfield-lavender-farm-gb,https://raw.githubusercontent.com/kubaivanov/pictures/main/pinterest/mayfield-lavender-farm--united-kingdom--pinterest-pin.png,"1 Carshalton Rd, Banstead SM7 3JA, UK",Mayfield Lavender Farm,United Kingdom,51.3345207,-0.1681261,"During the summer, a sea of blossoming lavender makes this organic farm a fragrant slice of paradise.",active,United Kingdom,Europe
6395182238,City of Bath,destination,https://daytrip.com/en/transfers/bath-gb,https://raw.githubusercontent.com/kubaivanov/pictures/main/pinterest/city-of-bath--united-kingdom--pinterest-pin.png,"Bath, UK",City of Bath,United Kingdom,51.375801,-2.3599039,"This UNESCO-listed city is home to the world's best-preserved Roman bathhouses, stupendous Georgian architecture, and Jane Austen.",active,United Kingdom,Europe
6395182243,IWM Duxford,destination,https://daytrip.com/en/transfers/iwm-duxford-gb,https://raw.githubusercontent.com/kubaivanov/pictures/main/pinterest/iwm-duxford--united-kingdom--pinterest-pin.png,"Duxford, Cambridge CB22 4QR, UK",IWM Duxford,United Kingdom,52.0960072,0.1354295,"The history of flight comes alive at Britain's largest aviation museum, where visitors can step inside the Concord, or see Spitfires take to the skies.",active,United Kingdom,Europe
6395182252,Cardiff,destination,https://daytrip.com/en/transfers/cardiff-gb,https://raw.githubusercontent.com/kubaivanov/pictures/main/pinterest/cardiff--united-kingdom--pinterest-pin.png,Cardiff,Cardiff,United Kingdom,51.481581000000013,-3.17909,"Centered around a magnificent castle, Europe's youngest capital is a dynamic waterfront city that hasn't forgotten its past.",active,United Kingdom,Europe
6395182254,Gloucester,destination,https://daytrip.com/en/transfers/gloucester-gb,https://raw.githubusercontent.com/kubaivanov/pictures/main/pinterest/gloucester--united-kingdom--pinterest-pin.png,"Gloucester, UK",Gloucester,United Kingdom,51.8642449,-2.238156,"From medieval metropolis to inland port, this vibrant city delights visitors with relics from its 2000 year history alongside cosmopolitan comforts.",active,United Kingdom,Europe
6395182256,Oxford,destination,https://daytrip.com/en/transfers/oxford-gb,https://raw.githubusercontent.com/kubaivanov/pictures/main/pinterest/oxford--united-kingdom--pinterest-pin.png,Oxford,Oxford,United Kingdom,51.7520209,-1.2577263,"Renowned for its prestigious university and stunning architecture, this vibrant city has something for everyone from antiquarians to Harry Potter fans.",active,United Kingdom,Europe
6395182260,Grantchester Village,destination,https://daytrip.com/en/transfers/grantchester-village-gb,https://raw.githubusercontent.com/kubaivanov/pictures/main/pinterest/grantchester-village--united-kingdom--pinterest-pin.png,"Grantchester, Cambridge CB3, UK",Grantchester Village,United Kingdom,52.1810072,0.0932245,"A favourite retreat among academics and Nobel laureates, this idyllic village is the real-world setting for the popular detective show of the same name.",active,United Kingdom,Europe
6395182261,Giant's Causeway,destination,https://daytrip.com/en/transfers/giant-s-causeway-gb,https://raw.githubusercontent.com/kubaivanov/pictures/main/pinterest/giant-s-causeway--united-kingdom--pinterest-pin.png,Giant's Causeway,Giant's Causeway,United Kingdom,55.2408073,-6.5115554,"This geological marvel is renowned for its unique hexagonal basalt columns, formed over 60 million years ago by intense volcanic activity.",active,United Kingdom,Europe
6395182263,Ightham Mote,destination,https://daytrip.com/en/transfers/ightham-mote-gb,https://raw.githubusercontent.com/kubaivanov/pictures/main/pinterest/ightham-mote--united-kingdom--pinterest-pin.png,"Mote Rd, Ivy Hatch, Sevenoaks TN15 0NT, UK",Ightham Mote,United Kingdom,51.258444999999988,0.2695244,One of England's oldest and best preserved medieval manor houses is a charming trip through time.,active,United Kingdom,Europe
6395182265,Exeter,destination,https://daytrip.com/en/transfers/exeter-gb,https://raw.githubusercontent.com/kubaivanov/pictures/main/pinterest/exeter--united-kingdom--pinterest-pin.png,Exeter UK,Exeter,United Kingdom,50.718412,-3.533899,"With its spectacular Cathedral, long history, and blossoming cultural scene, this riverside city is brimming with a quiet confidence.",active,United Kingdom,Europe
6395182268,Saltaire,destination,https://daytrip.com/en/transfers/saltaire-gb,https://raw.githubusercontent.com/kubaivanov/pictures/main/pinterest/saltaire--united-kingdom--pinterest-pin.png,"Saltaire, Shipley, UK",Saltaire,United Kingdom,53.838240199999987,-1.7896135,"Designed to provide factory workers with a high standard of living, this UNESCO-listed town proves Industrialism wasn't all grit and grime.",active,United Kingdom,Europe
6395182269,St Edward's Church,destination,https://daytrip.com/en/transfers/st-edward-s-church-gb,https://raw.githubusercontent.com/kubaivanov/pictures/main/pinterest/st-edward-s-church--united-kingdom--pinterest-pin.png,"2 Crossways House the Square, Stow-on-the-Wold, Cheltenham GL54 1AB, UK",St Edward's Church,United Kingdom,51.9300092,-1.7238369,"Famous for its yew-flanked doorway, this picturesque medieval church housed prisoners from the final battle of the English Civil War.",active,United Kingdom,Europe
6395182270,Mottisfont Abbey,destination,https://daytrip.com/en/transfers/mottisfont-abbey-gb,https://raw.githubusercontent.com/kubaivanov/pictures/main/pinterest/mottisfont-abbey--united-kingdom--pinterest-pin.png,Mottisfont Abbey,Mottisfont Abbey,United Kingdom,51.041102,-1.53496,This beautiful 18th century manor with its stupendous trompe-l'œil paintings was built around a medieval priory.,active,United Kingdom,Europe
6395182271,Burghley House,destination,https://daytrip.com/en/transfers/burghley-house-gb,https://raw.githubusercontent.com/kubaivanov/pictures/main/pinterest/burghley-house--united-kingdom--pinterest-pin.png,Burghley House,Burghley House,United Kingdom,52.6424935,-0.4525313,"This Elizabethan manor is one of England's 10 treasure houses, filled with priceless artwork, and family heirlooms.",active,United Kingdom,Europe
6395182273,Shuakhevi,destination,https://daytrip.com/en/transfers/shuakhevi-ge,https://raw.githubusercontent.com/kubaivanov/pictures/main/pinterest/shuakhevi--georgia--pinterest-pin.png,Shuakhevi,Shuakhevi,Georgia,41.631471,42.1907465,"From historic ruins to native wildlife and delicious cuisine, Shuakhevi is a glimpse a traditional Georgian way of living",active,Georgia,Asia
6395182278,Khoni,destination,https://daytrip.com/en/transfers/khoni-ge,https://raw.githubusercontent.com/kubaivanov/pictures/main/pinterest/khoni--georgia--pinterest-pin.png,Khoni goergia,Khoni,Georgia,42.314882399999988,42.4149487,Immerse yourself in the rich tapestry of history and culture in an ancient town in Western Georgia .,active,Georgia,Asia
6395182279,Ureki,destination,https://daytrip.com/en/transfers/ureki-ge,https://raw.githubusercontent.com/kubaivanov/pictures/main/pinterest/ureki--georgia--pinterest-pin.png,Ureki,Ureki,Georgia,41.998003568479135,41.763922190954574,"Ureki stands as a great destinations for those who crave chocolate tan, warm seas, and sun-drenched beaches, combined with the resort's healing properties.",active,Georgia,Asia
6395182281,Kutaisi,destination,https://daytrip.com/en/transfers/kutaisi-ge,https://raw.githubusercontent.com/kubaivanov/pictures/main/pinterest/kutaisi--georgia--pinterest-pin.png,Kutaisi,Kutaisi,Georgia,42.2718354,42.7060404,"Experience the historic charm of Kutaisi, one of the world's oldest cities and a vital hub in Western Georgia",active,Georgia,Asia
6395182282,Kobuleti,destination,https://daytrip.com/en/transfers/kobuleti-ge,https://raw.githubusercontent.com/kubaivanov/pictures/main/pinterest/kobuleti--georgia--pinterest-pin.png,Kobuleti,Kobuleti,Georgia,41.815101431335975,41.773167094628896,"This beloved seaside resort town is visited by both Georgians and foreign visitors alike, cherished for its mild climate and health benefits.",active,Georgia,Asia
6395182283,Poti,destination,https://daytrip.com/en/transfers/poti-ge,https://raw.githubusercontent.com/kubaivanov/pictures/main/pinterest/poti--georgia--pinterest-pin.png,Poti,Poti,Georgia,42.1426914,41.673788599999988,"This captivating port city on the eastern Black Sea coast is a historical gem named after the ancient Greek colony of Phasis, now home to beautiful buildings and walkable streets.",active,Georgia,Asia
6395182285,Gudauri,destination,https://daytrip.com/en/transfers/gudauri-ge,https://raw.githubusercontent.com/kubaivanov/pictures/main/pinterest/gudauri--georgia--pinterest-pin.png,Gudauri,Gudauri,Georgia,42.4755394,44.4804723,"Underrated yet captivating, Europe's best-kept skiing secret is none other than Gudauri, the dazzling crown jewel of ski resorts in Georgia",active,Georgia,Asia
6395182286,Imereti,destination,https://daytrip.com/en/transfers/imereti-ge,https://raw.githubusercontent.com/kubaivanov/pictures/main/pinterest/imereti--georgia--pinterest-pin.png,Imereti,Imereti,Georgia,42.230108,42.9008665,"Get ready to meet Imereti, a region steeped in ancient winemaking traditions, once an independent kingdom, known for its delectable cuisine and stunning natural beauty.",active,Georgia,Asia
6395182287,Tbilisi,destination,https://daytrip.com/en/transfers/tbilisi-ge,https://raw.githubusercontent.com/kubaivanov/pictures/main/pinterest/tbilisi--georgia--pinterest-pin.png,Tbilisi,Tbilisi,Georgia,41.6938026,44.801516799999987,"As the pulsating heart of Georgia, Tbilisi is brimming with cultural, political, and economic vibrancy.",active,Georgia,Asia
6395182288,Telavi,destination,https://daytrip.com/en/transfers/telavi-ge,https://raw.githubusercontent.com/kubaivanov/pictures/main/pinterest/telavi--georgia--pinterest-pin.png,Telavi,Telavi,Georgia,41.918509,45.4776909,"This captivating city nestled in the heart of Georgia's Kakheti province is steeped in ancient history, with roots dating back to the Bronze Age.",active,Georgia,Asia
6395182289,Tema,destination,https://daytrip.com/en/transfers/tema-gh,https://raw.githubusercontent.com/kubaivanov/pictures/main/pinterest/tema--ghana--pinterest-pin.png,"Tema, Ghana",Tema,Ghana,5.7348119,0.0302354,"Dive into this bustling harbor, where colossal ships from across the globe come to life.",active,Ghana,Africa
6395182290,Sunyani,destination,https://daytrip.com/en/transfers/sunyani-gh,https://raw.githubusercontent.com/kubaivanov/pictures/main/pinterest/sunyani--ghana--pinterest-pin.png,Sunyani,Sunyani,Ghana,7.3349414,-2.3123031,"Behold this city from its scenic viewpoint, overlooking a sprawling panorama of mountains cloaked in greenery.",active,Ghana,Africa
6395182291,Takoradi,destination,https://daytrip.com/en/transfers/takoradi-gh,https://raw.githubusercontent.com/kubaivanov/pictures/main/pinterest/takoradi--ghana--pinterest-pin.png,Takoradi,Takoradi,Ghana,4.9015794,-1.7830973,Wander through these bustling streets and soak in everything from colorful markets brimming with fresh produce to lively street vendors selling handmade crafts.,active,Ghana,Africa
6395182292,Cape Coast,destination,https://daytrip.com/en/transfers/cape-coast-gh,https://raw.githubusercontent.com/kubaivanov/pictures/main/pinterest/cape-coast--ghana--pinterest-pin.png,Cape Coast,Cape Coast,Ghana,5.1230574,-1.2689394,"This coastal town beckons travelers with its blend of picturesque landscapes, vibrant markets, and historic landmarks.",active,Ghana,Africa
6395182293,Kumasi,destination,https://daytrip.com/en/transfers/kumasi-gh,https://raw.githubusercontent.com/kubaivanov/pictures/main/pinterest/kumasi--ghana--pinterest-pin.png,Kumasi,Kumasi,Ghana,6.6666004,-1.6162709,"The historic capital of the Ashanti Kingdom brings market mania, from the iconic Kejetia Market, one of West Africa's largest open-air markets, to the bustling Adum Market.",active,Ghana,Africa
6395182294,Kissamos,destination,https://daytrip.com/en/transfers/kissamos-gr,https://raw.githubusercontent.com/kubaivanov/pictures/main/pinterest/kissamos--greece--pinterest-pin.png,Kissamos,Kissamos,Greece,35.4945873,23.6537459,Feel the gentle caress of beautiful beaches and ancient history in this authentic port town.,active,Greece,Europe
6395182295,Athens,destination,https://daytrip.com/en/transfers/athens-gr,https://raw.githubusercontent.com/kubaivanov/pictures/main/pinterest/athens--greece--pinterest-pin.png,"Athens, Greece",Athens,Greece,37.9838096,23.7275388,"The birthplace of democracy and a monumental shrine to ancient gods, Athens is Western Culture's founding city and adored by history's greatest civilizations.",active,Greece,Europe
6395182296,Vamos,destination,https://daytrip.com/en/transfers/vamos-gr,https://raw.githubusercontent.com/kubaivanov/pictures/main/pinterest/vamos--greece--pinterest-pin.png,Vamos crete,Vamos,Greece,35.4077376,24.1969073,Get a taste of the real rural Cretan life in this traditional but lively village.,active,Greece,Europe
6395182297,Pelekas,destination,https://daytrip.com/en/transfers/pelekas-gr,https://raw.githubusercontent.com/kubaivanov/pictures/main/pinterest/pelekas--greece--pinterest-pin.png,Pelekas,Pelekas,Greece,39.5923228,19.8223341,"Offering a delightful fusion of natural beauty and cultural heritage, this quaint village is a haven for travelers seeking authentic Greek experiences.",active,Greece,Europe
6395182298,Malia,destination,https://daytrip.com/en/transfers/malia-gr,https://raw.githubusercontent.com/kubaivanov/pictures/main/pinterest/malia--greece--pinterest-pin.png,Malia,Malia,Greece,35.2831684,25.4628694,Find charming churches and ancient archaeological sites in one of Crete's most popular resort towns.,active,Greece,Europe
6395182299,Patras,destination,https://daytrip.com/en/transfers/patras-gr,https://raw.githubusercontent.com/kubaivanov/pictures/main/pinterest/patras--greece--pinterest-pin.png,"Patras, Greece",Patras,Greece,38.2466395,21.734574,"Settled for 5000 years, this ancient city's filled with landmarks spanning its long history.",active,Greece,Europe
6395182300,Florina,destination,https://daytrip.com/en/transfers/florina-gr,https://raw.githubusercontent.com/kubaivanov/pictures/main/pinterest/florina--greece--pinterest-pin.png,"Florina 531 00, Greece",Florina,Greece,40.784526199999988,21.4131222,This summer-market town is best known for its peppers and picturesque river.,active,Greece,Europe
6395182301,Lachania,destination,https://daytrip.com/en/transfers/lachania-gr,https://raw.githubusercontent.com/kubaivanov/pictures/main/pinterest/lachania--greece--pinterest-pin.png,Lachania,Lachania,Greece,35.9668621,27.8621122,"Characterized by charming whitewashed houses adorned with colorful bougainvillea and cobblestone streets, Lachania exudes an irresistible allure.",active,Greece,Europe
6395182302,Heraklion,destination,https://daytrip.com/en/transfers/heraklion-gr,https://raw.githubusercontent.com/kubaivanov/pictures/main/pinterest/heraklion--greece--pinterest-pin.png,Heraklion,Heraklion,Greece,35.3387352,25.1442126,Uncover thousands of years of history hidden in Crete's capital.,active,Greece,Europe
6395182304,Agios Nikolaos,destination,https://daytrip.com/en/transfers/agios-nikolaos-gr,https://raw.githubusercontent.com/kubaivanov/pictures/main/pinterest/agios-nikolaos--greece--pinterest-pin.png,,Agios Nikolaos,Greece,35.1899597,25.7164166,Surround yourself with history and seaside charms at this popular resort town built around a legendary lake.,active,Greece,Europe
6395182305,Lindos,destination,https://daytrip.com/en/transfers/lindos-gr,https://raw.githubusercontent.com/kubaivanov/pictures/main/pinterest/lindos--greece--pinterest-pin.png,Lindos,Lindos,Greece,36.0918486,28.0856654,"Renowned for its stunning beaches, ancient ruins, and whitewashed buildings, Lindos offers visitors a captivating blend of natural beauty and cultural heritage.",active,Greece,Europe
6395182306,Anthony Quinn Bay,destination,https://daytrip.com/en/transfers/anthony-quinn-bay-gr,https://raw.githubusercontent.com/kubaivanov/pictures/main/pinterest/anthony-quinn-bay--greece--pinterest-pin.png,Anthony Quinn Bay,Anthony Quinn Bay,Greece,36.3214152,28.2095127,"Named after the legendary actor who fell in love with its azure waters while filming ""The Guns of Navarone,"" this idyllic bay enchants visitors with its pristine beauty and tranquil ambiance.",active,Greece,Europe
6395182307,Mystras,destination,https://daytrip.com/en/transfers/mystras-gr,https://raw.githubusercontent.com/kubaivanov/pictures/main/pinterest/mystras--greece--pinterest-pin.png,"Mystras 231 00, Greece",Mystras,Greece,37.076161076333811,22.369027575610289,"Overlooking the hills of Sparta, this UNESCO World Heritage Site was once the seat of the Byzantine empire in Greece.",active,Greece,Europe
6395182308,Volos,destination,https://daytrip.com/en/transfers/volos-gr,https://raw.githubusercontent.com/kubaivanov/pictures/main/pinterest/volos--greece--pinterest-pin.png,"Volos, Greece",Volos,Greece,39.3621896,22.942159,"The port of Volos has a truly spectacular history, full of captivating tales from Greek mythology.",active,Greece,Europe
6395182309,Ioannina,destination,https://daytrip.com/en/transfers/ioannina-gr,https://raw.githubusercontent.com/kubaivanov/pictures/main/pinterest/ioannina--greece--pinterest-pin.png,"Ioannina, Greece",Ioannina,Greece,39.665028800000009,20.8537466,"Thanks to Ali Pasha and wealthy Byzantine families, Ioannina is renowned for its rich cultural heritage.",active,Greece,Europe
6395182310,Seitan Limania,destination,https://daytrip.com/en/transfers/seitan-limania-gr,https://raw.githubusercontent.com/kubaivanov/pictures/main/pinterest/seitan-limania--greece--pinterest-pin.png,Seitan Limania,Seitan Limania,Greece,35.5518383,24.1934281,Get a perfect shot for the 'gram at Crete's most picturesque beach.,active,Greece,Europe
6395182311,Alexandroupoli,destination,https://daytrip.com/en/transfers/alexandroupoli-gr,https://raw.githubusercontent.com/kubaivanov/pictures/main/pinterest/alexandroupoli--greece--pinterest-pin.png,"Meg. Alexandrou, Alexandroupoli 681 00, Greece",Alexandroupoli,Greece,40.843517186324874,25.874669355541982,"In just a few years, Alexandroupoli grew from a humble fishing village to the regional capital, without forgetting about its heritage.",active,Greece,Europe
6395182312,Litochoro,destination,https://daytrip.com/en/transfers/litochoro-gr,https://raw.githubusercontent.com/kubaivanov/pictures/main/pinterest/litochoro--greece--pinterest-pin.png,"Litochoro 602 00, Greece",Litochoro,Greece,40.1029473,22.5026117,This picturesque town has a lot to see - from the typical Macedonian architecture to the imposing beauty of Mount Olympus in the background.,active,Greece,Europe
6395182313,Nafpaktos,destination,https://daytrip.com/en/transfers/nafpaktos-gr,https://raw.githubusercontent.com/kubaivanov/pictures/main/pinterest/nafpaktos--greece--pinterest-pin.png,"Nafpaktos 303 00, Greece",Nafpaktos,Greece,38.3929775,21.8348729,"This small seaside town, with its charming atmosphere, rich history, and breathtaking setting is a Corinthian jewel.",active,Greece,Europe
6395182314,Sparta,destination,https://daytrip.com/en/transfers/sparta-gr,https://raw.githubusercontent.com/kubaivanov/pictures/main/pinterest/sparta--greece--pinterest-pin.png,"Sparti 231 00, Greece",Sparta,Greece,37.074461,22.430264,The home of ancient Greece's best-known soldiers has quieted down over the centuries.,active,Greece,Europe
6395182315,Imbros Gorge,destination,https://daytrip.com/en/transfers/imbros-gorge-gr,https://raw.githubusercontent.com/kubaivanov/pictures/main/pinterest/imbros-gorge--greece--pinterest-pin.png,Imbros Gorge,Imbros Gorge,Greece,35.2327066,24.1675951,Follow in the footsteps of fleeing Allied soldiers on one of Crete's most popular hikes.,active,Greece,Europe
6395182316,Monolithos,destination,https://daytrip.com/en/transfers/monolithos-gr,https://raw.githubusercontent.com/kubaivanov/pictures/main/pinterest/monolithos--greece--pinterest-pin.png,Monolithos,Monolithos,Greece,36.1310741,27.740132,"This picturesque village, nestled amidst the rugged landscape of Rhodes, captivates visitors with its stunning panoramic views and rich cultural heritage.",active,Greece,Europe
6395182317,Chania,destination,https://daytrip.com/en/transfers/chania-gr,https://raw.githubusercontent.com/kubaivanov/pictures/main/pinterest/chania--greece--pinterest-pin.png,Chania,Chania,Greece,35.5138298,24.0180367,Fall in love with the picturesque waterfront and winding alleys of Crete's most romantic city.,active,Greece,Europe
6395182318,Elounda,destination,https://daytrip.com/en/transfers/elounda-gr,https://raw.githubusercontent.com/kubaivanov/pictures/main/pinterest/elounda--greece--pinterest-pin.png,Elounda,Elounda,Greece,35.2613505,25.7234164,"Join high-profile guests in enjoying this seaside town's luxurious resorts, sandy beaches, and excellent seafood restaurants.",active,Greece,Europe
6395182319,Corfu City,destination,https://daytrip.com/en/transfers/corfu-gr,https://raw.githubusercontent.com/kubaivanov/pictures/main/pinterest/corfu-city--greece--pinterest-pin.png,Corfu,Corfu City,Greece,39.6242621,19.9216777,"In Corfu city, history dances with modern charm, offering visitors an enchanting blend of ancient allure and contemporary vibrancy",active,Greece,Europe
6395182320,Sisi,destination,https://daytrip.com/en/transfers/sisi-gr,https://raw.githubusercontent.com/kubaivanov/pictures/main/pinterest/sisi--greece--pinterest-pin.png,Sisi crete,Sisi,Greece,35.3085456,25.5207204,"Home to the best seafood and beautiful views, this little seaside town is the perfect stop for a peaceful and authentic Cretan experience.",active,Greece,Europe
6395182321,Delphi,destination,https://daytrip.com/en/transfers/delphi-gr,https://raw.githubusercontent.com/kubaivanov/pictures/main/pinterest/delphi--greece--pinterest-pin.png,"Delphi 330 54, Greece",Delphi,Greece,38.4823868,22.5009699,"Thousands of years ago, Greeks would travel to this UNESCO World Heritage Site to receive a prophesy from the Oracle of Apollo.",active,Greece,Europe
6395182322,Ierapetra,destination,https://daytrip.com/en/transfers/ierapetra-gr,https://raw.githubusercontent.com/kubaivanov/pictures/main/pinterest/ierapetra--greece--pinterest-pin.png,Ierapetra,Ierapetra,Greece,35.0118955,25.7407452,Revel in endless summer in Crete's sunniest city.,active,Greece,Europe
6395182323,Siana,destination,https://daytrip.com/en/transfers/siana-gr,https://raw.githubusercontent.com/kubaivanov/pictures/main/pinterest/siana--greece--pinterest-pin.png,"Siana, Rhodes",Siana,Greece,36.1532109,27.7771026,"Tucked away in the southern part of Rhodes, this charming settlement beckons travelers with its timeless allure and warm hospitality.",active,Greece,Europe
6395182324,Archanes,destination,https://daytrip.com/en/transfers/archanes-gr,https://raw.githubusercontent.com/kubaivanov/pictures/main/pinterest/archanes--greece--pinterest-pin.png,Archanes,Archanes,Greece,35.2353169,25.1593119,Enjoy excellent food and wine in this ancient agricultural center.,active,Greece,Europe
6395182325,Lake Kournas,destination,https://daytrip.com/en/transfers/lake-kournas-gr,https://raw.githubusercontent.com/kubaivanov/pictures/main/pinterest/lake-kournas--greece--pinterest-pin.png,Lake Kournas,Lake Kournas,Greece,35.3303832,24.2761982,Bathe in the natural beauty of Crete's only freshwater lake.,active,Greece,Europe
6395182327,Rhodes City,destination,https://daytrip.com/en/transfers/rhodes-gr,https://raw.githubusercontent.com/kubaivanov/pictures/main/pinterest/rhodes-city--greece--pinterest-pin.png,Rhodes,Rhodes City,Greece,36.4340533,28.2176379,"As the largest of Greece's Dodecanese islands, Rhodes boasts a rich tapestry of history, culture, and natural beauty.",active,Greece,Europe
6395182328,Rethymno,destination,https://daytrip.com/en/transfers/rethymno-gr,https://raw.githubusercontent.com/kubaivanov/pictures/main/pinterest/rethymno--greece--pinterest-pin.png,Rethymno,Rethymno,Greece,35.365554500000009,24.4919838,Embrace the blend of cultures and history in this picturesque seaside city.,active,Greece,Europe
6395182329,Veria,destination,https://daytrip.com/en/transfers/veria-gr,https://raw.githubusercontent.com/kubaivanov/pictures/main/pinterest/veria--greece--pinterest-pin.png,"Veria 591 32, Greece",Veria,Greece,40.5193618,22.2052162,One of ancient Macedonia's most important cities was also an important center for early Christianity.,active,Greece,Europe
6395182330,Larissa,destination,https://daytrip.com/en/transfers/larissa-gr,https://raw.githubusercontent.com/kubaivanov/pictures/main/pinterest/larissa--greece--pinterest-pin.png,"Larissa, Greece",Larissa,Greece,39.639022399999988,22.4191254,"One of Greece's oldest settlements has evolved into a bustling modern university city, while preserving its historical heritage.",active,Greece,Europe
6395182331,Mycenae,destination,https://daytrip.com/en/transfers/mycenae-gr,https://raw.githubusercontent.com/kubaivanov/pictures/main/pinterest/mycenae--greece--pinterest-pin.png,"Mykines 212 00, Greece",Mycenae,Greece,37.7308631,22.7561327,This legendary UNESCO World Heritage Site was the richest city of Late Bronze Age.,active,Greece,Europe
6395182332,Kavala,destination,https://daytrip.com/en/transfers/kavala-gr,https://raw.githubusercontent.com/kubaivanov/pictures/main/pinterest/kavala--greece--pinterest-pin.png,"Kavala, Greece",Kavala,Greece,40.937607,24.412866,The 'Mecca of Tobacco' has remained essentially unchanged for over 2000 years.,active,Greece,Europe
6395182333,Meteora,destination,https://daytrip.com/en/transfers/meteora-gr,https://raw.githubusercontent.com/kubaivanov/pictures/main/pinterest/meteora--greece--pinterest-pin.png,"Kalabaka 422 00, Greece",Meteora,Greece,39.7217044,21.6305896,"This series of UNESCO-listed, rock-top monasteries are both breathtakingly beautiful and historic.",active,Greece,Europe
6395182334,Arachova,destination,https://daytrip.com/en/transfers/arachova-gr,https://raw.githubusercontent.com/kubaivanov/pictures/main/pinterest/arachova--greece--pinterest-pin.png,"Arachova 320 04, Greece",Arachova,Greece,38.4800003,22.5843667,"On the side of Mount Parnassos, nearly a kilometer above the sea level, this town blends beautiful views and old-world architecture.",active,Greece,Europe
6395182335,Zakinthos City,destination,https://daytrip.com/en/transfers/zakinthos-gr,https://raw.githubusercontent.com/kubaivanov/pictures/main/pinterest/zakinthos-city--greece--pinterest-pin.png,Zakinthos,Zakinthos City,Greece,37.7870331,20.8998759,"With its charming blend of Venetian, Byzantine, and Greek influences, this captivating destination offers an unforgettable experience for visitors of all ages.",active,Greece,Europe
6395182336,Trikala,destination,https://daytrip.com/en/transfers/trikala-gr,https://raw.githubusercontent.com/kubaivanov/pictures/main/pinterest/trikala--greece--pinterest-pin.png,"Trikala 421 00, Greece",Trikala,Greece,39.5557317,21.7678951,"Settled for over 50,000 years, this ancient city is home to a multitude of monuments spanning a millennia.",active,Greece,Europe
6395182337,Tikal,destination,https://daytrip.com/en/transfers/tikal-gt,https://raw.githubusercontent.com/kubaivanov/pictures/main/pinterest/tikal--guatemala--pinterest-pin.png,"Tikal, Guatemala",Tikal,Guatemala,17.225074225011276,-89.612713171874987,"Surrounded by lush jungle, these UNESCO-listed Mayan ruins served as the rebel base on Yavin IV in the first Star Wars film.",active,Guatemala,North America
6395182338,Panajachel,destination,https://daytrip.com/en/transfers/panajachel-gt,https://raw.githubusercontent.com/kubaivanov/pictures/main/pinterest/panajachel--guatemala--pinterest-pin.png,Panajachel,Panajachel,Guatemala,14.7404929,-91.1520965,The most cosmopolitan town on Lake Atitlán has plenty of creature-comforts for visitors while still offering spectacular views of the lake and its volcanoes.,active,Guatemala,North America
6395182339,Iximche,destination,https://daytrip.com/en/transfers/iximche-gt,https://raw.githubusercontent.com/kubaivanov/pictures/main/pinterest/iximche--guatemala--pinterest-pin.png,Iximche,Iximche,Guatemala,14.7362933,-90.9973567,This small Mayan city briefly served Guatemala's first capital under the Spanish... until their alliance fell apart.,active,Guatemala,North America
6395182340,Antigua,destination,https://daytrip.com/en/transfers/antigua-gt,https://raw.githubusercontent.com/kubaivanov/pictures/main/pinterest/antigua--guatemala--pinterest-pin.png,"Antigua, Guatemela",Antigua,Guatemala,14.5585707,-90.729523,"Following a massive earthquake, this UNESCO-listed city had to be rebuilt, but it still maintained its Italian Renaissance-inspired layout.",active,Guatemala,North America
6395182341,Quetzaltenango,destination,https://daytrip.com/en/transfers/quetzaltenango-gt,https://raw.githubusercontent.com/kubaivanov/pictures/main/pinterest/quetzaltenango--guatemala--pinterest-pin.png,Quetzaltenango,Quetzaltenango,Guatemala,14.8446068,-91.5231866,Guatemala's second-largest city is a popular stopping point for both its Belle Epoch architecture and beautiful natural surroundings.,active,Guatemala,North America
6395182343,Copán,destination,https://daytrip.com/en/transfers/copan-hn,https://raw.githubusercontent.com/kubaivanov/pictures/main/pinterest/copan--honduras--pinterest-pin.png,Copan,Copán,Honduras,14.842175538890951,-89.155194607470719,"Inhabited for over 2000 years, these UNESCO-listed ruins are the epitome of Mayan culture and architecture.",active,Honduras,North America
6395182345,Pula,destination,https://daytrip.com/en/transfers/pula-hr,https://raw.githubusercontent.com/kubaivanov/pictures/main/pinterest/pula--croatia--pinterest-pin.png,"Pula, Croatia",Pula,Croatia,44.8666232,13.8495788,Pula is a Croatian city with beautiful beaches spread across a large coastline. The unspoiled city has existed for over three thousand years and is home to the 6th largest standing amphitheater in the world.,active,Croatia,Europe
6395182346,Pag,destination,https://daytrip.com/en/transfers/pag-hr,https://raw.githubusercontent.com/kubaivanov/pictures/main/pinterest/pag--croatia--pinterest-pin.png,"Pag, Croatia",Pag,Croatia,44.4438033,15.0554042,"Pag's accelerating mecca for nightlife could rival Ibiza for their great beaches, open-air clubs, and plethora of music festivals.",active,Croatia,Europe
6395182348,Umag,destination,https://daytrip.com/en/transfers/umag-hr,https://raw.githubusercontent.com/kubaivanov/pictures/main/pinterest/umag--croatia--pinterest-pin.png,"Umag, Croatia",Umag,Croatia,45.4372062,13.5257205,Get a glimpse of a millennium of history while soaking up the Adriatic.,active,Croatia,Europe
6395182349,Groznjan,destination,https://daytrip.com/en/transfers/groznjan-hr,https://raw.githubusercontent.com/kubaivanov/pictures/main/pinterest/groznjan--croatia--pinterest-pin.png,"52429, Grožnjan, Croatia",Groznjan,Croatia,45.3796024,13.7226113,"Surrounded by olive groves and vineyards, this enchanting town is filled with passionate artists.",active,Croatia,Europe
6395182351,Dubrovnik,destination,https://daytrip.com/en/transfers/dubrovnik-hr,https://raw.githubusercontent.com/kubaivanov/pictures/main/pinterest/dubrovnik--croatia--pinterest-pin.png,"Dubrovnik, Croatia",Dubrovnik,Croatia,42.650660599999988,18.0944238,"Surrounded by fortified walls, this medieval port city is UNESCO World Heritage Site considered paradise on earth by history and culture lovers.",active,Croatia,Europe
6395182352,Zadar,destination,https://daytrip.com/en/transfers/zadar-hr,https://raw.githubusercontent.com/kubaivanov/pictures/main/pinterest/zadar--croatia--pinterest-pin.png,"Zadar, Croatia",Zadar,Croatia,44.119371,15.2313648,"Inhabited for over two thousand years, Croatia's oldest city is one of the Mediterranean's most historically interesting towns.",active,Croatia,Europe
6395182353,Trogir,destination,https://daytrip.com/en/transfers/trogir-hr,https://raw.githubusercontent.com/kubaivanov/pictures/main/pinterest/trogir--croatia--pinterest-pin.png,"Trogir, Croatia",Trogir,Croatia,43.516386999999987,16.2501894,"A UNESCO World Heritage Site, this little island is one of the best-preserved medieval towns in Europe.",active,Croatia,Europe
6395182354,Cavtat,destination,https://daytrip.com/en/transfers/cavtat-hr,https://raw.githubusercontent.com/kubaivanov/pictures/main/pinterest/cavtat--croatia--pinterest-pin.png,"Cavtat, Croatia",Cavtat,Croatia,42.5812683,18.2175941,"Filled with seafront cafes, shops, and fine dining, Cavat has some of the most appealing and trendy tourist resorts near Dubrovnik.",active,Croatia,Europe
6395182355,Primosten,destination,https://daytrip.com/en/transfers/primosten-hr,https://raw.githubusercontent.com/kubaivanov/pictures/main/pinterest/primosten--croatia--pinterest-pin.png,"Primošten, Croatia",Primosten,Croatia,43.586316,15.9230156,Primosten is a small town in North Dalmatia. This resort town is one of the most photogenic spots on the Adriatic Coast.,active,Croatia,Europe
6395182357,Vukovar,destination,https://daytrip.com/en/transfers/vukovar-hr,https://raw.githubusercontent.com/kubaivanov/pictures/main/pinterest/vukovar--croatia--pinterest-pin.png,"Vukovar, Croatia",Vukovar,Croatia,45.344050839070086,19.012318253517154,"Vukovar is a city in Eastern Croatia most noted for its fate during the 1990's conflict. Now known as the 'city of Croatian freedom', Vukovar is a living war monument and an ode to past atrocities.",active,Croatia,Europe
6395182359,Porec,destination,https://daytrip.com/en/transfers/porec-hr,https://raw.githubusercontent.com/kubaivanov/pictures/main/pinterest/porec--croatia--pinterest-pin.png,"Poreč, Croatia",Porec,Croatia,45.227165199999988,13.5947399,Porec is a popular Istrian holiday resort with over 10km of coastline. This Croatian town goes back to prehistoric times and is rich in culture and history.,active,Croatia,Europe
6395182361,Vrsar,destination,https://daytrip.com/en/transfers/vrsar-hr,https://raw.githubusercontent.com/kubaivanov/pictures/main/pinterest/vrsar--croatia--pinterest-pin.png,"Vrsar, Croatia",Vrsar,Croatia,45.1499462,13.6052578,"Settled since prehistoric times, this ancient town has managed to retain its cultural history.",active,Croatia,Europe
6395182362,Rovinj,destination,https://daytrip.com/en/transfers/rovinj-hr,https://raw.githubusercontent.com/kubaivanov/pictures/main/pinterest/rovinj--croatia--pinterest-pin.png,"Rovinj, Croatia",Rovinj,Croatia,45.0811661,13.6387067,"Rovinj is a small town on the west coast of the Istrian peninsula, known for its mild climate and favorable weather conditions. This Croatian city is one of the last true Mediterranean fishing ports.",active,Croatia,Europe
6395182364,Split,destination,https://daytrip.com/en/transfers/split-hr,https://raw.githubusercontent.com/kubaivanov/pictures/main/pinterest/split--croatia--pinterest-pin.png,"21000, Split, Croatia",Split,Croatia,43.5081323,16.4401935,"Situated between land and sea, Split is a buzzing, exuberant Croatian city with a small town vibe. It's home to Diocletian's Palace, a UNESCO World Heritage Site and the best preserved Roman palace in the world.",active,Croatia,Europe
6395182366,Zagreb,destination,https://daytrip.com/en/transfers/zagreb-hr,https://raw.githubusercontent.com/kubaivanov/pictures/main/pinterest/zagreb--croatia--pinterest-pin.png,"Zagreb, Croatia",Zagreb,Croatia,45.8150108,15.981919,"Zagreb, Croatia's largest city, is a popular city-break destination spot. It has historical and cultural heritage rooted in Central European culture and mixed with Mediterranean and Balkan tradition.",active,Croatia,Europe
6395182368,Rijeka,destination,https://daytrip.com/en/transfers/rijeka-hr,https://raw.githubusercontent.com/kubaivanov/pictures/main/pinterest/rijeka--croatia--pinterest-pin.png,"Rijeka, Croatia",Rijeka,Croatia,45.3270631,14.442176,"Rijeka is the largest seaport and transport hub in Croatia. With its turbulent past and abundant cultural and environmental events, it's no surprise that the city was selected as the European Capital of Culture 2020.",active,Croatia,Europe
6395182369,Omis,destination,https://daytrip.com/en/transfers/omis-hr,https://raw.githubusercontent.com/kubaivanov/pictures/main/pinterest/omis--croatia--pinterest-pin.png,"Omiš, Croatia",Omis,Croatia,43.443355900000007,16.6929175,"Omis is located in the heart of Dalmatia, where the Cetina River meets the Adriatic Sea. It served as a famous pirate town during the Middle Ages.",active,Croatia,Europe
6395182370,Skradin,destination,https://daytrip.com/en/transfers/skradin-hr,https://raw.githubusercontent.com/kubaivanov/pictures/main/pinterest/skradin--croatia--pinterest-pin.png,"Skradin, Croatia",Skradin,Croatia,43.8176375,15.923255,"Guarding the entrance to Krka National Park, this Mediterranean gem offers a rich history, stunning scenery, and brilliant cuisine.",active,Croatia,Europe
6395182371,Senj,destination,https://daytrip.com/en/transfers/senj-hr,https://raw.githubusercontent.com/kubaivanov/pictures/main/pinterest/senj--croatia--pinterest-pin.png,"Senj, Croatia",Senj,Croatia,44.9893604,14.9036052,"Planted nearly 200 km from Zagreb, Senj is nicely situated along the Adriatic Sea with a stone's throw distance to Velebit, the largest mountain in Croatia.",active,Croatia,Europe
6395182373,Rastoke,destination,https://daytrip.com/en/transfers/rastoke-hr,https://raw.githubusercontent.com/kubaivanov/pictures/main/pinterest/rastoke--croatia--pinterest-pin.png,"47240, Rastoke, Croatia",Rastoke,Croatia,45.1203863,15.5862736,Rastoke is an idyllic Croatian village most known for its 18th century flour mills and traditional homes.,active,Croatia,Europe
6395182374,Makarska,destination,https://daytrip.com/en/transfers/makarska-hr,https://raw.githubusercontent.com/kubaivanov/pictures/main/pinterest/makarska--croatia--pinterest-pin.png,"21300, Makarska, Croatia",Makarska,Croatia,43.2937769,17.0215239,"On Croatia's Dalmatian coast, between Split and Dubrovnik, lays a city called Makarska with a 2 kilometer stretch of pure sandy beaches.",active,Croatia,Europe
6395182375,Motovun,destination,https://daytrip.com/en/transfers/motovun-hr,https://raw.githubusercontent.com/kubaivanov/pictures/main/pinterest/motovun--croatia--pinterest-pin.png,"Motovun, Croatia",Motovun,Croatia,45.3359506,13.8278605,"Motovun is a medieval village in central Istria, Croatia. The walled town sits on a hilltop above the river Mirna and is surrounded by vineyards and valleys of black truffles.",active,Croatia,Europe
6395182376,Murter,destination,https://daytrip.com/en/transfers/murter-hr,https://raw.githubusercontent.com/kubaivanov/pictures/main/pinterest/murter--croatia--pinterest-pin.png,"Murter, Croatia",Murter,Croatia,43.8083553,15.6002024,"Journey through Murter's historic villages, from bridge-connected Tisno to lakeside Jezera, discovering authentic Croatian coastal culture.",active,Croatia,Europe
6395182377,Osijek,destination,https://daytrip.com/en/transfers/osijek-hr,https://raw.githubusercontent.com/kubaivanov/pictures/main/pinterest/osijek--croatia--pinterest-pin.png,"Osijek, Croatia",Osijek,Croatia,45.5549624,18.6955144,"Osijek is a laidback town in Eastern Croatia featuring a waterfront promenade along the Drava River. This up-and-coming tourism center is an administrative, industrial, and cultural hub.",active,Croatia,Europe
6395182379,Medulin,destination,https://daytrip.com/en/transfers/medulin-hr,https://raw.githubusercontent.com/kubaivanov/pictures/main/pinterest/medulin--croatia--pinterest-pin.png,"Medulin, Croatia",Medulin,Croatia,44.8217171,13.936865,"Built around the site of an ancient Roman villa, this seaside escape offers relaxation and a rich history.",active,Croatia,Europe
6395182380,Sibenik,destination,https://daytrip.com/en/transfers/sibenik-hr,https://raw.githubusercontent.com/kubaivanov/pictures/main/pinterest/sibenik--croatia--pinterest-pin.png,"Šibenik, Croatia",Sibenik,Croatia,43.7350196,15.8952045,"Unlike cities like Trogir and Hvar, which were founded by outside conquerors, the UNESCO-listed town of Sibenik is the oldest Croatian-founded settlement.",active,Croatia,Europe
6395182381,Town of Krk,destination,https://daytrip.com/en/transfers/town-of-krk-hr,https://raw.githubusercontent.com/kubaivanov/pictures/main/pinterest/town-of-krk--croatia--pinterest-pin.png,"Krk, Croatia",Town of Krk,Croatia,45.0278995,14.5752114,"This stone-walled city is full of narrow cobbled streets and steeped in history. With beautiful beachfront views and sweeping hills, this southernmost city of Krk island is rich with charm and appeal.",active,Croatia,Europe
6395182386,Balatonfuered,destination,https://daytrip.com/en/transfers/balatonfured-hu,https://raw.githubusercontent.com/kubaivanov/pictures/main/pinterest/balatonfuered--hungary--pinterest-pin.png,"Balatonfüred, Hungary",Balatonfuered,Hungary,46.9599039,17.8851202,This spa town has been the go-to destination for lakeside relaxation since the 18th century.,active,Hungary,Europe
6395182387,Eger,destination,https://daytrip.com/en/transfers/eger-hu,https://raw.githubusercontent.com/kubaivanov/pictures/main/pinterest/eger--hungary--pinterest-pin.png,,Eger,Hungary,47.902835,20.37493,The fascinating historical town of Eger in Northern Hungary is famous for its castle and the beautifully preserved Baroque architecture that can be found everywhere.,active,Hungary,Europe
6395182389,Tihany Abbey,destination,https://daytrip.com/en/transfers/tihany-abbey-hu,https://raw.githubusercontent.com/kubaivanov/pictures/main/pinterest/tihany-abbey--hungary--pinterest-pin.png,"Tihany, Balaton Uplands National Park, I. András tér 1, 8237 Hungary",Tihany Abbey,Hungary,46.9138142,17.8896687,"With the only medieval royal tomb left in the country, this elegant abbey on the shores of Lake Balaton is an invaluable piece of Hungarian history.",active,Hungary,Europe
6395182390,Szentendre,destination,https://daytrip.com/en/transfers/szentendre-hu,https://raw.githubusercontent.com/kubaivanov/pictures/main/pinterest/szentendre--hungary--pinterest-pin.png,"Szentendre, 2000 Hungary",Szentendre,Hungary,47.6795337,19.0668602,"This medieval town is an artist's haven filled with cultural attractions, including Hungary's largest open-air museum.",active,Hungary,Europe
6395182392,Kecskemet,destination,https://daytrip.com/en/transfers/kecskemet-hu,https://raw.githubusercontent.com/kubaivanov/pictures/main/pinterest/kecskemet--hungary--pinterest-pin.png,"Kecskemét, Hungary",Kecskemet,Hungary,46.8963711,19.6896861,"Even though its name stems from the Hungarian word for goat, this garden city actually boasts some of the finest architecture in the country.",active,Hungary,Europe
6395182393,Esztergom,destination,https://daytrip.com/en/transfers/esztergom-hu,https://raw.githubusercontent.com/kubaivanov/pictures/main/pinterest/esztergom--hungary--pinterest-pin.png,,Esztergom,Hungary,47.789135,18.745625,Esztergom sits on the bank of the River Danube on the border with Slovakia and is the seat of the Catholic Church in Hungary,active,Hungary,Europe
6395182394,Debrecen,destination,https://daytrip.com/en/transfers/debrecen-hu,https://raw.githubusercontent.com/kubaivanov/pictures/main/pinterest/debrecen--hungary--pinterest-pin.png,"Debrecen, Hungary",Debrecen,Hungary,47.5316049,21.6273124,Hungary's second largest city has a rich history and charming architecture without the crowds of tourists.,active,Hungary,Europe
6395182396,Miskolc,destination,https://daytrip.com/en/transfers/miskolc-hu,https://raw.githubusercontent.com/kubaivanov/pictures/main/pinterest/miskolc--hungary--pinterest-pin.png,,Miskolc,Hungary,48.096149,20.7657,"Lillafured is a small town set in the gateway to the enchanting Bukk Mountains in Hungary and is home to Lillafured Palace, now known as Hotel Palota.",active,Hungary,Europe
6395182397,Gyor,destination,https://daytrip.com/en/transfers/gyor-hu,https://raw.githubusercontent.com/kubaivanov/pictures/main/pinterest/gyor--hungary--pinterest-pin.png,"Győr, Hungary",Gyor,Hungary,47.6874569,17.6503974,"Situated half-way between Vienna and the Hungarian capital, Gyor is the richest town in terms of historic buildings outside of Budapest.",active,Hungary,Europe
6395182398,Budapest,destination,https://daytrip.com/en/transfers/budapest-hu,https://raw.githubusercontent.com/kubaivanov/pictures/main/pinterest/budapest--hungary--pinterest-pin.png,,Budapest,Hungary,47.496293,19.042412,"Bisected by the Danube river, Hungary's capital is actually twin cities - Buda and Pest - and one of Central Europe's most vibrant cultural centers.",active,Hungary,Europe
6395182399,Pecs,destination,https://daytrip.com/en/transfers/pecs-hu,https://raw.githubusercontent.com/kubaivanov/pictures/main/pinterest/pecs--hungary--pinterest-pin.png,,Pecs,Hungary,46.072851,18.233072,The city of Pecs in Hungary is home to the UNESCO World Heritage Site of the Necropolis of Sopianae — the largest Christian burial chamber outside of Italy.,active,Hungary,Europe
6395182401,Bandung City,destination,https://daytrip.com/en/transfers/bandung-id,https://raw.githubusercontent.com/kubaivanov/pictures/main/pinterest/bandung-city--indonesia--pinterest-pin.png,Bandung,Bandung City,Indonesia,-6.9174639,107.6191228,"This bustling city is filled with vibrant markets, excellent shopping opportunities and thriving cafes housed in restored Dutch colonial buildings.",active,Indonesia,Asia
6395182402,Surabaya,destination,https://daytrip.com/en/transfers/surabaya-id,https://raw.githubusercontent.com/kubaivanov/pictures/main/pinterest/surabaya--indonesia--pinterest-pin.png,Surabaya,Surabaya,Indonesia,-7.2574719,112.7520883,"A bustling metropolis in East Java is more than just a business destination, with stunning mosques, monuments and elegant colonial architecture.",active,Indonesia,Asia
6395182403,Uluwatu,destination,https://daytrip.com/en/transfers/uluwatu-temple-id,https://raw.githubusercontent.com/kubaivanov/pictures/main/pinterest/uluwatu--indonesia--pinterest-pin.png,Uluwatu Temple,Uluwatu,Indonesia,-8.829143199999999,115.0849069,This rocky peninsula is revered for its cliff-top temple its divine surf break.,active,Indonesia,Asia
6395182404,Ubud,destination,https://daytrip.com/en/transfers/ubud-id,https://raw.githubusercontent.com/kubaivanov/pictures/main/pinterest/ubud--indonesia--pinterest-pin.png,Ubud,Ubud,Indonesia,-8.5068536,115.2624778,"Made famous by its appearance in Eat, Pray, Love, Ubud is the artistic heart of Bali with a vast art market, and fantastic museums and monuments.",active,Indonesia,Asia
6395182405,Banten City,destination,https://daytrip.com/en/transfers/banten-city-id,https://raw.githubusercontent.com/kubaivanov/pictures/main/pinterest/banten-city--indonesia--pinterest-pin.png,Banten City,Banten City,Indonesia,-6.0354323999999986,106.1632389,This bustling port town near the western end of Java has a vibrant history of 16th century trade and contains stunning archaeological sites.,active,Indonesia,Asia
6395182406,Malang City,destination,https://daytrip.com/en/transfers/malang-city-id,https://raw.githubusercontent.com/kubaivanov/pictures/main/pinterest/malang-city--indonesia--pinterest-pin.png,Malang City,Malang City,Indonesia,-7.9666204,112.6326321,"Steeped in history and cultural heritage, this inland city East Java proudly preserves relics from past kingdoms and offers vacationers a cool respite from the Indonesian heat.",active,Indonesia,Asia
6395182407,Surakarta,destination,https://daytrip.com/en/transfers/surakarta-id,https://raw.githubusercontent.com/kubaivanov/pictures/main/pinterest/surakarta--indonesia--pinterest-pin.png,Surakarta indonesia,Surakarta,Indonesia,-7.5731819054027207,110.82318246874999,"Known colloquially as Solo, this captivating city is known as the heartland of Javanese identity, with a rich history and deep-rooted traditions.",active,Indonesia,Asia
6395182409,Padangbai,destination,https://daytrip.com/en/transfers/padangbai-id,https://raw.githubusercontent.com/kubaivanov/pictures/main/pinterest/padangbai--indonesia--pinterest-pin.png,Padangbai,Padangbai,Indonesia,-8.5298984,115.5074108,"Surrounded by green hills, charming fishing village still gives an authentic taste of the real Bali.",active,Indonesia,Asia
6395182410,Yogyakarta City,destination,https://daytrip.com/en/transfers/yogyakarta-city-id,https://raw.githubusercontent.com/kubaivanov/pictures/main/pinterest/yogyakarta-city--indonesia--pinterest-pin.png,Yogyakarta,Yogyakarta City,Indonesia,-7.7955798,110.3694896,"Often hailed as Indonesia's coolest and most beloved city, the capital of the Special Region of Yogyakarta offers a blend of street art, cultural attractions, museums, coffee shops and more",active,Indonesia,Asia
6395182411,Bogor City,destination,https://daytrip.com/en/transfers/bogor-city-id,https://raw.githubusercontent.com/kubaivanov/pictures/main/pinterest/bogor-city--indonesia--pinterest-pin.png,Bogor City,Bogor City,Indonesia,-6.5971468999999994,106.8060388,"Full of sprawling botanical gardens and grand presidential buildings, this city in the West Java province is rich in history and natural beauty.",active,Indonesia,Asia
6395182412,Cirebon,destination,https://daytrip.com/en/transfers/cirebon-id,https://raw.githubusercontent.com/kubaivanov/pictures/main/pinterest/cirebon--indonesia--pinterest-pin.png,Cirebon,Cirebon,Indonesia,-6.7321679244760233,108.5513022513672,"On the northern coast of Java, this bustling port city with a thriving fishing industry has been shaped by influences from around the world, with multinational acculturation.",active,Indonesia,Asia
6395182413,Semarang,destination,https://daytrip.com/en/transfers/semarang-id,https://raw.githubusercontent.com/kubaivanov/pictures/main/pinterest/semarang--indonesia--pinterest-pin.png,Semarang,Semarang,Indonesia,-7.0051453,110.4381254,"One of the largest metropolitan cities in Indonesia has a unique river system that's earned it the nickname ""The Venice of Java"", reminiscent of the famous Italian city but bursting with local culture.",active,Indonesia,Asia
6395182414,Tangerang,destination,https://daytrip.com/en/transfers/tangerang-id,https://raw.githubusercontent.com/kubaivanov/pictures/main/pinterest/tangerang--indonesia--pinterest-pin.png,Tangerang,Tangerang,Indonesia,-6.1701796,106.6403236,"This key hub of economic activity on the island of Java maintains its rustic charm amidst modern development, with open-air markets and remarkable landmarks.",active,Indonesia,Asia
6395182415,Singaraja,destination,https://daytrip.com/en/transfers/singaraja-id,https://raw.githubusercontent.com/kubaivanov/pictures/main/pinterest/singaraja--indonesia--pinterest-pin.png,Singaraja,Singaraja,Indonesia,-8.1149145,115.0916254,"Once the seat of Dutch power, Bali's second largest settlement is one of the only places to see Colonial, Chinese, and Islamic influences.",active,Indonesia,Asia
6395182417,Kildare Village,destination,https://daytrip.com/en/transfers/kildare-village-ie,https://raw.githubusercontent.com/kubaivanov/pictures/main/pinterest/kildare-village--ireland--pinterest-pin.png,Kildare Village,Kildare Village,Ireland,53.1527616,-6.9164539,This outlet shopping center in the heart of Ireland's horse-racing mecca offers deals on designer goods all year round.,active,Ireland,Europe
6395182419,Drogheda,destination,https://daytrip.com/en/transfers/drogheda-ie,https://raw.githubusercontent.com/kubaivanov/pictures/main/pinterest/drogheda--ireland--pinterest-pin.png,Drogheda,Drogheda,Ireland,53.717856,-6.3560985,The former home of the Irish Parliament proudly is the proud home of the national shrine of St. Oliver Plunkett.,active,Ireland,Europe
6395182420,Galway,destination,https://daytrip.com/en/transfers/galway-ie,https://raw.githubusercontent.com/kubaivanov/pictures/main/pinterest/galway--ireland--pinterest-pin.png,Galway,Galway,Ireland,53.270668,-9.0567905,The 2020 European Capital of Culture is a vibrant city that hasn't forgotten its history.,active,Ireland,Europe
6395182421,Ennis,destination,https://daytrip.com/en/transfers/ennis-ie,https://raw.githubusercontent.com/kubaivanov/pictures/main/pinterest/ennis--ireland--pinterest-pin.png,"Ennis, Ireland",Ennis,Ireland,52.8474255,-8.988738399999999,This friendly town flourished for centuries thanks to restrictive religious laws that encumbered other cities.,active,Ireland,Europe
6395182422,Limerick,destination,https://daytrip.com/en/transfers/limerick-ie,https://raw.githubusercontent.com/kubaivanov/pictures/main/pinterest/limerick--ireland--pinterest-pin.png,Limerick,Limerick,Ireland,52.6638367,-8.6267343,"With historic charms it just can't hide; best known as a poem most raunchy; but with castles, churches, and coffee; this city must be tried.",active,Ireland,Europe
6395182423,Kilkenny,destination,https://daytrip.com/en/transfers/kilkenny-ie,https://raw.githubusercontent.com/kubaivanov/pictures/main/pinterest/kilkenny--ireland--pinterest-pin.png,Kilkenny,Kilkenny,Ireland,52.6541454,-7.2447879,"With its picture-perfect medieval neighborhood wedged between a historic cathedral and castle, this quintessential Irish city is a pleasure to explore.",active,Ireland,Europe
6395182425,Blarney Stone,destination,https://daytrip.com/en/transfers/blarney-stone-ie,https://raw.githubusercontent.com/kubaivanov/pictures/main/pinterest/blarney-stone--ireland--pinterest-pin.png,Blarney Stone,Blarney Stone,Ireland,51.929109,-8.5710088,"For centuries, statesmen, authors, and actors have sought the gift of eloquence by performing a precipitous kiss on this legendary rock.",active,Ireland,Europe
6395182426,Cliffs of Moher,destination,https://daytrip.com/en/transfers/cliffs-of-moher-ie,https://raw.githubusercontent.com/kubaivanov/pictures/main/pinterest/cliffs-of-moher--ireland--pinterest-pin.png,"Cliffs of Moher, Ireland",Cliffs of Moher,Ireland,52.97188,-9.42651,"One of the top attractions in Ireland, this UNESCO Global Geopark appeared as the Cliffs of Insanity in The Princess Bride.",active,Ireland,Europe
6395182428,Glendalough,destination,https://daytrip.com/en/transfers/glendalough-ie,https://raw.githubusercontent.com/kubaivanov/pictures/main/pinterest/glendalough--ireland--pinterest-pin.png,Glendalough,Glendalough,Ireland,53.011979999999987,-6.32984,Tucked away in this breathtaking valley are the remains of one of Ireland's most important monastic sites.,active,Ireland,Europe
6395182429,Newgrange,destination,https://daytrip.com/en/transfers/newgrange-ie,https://raw.githubusercontent.com/kubaivanov/pictures/main/pinterest/newgrange--ireland--pinterest-pin.png,Newgrange,Newgrange,Ireland,53.694711899999987,-6.4754917,This UNESCO World Heritage Site is one of the most important examples of prehistoric megalithic art in all of Europe.,active,Ireland,Europe
6395182430,Killarney,destination,https://daytrip.com/en/transfers/killarney-ie,https://raw.githubusercontent.com/kubaivanov/pictures/main/pinterest/killarney--ireland--pinterest-pin.png,Killarney,Killarney,Ireland,52.059935300000006,-9.5044265,A rich history and stunning natural surroundings have made this quiet town a popular retreat for centuries.,active,Ireland,Europe
6395182431,Cork,destination,https://daytrip.com/en/transfers/cork-ie,https://raw.githubusercontent.com/kubaivanov/pictures/main/pinterest/cork--ireland--pinterest-pin.png,"Cork, Ireland",Cork,Ireland,51.8985143,-8.4756035,"From Medieval monuments to a booming food scene, Dublin's rival really is a second capital.",active,Ireland,Europe
6395182432,Clonmacnoise,destination,https://daytrip.com/en/transfers/clonmacnoise-ie,https://raw.githubusercontent.com/kubaivanov/pictures/main/pinterest/clonmacnoise--ireland--pinterest-pin.png,Clonmacnoise,Clonmacnoise,Ireland,53.3262773,-7.9862945000000014,One of Ireland's most prominent medieval monasteries was renowned for its intricate metal and stone work.,active,Ireland,Europe
6395182433,Dublin,destination,https://daytrip.com/en/transfers/dublin-ie,https://raw.githubusercontent.com/kubaivanov/pictures/main/pinterest/dublin--ireland--pinterest-pin.png,Dublin,Dublin,Ireland,53.3498053,-6.2603097,"Ireland's capital may be centuries old, but this UNESCO City of Literature is best known for its authors and alcohol.",active,Ireland,Europe
6395182435,Howth,destination,https://daytrip.com/en/transfers/howth-ie,https://raw.githubusercontent.com/kubaivanov/pictures/main/pinterest/howth--ireland--pinterest-pin.png,"Howth, Ireland",Howth,Ireland,53.377340478397286,-6.0728060466796929,"With some of the best seafood in the country, this fishing village is a popular retreat for Dubliners and tourists alike.",active,Ireland,Europe
6395182436,Kylemore Abbey,destination,https://daytrip.com/en/transfers/kylemore-abbey-ie,https://raw.githubusercontent.com/kubaivanov/pictures/main/pinterest/kylemore-abbey--ireland--pinterest-pin.png,Kylemore Abbey,Kylemore Abbey,Ireland,53.561639199999988,-9.8893126,This lakeside manor became home to an order or Belgian nuns through a through a fascinating turn of events.,active,Ireland,Europe
6395182437,Tullamore Dew,destination,https://daytrip.com/en/transfers/tullamore-dew-ie,https://raw.githubusercontent.com/kubaivanov/pictures/main/pinterest/tullamore-dew--ireland--pinterest-pin.png,Tullamore Dew,Tullamore Dew,Ireland,53.2777037,-7.4929278999999989,Experience the rich history (and flavor) of one of Ireland's most famous exports.,active,Ireland,Europe
6395182438,Rock of Cashel,destination,https://daytrip.com/en/transfers/rock-of-cashel-ie,https://raw.githubusercontent.com/kubaivanov/pictures/main/pinterest/rock-of-cashel--ireland--pinterest-pin.png,Rock of Cashel,Rock of Cashel,Ireland,52.5200763,-7.8904521999999986,"The seat of early medieval kings, this partly ruined complex boasts some of the oldest and finest religious art and architecture in Ireland.",active,Ireland,Europe
6395182439,Ashdod,destination,https://daytrip.com/en/transfers/ashdod-il,https://raw.githubusercontent.com/kubaivanov/pictures/main/pinterest/ashdod--israel--pinterest-pin.png,Ashdod,Ashdod,Israel,31.804381,34.655314,"Home to Israel's largest port, this ancient city offers a large and mostly empty beach with a few reminders of its 4000-year history.",active,Israel,Asia
6395182441,Herzliya,destination,https://daytrip.com/en/transfers/herzliya-il,https://raw.githubusercontent.com/kubaivanov/pictures/main/pinterest/herzliya--israel--pinterest-pin.png,Herzliya,Herzliya,Israel,32.162413,34.844675,This affluent tech hub abuts a fine beach.,active,Israel,Asia
6395182445,Nazareth,destination,https://daytrip.com/en/transfers/nazareth-il,https://raw.githubusercontent.com/kubaivanov/pictures/main/pinterest/nazareth--israel--pinterest-pin.png,Nazaret,Nazareth,Israel,32.699635,35.303546,"Inextricably tied to Jesus, this ancient town is Israel's largest Arab settlement.",active,Israel,Asia
6395182446,Masada,destination,https://daytrip.com/en/transfers/masada-il,https://raw.githubusercontent.com/kubaivanov/pictures/main/pinterest/masada--israel--pinterest-pin.png,"Masada, Israel",Masada,Israel,31.3114167,35.362695500000008,This UNESCO World Heritage Site preserves the world's most complete Roman siege network and one of the most famous last-stands in history.,active,Israel,Asia
6395182448,Acre,destination,https://daytrip.com/en/transfers/acre-il,https://raw.githubusercontent.com/kubaivanov/pictures/main/pinterest/acre--israel--pinterest-pin.png,Akko,Acre,Israel,32.933052,35.082678,"One of the longest continuously inhabited settlements on the planet, this UNESCO-listed city was the Crusader capital.",active,Israel,Asia
6395182452,Ein Gedi,destination,https://daytrip.com/en/transfers/ein-gedi-il,https://raw.githubusercontent.com/kubaivanov/pictures/main/pinterest/ein-gedi--israel--pinterest-pin.png,Ein Gedi,Ein Gedi,Israel,31.466216977373488,35.394591963012658,Israel's largest desert oasis has been supporting communities of both humans and animals for millennia.,active,Israel,Asia
6395182453,Kafar Kanna,destination,https://daytrip.com/en/transfers/kafar-kanna-il,https://raw.githubusercontent.com/kubaivanov/pictures/main/pinterest/kafar-kanna--israel--pinterest-pin.png,"Kanna, israel",Kafar Kanna,Israel,32.7481978,35.3438402,It's said this ancient city was the site of Jesus' first miracle - when he turned water into wine.,active,Israel,Asia
6395182454,Caesarea,destination,https://daytrip.com/en/transfers/caesarea-il,https://raw.githubusercontent.com/kubaivanov/pictures/main/pinterest/caesarea--israel--pinterest-pin.png,Caesaria,Caesarea,Israel,32.519016,34.904544,"Stretched along the Mediterranean coast, the ruins of this ancient city are some of the most picturesque you'll find.",active,Israel,Asia
6395182455,Zikhron Ya'akov,destination,https://daytrip.com/en/transfers/zikhron-yaakov-il,https://raw.githubusercontent.com/kubaivanov/pictures/main/pinterest/zikhron-ya-akov--israel--pinterest-pin.png,Zikhron Ya'akov,Zikhron Ya'akov,Israel,32.573905,34.951977,The establishment of Israel's first winery saved this hillside town from ruin.,active,Israel,Asia
6395182456,Haifa,destination,https://daytrip.com/en/transfers/haifa-il,https://raw.githubusercontent.com/kubaivanov/pictures/main/pinterest/haifa--israel--pinterest-pin.png,Haifa,Haifa,Israel,32.7940463,34.989571,"Likened to San Francisco, the city on the slopes of Mt. Carmel is crowned by its UNESCO-listed gardens.",active,Israel,Asia
6395182457,Jerusalem,destination,https://daytrip.com/en/transfers/jerusalem-il,https://raw.githubusercontent.com/kubaivanov/pictures/main/pinterest/jerusalem--israel--pinterest-pin.png,Jerusalem,Jerusalem,Israel,31.771091889606485,35.225726296386711,"Revered by all three Abrahamic religions, the historic and spiritual significance of this UNESCO-listed city is palpable.",active,Israel,Asia
6395182458,Tiberias,destination,https://daytrip.com/en/transfers/tiberias-il,https://raw.githubusercontent.com/kubaivanov/pictures/main/pinterest/tiberias--israel--pinterest-pin.png,Tiberias,Tiberias,Israel,32.795859,35.530973,"This resort town is one of Judaism's Four Holy Cities, and the site of one of ancient Rome's premier spas.",active,Israel,Asia
6395182462,Rudrapur,destination,https://daytrip.com/en/transfers/rudrapur-in,https://raw.githubusercontent.com/kubaivanov/pictures/main/pinterest/rudrapur--india--pinterest-pin.png,Rudrapur,Rudrapur,India,28.9875082,79.4141214,"Photo by Biswarup Ganguly, CC BY 3.0 , via Wikimedia Commons",active,India,Asia
6395182466,Rampur,destination,https://daytrip.com/en/transfers/rampur-in,https://raw.githubusercontent.com/kubaivanov/pictures/main/pinterest/rampur--india--pinterest-pin.png,Rampur,Rampur,India,28.798299,79.022028699999993,"Photo by Deepak G Goswami, CC BY-SA 3.0 , via Wikimedia Commons",active,India,Asia
6395182468,Rampurhat,destination,https://daytrip.com/en/transfers/rampurhat-in,https://raw.githubusercontent.com/kubaivanov/pictures/main/pinterest/rampurhat--india--pinterest-pin.png,Rampurhat,Rampurhat,India,24.1744845,87.7793421,"Photo by Sonu Islam, CC BY-SA 4.0 , via Wikimedia Commons",active,India,Asia
6395182469,Thivim,destination,https://daytrip.com/en/transfers/thivim-in,https://raw.githubusercontent.com/kubaivanov/pictures/main/pinterest/thivim--india--pinterest-pin.png,Thivim,Thivim,India,15.61806,73.8438273,"Photo by Fredericknoronha, CC BY-SA 4.0 , via Wikimedia Commons",active,India,Asia
6395182470,Kurukshetra,destination,https://daytrip.com/en/transfers/kurukshetra-in,https://raw.githubusercontent.com/kubaivanov/pictures/main/pinterest/kurukshetra--india--pinterest-pin.png,Kurukshetra,Kurukshetra,India,29.9695121,76.878282,"Located in the state of Haryana, this historic city holds a timeless charm for pilgrims, history enthusiasts, and those seeking spiritual enlightenment.",active,India,Asia
6395182476,Kaithal,destination,https://daytrip.com/en/transfers/kaithal-in,https://raw.githubusercontent.com/kubaivanov/pictures/main/pinterest/kaithal--india--pinterest-pin.png,Kaithal,Kaithal,India,29.8042758,76.4039016,"Photo by Manojkhurana, CC BY-SA 3.0 , via Wikimedia Commons",active,India,Asia
6395182483,Husavik,destination,https://daytrip.com/en/transfers/husavik-is,https://raw.githubusercontent.com/kubaivanov/pictures/main/pinterest/husavik--iceland--pinterest-pin.png,Husavik,Husavik,Iceland,66.0449706,-17.3383442,"From whale-watching to astronauts, Iceland's oldest town has a fascinating story to tell.",active,Iceland,Europe
6395182484,Lake Myvatn,destination,https://daytrip.com/en/transfers/lake-myvatn-is,https://raw.githubusercontent.com/kubaivanov/pictures/main/pinterest/lake-myvatn--iceland--pinterest-pin.png,Lake Myvatn,Lake Myvatn,Iceland,65.641553318136815,-16.910961457031249,"This volcanic lake is surrounded by a variety of unusual natural formations, including rocky outcrops featured in Game of Thrones.",active,Iceland,Europe
6395182485,Hveragerdi,destination,https://daytrip.com/en/transfers/hveragerdi-is,https://raw.githubusercontent.com/kubaivanov/pictures/main/pinterest/hveragerdi--iceland--pinterest-pin.png,Reykjadalur Hot Spring Trailhead,Hveragerdi,Iceland,64.0228673,-21.2116442,This charming town serves as a gateway to the Reykjadalur Valley's hot springs.,active,Iceland,Europe
6395182486,Jokulsarlon,destination,https://daytrip.com/en/transfers/jokulsarlon-is,https://raw.githubusercontent.com/kubaivanov/pictures/main/pinterest/jokulsarlon--iceland--pinterest-pin.png,Jokulsarlon,Jokulsarlon,Iceland,64.048113100544,-16.179398609667942,"Featured in movies ranging from James Bond to Batman, this iceberg-filled lagoon is one of the coolest sights in Iceland.",active,Iceland,Europe
6395182487,Gullfoss,destination,https://daytrip.com/en/transfers/gullfoss-is,https://raw.githubusercontent.com/kubaivanov/pictures/main/pinterest/gullfoss--iceland--pinterest-pin.png,Gullfoss,Gullfoss,Iceland,64.326904268290619,-20.122007736523415,"Part of the Golden Circle, Iceland's most beloved waterfall sees more water pour over its edge than any other in Europe.",active,Iceland,Europe
6395182488,Akureyri,destination,https://daytrip.com/en/transfers/akureyri-is,https://raw.githubusercontent.com/kubaivanov/pictures/main/pinterest/akureyri--iceland--pinterest-pin.png,Akureyri,Akureyri,Iceland,65.6825509,-18.0906859,The largest settlement in northern Iceland offers an authentic snapshot of local life.,active,Iceland,Europe
6395182491,Fjadrargljufur Canyon,destination,https://daytrip.com/en/transfers/fjadrargljufur-canyon-is,https://raw.githubusercontent.com/kubaivanov/pictures/main/pinterest/fjadrargljufur-canyon--iceland--pinterest-pin.png,Fjadrargljufur Canyon,Fjadrargljufur Canyon,Iceland,63.771279,-18.1718158,This magnificent mossy canyon skyrocketed to international fame after being featured in a Justin Beiber video and Game of Thrones.,active,Iceland,Europe
6395182492,Blue Lagoon,destination,https://daytrip.com/en/transfers/blue-lagoon-is,https://raw.githubusercontent.com/kubaivanov/pictures/main/pinterest/blue-lagoon--iceland--pinterest-pin.png,"Blue Lagoon, iceland",Blue Lagoon,Iceland,63.880391,-22.4495089,"Located in a UNESCO-listed landscape, this geothermal reservoir has become one of Iceland's top attractions, and one of the top spas in the world.",active,Iceland,Europe
6395182493,Glymur Waterfall,destination,https://daytrip.com/en/transfers/glymur-waterfall-is,https://raw.githubusercontent.com/kubaivanov/pictures/main/pinterest/glymur-waterfall--iceland--pinterest-pin.png,"Glymur Waterfall, Iceland",Glymur Waterfall,Iceland,64.38514557028661,-21.293185236828549,Iceland's (now second) tallest waterfall is a natural wonder that delights hikers from around the world.,active,Iceland,Europe
6395182494,Reynisfjara Beach,destination,https://daytrip.com/en/transfers/reynisfjara-beach-is,https://raw.githubusercontent.com/kubaivanov/pictures/main/pinterest/reynisfjara-beach--iceland--pinterest-pin.png,Reynisfjara Beach,Reynisfjara Beach,Iceland,63.405740400000013,-19.0716193,"Featured in Game of Thrones and Rogue One, this might be the most iconic stretch of black sand in the world.",active,Iceland,Europe
6395182495,Siena,destination,https://daytrip.com/en/transfers/siena-it,https://raw.githubusercontent.com/kubaivanov/pictures/main/pinterest/siena--italy--pinterest-pin.png,"53100 Siena, Province of Siena, Italy",Siena,Italy,43.318808999999987,11.3307574,"From one of the country's most beautiful Gothic cathedrals to an exciting urban horserace, life in this UNESCO-listed hilltop city revolves around the central square.",active,Italy,Europe
6395182655,Frascati,destination,https://daytrip.com/en/transfers/frascati-it,https://raw.githubusercontent.com/kubaivanov/pictures/main/pinterest/frascati--italy--pinterest-pin.png,"00044 Frascati, Metropolitan City of Rome, Italy",Frascati,Italy,41.8085208,12.6761041,"For centuries, this little village has been the preferred getaway for Romans looking for fresh air, and good food and wine.",active,Italy,Europe
6395182656,Ragusa,destination,https://daytrip.com/en/transfers/ragusa-it,https://raw.githubusercontent.com/kubaivanov/pictures/main/pinterest/ragusa--italy--pinterest-pin.png,"97100 Ragusa, Province of Ragusa, Italy",Ragusa,Italy,36.9269273,14.7255129,"For centuries, this UNESCO World Heritage Site was two separate cities, meaning its doubly full of beautiful Baroque architecture.",active,Italy,Europe
6395182657,Alberobello,destination,https://daytrip.com/en/transfers/alberobello-it,https://raw.githubusercontent.com/kubaivanov/pictures/main/pinterest/alberobello--italy--pinterest-pin.png,"70011 Alberobello, Metropolitan City of Bari, Italy",Alberobello,Italy,40.7864131,17.240936,"The traditional, cone-roofed 'Trulli' houses in this picturesque village are so distinctive, they're a UNESCO World Heritage Site.",active,Italy,Europe
6395182658,Montecatini Alto,destination,https://daytrip.com/en/transfers/montecatini-alto-it,https://raw.githubusercontent.com/kubaivanov/pictures/main/pinterest/montecatini-alto--italy--pinterest-pin.png,"51016 Montecatini Alto PT, Italy",Montecatini Alto,Italy,43.889986971800127,10.77913820743561,Montecatini Alto is an Italian town famous all over the world for its thermal waters and spas. The tiny medieval village offers stunning view of the Tuscan hills.,active,Italy,Europe
6395182660,Gubbio,destination,https://daytrip.com/en/transfers/gubbio-it,https://raw.githubusercontent.com/kubaivanov/pictures/main/pinterest/gubbio--italy--pinterest-pin.png,"06024 Gubbio, Province of Perugia, Italy",Gubbio,Italy,43.3513193,12.5753166,"The oldest town in Umbria is rich in artistic heritage, from its huge Roman theatre to the heavy use of truffles in their cuisine.",active,Italy,Europe
6395182661,Naples,destination,https://daytrip.com/en/transfers/naples-it,https://raw.githubusercontent.com/kubaivanov/pictures/main/pinterest/naples--italy--pinterest-pin.png,"Naples, Italy",Naples,Italy,40.8517746,14.2681244,"Food lovers will rejoice as they explore Naples, the city of pasta, coffee, and most importantly, pizza.",active,Italy,Europe
6395182663,Villabassa,destination,https://daytrip.com/en/transfers/villabassa-it,https://raw.githubusercontent.com/kubaivanov/pictures/main/pinterest/villabassa--italy--pinterest-pin.png,"39039 Villabassa BZ, Italy",Villabassa,Italy,46.7358347,12.1858355,The major highlight in Villabassa is its massive 12 acre park which houses the Kurpark spa complex and mountains of fun!,active,Italy,Europe
6395182664,Caltagirone,destination,https://daytrip.com/en/transfers/caltagirone-it,https://raw.githubusercontent.com/kubaivanov/pictures/main/pinterest/caltagirone--italy--pinterest-pin.png,"95041 Caltagirone, Province of Catania, Italy",Caltagirone,Italy,37.2380929,14.5126066,"This UNESCO-listed town is filled with beautiful, ceramic-covered Baroque buildings.",active,Italy,Europe
6395182665,Agropoli,destination,https://daytrip.com/en/transfers/agropoli-it,https://raw.githubusercontent.com/kubaivanov/pictures/main/pinterest/agropoli--italy--pinterest-pin.png,"84043 Agropoli, Province of Salerno, Italy",Agropoli,Italy,40.3486827,14.9912195,"Literally meaning 'high city', the medieval core of this cliff-top town offers historic architecture and stupendous views.",active,Italy,Europe
6395182666,Mount Etna,destination,https://daytrip.com/en/transfers/mount-etna-it,https://raw.githubusercontent.com/kubaivanov/pictures/main/pinterest/mount-etna--italy--pinterest-pin.png,"Funivia dell'Etna - Stazione Arrivo Parco dell'Etna, Nicolosi, Piazzale Rifugio Sapienza, 95030 Nicolosi CT",Mount Etna,Italy,37.7008793,14.9989918,Europe's largest and most active volcano is a UNESCO-listed wonderland for nature lovers.,active,Italy,Europe
6395182667,Apricale,destination,https://daytrip.com/en/transfers/apricale-it,https://raw.githubusercontent.com/kubaivanov/pictures/main/pinterest/apricale--italy--pinterest-pin.png,"18035 Apricale IM, Italy",Apricale,Italy,43.8818776,7.6562528999999993,"Hugging a knife-edge of hillside, linked by tunnels, alleyways, bridges and terraces, this hidden gem looks like it hasn't changed in centuries.",active,Italy,Europe
6395182668,Bosa,destination,https://daytrip.com/en/transfers/bosa-it,https://raw.githubusercontent.com/kubaivanov/pictures/main/pinterest/bosa--italy--pinterest-pin.png,Bosa sardinia,Bosa,Italy,40.2952312,8.5036658,"This patchwork of pastel houses, crowned by a medieval castle, is one of the most picturesque towns in Sardinia.",active,Italy,Europe
6395182669,Chioggia,destination,https://daytrip.com/en/transfers/chioggia-it,https://raw.githubusercontent.com/kubaivanov/pictures/main/pinterest/chioggia--italy--pinterest-pin.png,"30015 Chioggia, Metropolitan City of Venice, Italy",Chioggia,Italy,45.2198654,12.2790144,"A city with canals almost always garners a comparison to Venice, but this small island in the Lagoon of Venice, might just be worthy.",active,Italy,Europe
6395182671,Benevento,destination,https://daytrip.com/en/transfers/benevento-it,https://raw.githubusercontent.com/kubaivanov/pictures/main/pinterest/benevento--italy--pinterest-pin.png,"82100 Benevento, Province of Benevento, Italy",Benevento,Italy,41.1297613,14.7826208,"With a history so long that the Romans argued about its origins, it's no surprise there's a wealth of ancient monuments, including a UNESCO Site.",active,Italy,Europe
6395182672,Vernazza,destination,https://daytrip.com/en/transfers/vernazza-it,https://raw.githubusercontent.com/kubaivanov/pictures/main/pinterest/vernazza--italy--pinterest-pin.png,"19018 Vernazza, Province of La Spezia, Italy",Vernazza,Italy,44.13665359871527,9.685084695106525,"Pastel buildings, medieval monuments make this little village the crown jewel of the UNESCO-listed Cinque Terre.",active,Italy,Europe
6395182673,Riva del Garda,destination,https://daytrip.com/en/transfers/riva-del-garda-it,https://raw.githubusercontent.com/kubaivanov/pictures/main/pinterest/riva-del-garda--italy--pinterest-pin.png,"Riva del Garda, Province of Trento, Italy",Riva del Garda,Italy,45.8892142,10.8430696,"Riva del Garda is an Italian town located at the northern end of Lake Garda. With mountains rising on either side, the striking town is the perfect lakeshore spot to unwind.",active,Italy,Europe
6395182674,Cefalu,destination,https://daytrip.com/en/transfers/cefalu-it,https://raw.githubusercontent.com/kubaivanov/pictures/main/pinterest/cefalu--italy--pinterest-pin.png,"90015 Cefalù, Province of Palermo, Italy",Cefalu,Italy,38.035023786267637,14.021161028588836,"With one of Sicily's finest beaches, and a UNESCO-listed cathedral, this picturesque medieval village is a coastal jewel.",active,Italy,Europe
6395182676,Padua,destination,https://daytrip.com/en/transfers/padua-it,https://raw.githubusercontent.com/kubaivanov/pictures/main/pinterest/padua--italy--pinterest-pin.png,"Padua, Province of Padua, Italy",Padua,Italy,45.4064349,11.8767611,"Home to Italy's second oldest university, the 14th-century frescoes scattered throughout this ancient city make up a UNESCO World Heritage Site.",active,Italy,Europe
6395182677,Udine,destination,https://daytrip.com/en/transfers/udine-it,https://raw.githubusercontent.com/kubaivanov/pictures/main/pinterest/udine--italy--pinterest-pin.png,"33100 Udine UD, Italy",Udine,Italy,46.0710668,13.2345794,"Udine is a city in the northeastern region of Friuli-Venezia Giulia. Bordering close to Austria and Slovenia, this charming city is full of flavor.",active,Italy,Europe
6395182678,Como City,destination,https://daytrip.com/en/transfers/como-it,https://raw.githubusercontent.com/kubaivanov/pictures/main/pinterest/como-city--italy--pinterest-pin.png,"22100 Como, Province of Como, Italy",Como City,Italy,45.8080597,9.0851765,This small city on the southern shores of Lake Como offers classic architecture with a spectacular natural backdrop.,active,Italy,Europe
6395182680,Caprarola,destination,https://daytrip.com/en/transfers/caprarola-it,https://raw.githubusercontent.com/kubaivanov/pictures/main/pinterest/caprarola--italy--pinterest-pin.png,"01032 Caprarola VT, Italy",Caprarola,Italy,42.3272312,12.2387494,This medieval village at the foot of Criminis is dominated by Pope Paul III's intentionally incongruous villa.,active,Italy,Europe
6395182682,Scilla,destination,https://daytrip.com/en/transfers/scilla-it,https://raw.githubusercontent.com/kubaivanov/pictures/main/pinterest/scilla--italy--pinterest-pin.png,"89058 Scilla RC, Italy",Scilla,Italy,38.254368380389025,15.715535610034181,"While today they symbol of this charming fishing village is the swordfish, according to Homer, it was home to the legendary monster Scylla.",active,Italy,Europe
6395182683,Nora,destination,https://daytrip.com/en/transfers/nora-it,https://raw.githubusercontent.com/kubaivanov/pictures/main/pinterest/nora--italy--pinterest-pin.png,Nora sardinia,Nora,Italy,38.9934087,9.0135832999999987,Take in beautiful beaches and rich history at one of Sardinia's best-preserved and most important archaeological sites.,active,Italy,Europe
6395182685,Imola,destination,https://daytrip.com/en/transfers/imola-it,https://raw.githubusercontent.com/kubaivanov/pictures/main/pinterest/imola--italy--pinterest-pin.png,"40026 Imola, Metropolitan City of Bologna, Italy",Imola,Italy,44.359999599999988,11.7124294,"Founded in the 1st century BC, this small town has a rich history ready to captivate its visitors with its 14th century buildings and fortress.",active,Italy,Europe
6395182686,Ortisei,destination,https://daytrip.com/en/transfers/ortisei-it,https://raw.githubusercontent.com/kubaivanov/pictures/main/pinterest/ortisei--italy--pinterest-pin.png,"39046 Ortisei BZ, Italy",Ortisei,Italy,46.5734348,11.6742025,Travelers are richly rewarded with a sweeping mountain vista and splendid architecture at this alpine church.,active,Italy,Europe
6395182688,Malcesine,destination,https://daytrip.com/en/transfers/malcesine-it,https://raw.githubusercontent.com/kubaivanov/pictures/main/pinterest/malcesine--italy--pinterest-pin.png,"Malcesine, Province of Verona, Italy",Malcesine,Italy,45.764050218319419,10.810375213623049,"Located in northern Italy along Lake Garda's eastern shore, the village of Malcesine is considered one of the most appealing settlements on the entire lake.",active,Italy,Europe
6395182690,Novara,destination,https://daytrip.com/en/transfers/novara-it,https://raw.githubusercontent.com/kubaivanov/pictures/main/pinterest/novara--italy--pinterest-pin.png,"28100 Novara, Province of Novara, Italy",Novara,Italy,45.446929999999988,8.622161199999999,"New for the Romans, this ancient city offers visitors hundreds of years of history in one place.",active,Italy,Europe
6395182691,Nuoro,destination,https://daytrip.com/en/transfers/nuoro-it,https://raw.githubusercontent.com/kubaivanov/pictures/main/pinterest/nuoro--italy--pinterest-pin.png,Nuoro,Nuoro,Italy,40.320242100000009,9.3264377,"From its near-Latin dialect to renowned artists, to the world's rarest pasta, this hilltop town has cemented itself as the cultural capital of Sardinia.",active,Italy,Europe
6395182693,Agrigento,destination,https://daytrip.com/en/transfers/agrigento-it,https://raw.githubusercontent.com/kubaivanov/pictures/main/pinterest/agrigento--italy--pinterest-pin.png,"92100 Agrigento, AG, Italy",Agrigento,Italy,37.3094075,13.5859823,"Sitting above the UNESCO-listed Valley of the Temples, modern Agrigento has a criminally overlooked historic center.",active,Italy,Europe
6395182695,Ravello,destination,https://daytrip.com/en/transfers/ravello-it,https://raw.githubusercontent.com/kubaivanov/pictures/main/pinterest/ravello--italy--pinterest-pin.png,"84010 Ravello, Province of Salerno, Italy",Ravello,Italy,40.6491886,14.6117112,"With its sweeping views and luscious gardens, this UNESCO-listed town has conquered the hearts of many artists and intellectuals.",active,Italy,Europe
6395182696,Lake Braies,destination,https://daytrip.com/en/transfers/lake-braies-it,https://raw.githubusercontent.com/kubaivanov/pictures/main/pinterest/lake-braies--italy--pinterest-pin.png,"Pragser Wildsee, 39030 Prags, Province of Bolzano - South Tyrol, Italy",Lake Braies,Italy,46.699700464613272,12.085390090942383,"Lake Braies, situated at the foot of Croda del Becco in South Tyrol, Italy, is a tranquil haven for nature lovers.",active,Italy,Europe
6395182697,Comacchio,destination,https://daytrip.com/en/transfers/comacchio-it,https://raw.githubusercontent.com/kubaivanov/pictures/main/pinterest/comacchio--italy--pinterest-pin.png,"44022 Comacchio FE, Italy",Comacchio,Italy,44.6940053,12.1793532,"Built in a lagoon, this ancient fishing village's colourful charm, canals, and eels are so alluring they even attracted a young Sophia Loren.",active,Italy,Europe
6395182698,Colle Val d'Elsa,destination,https://daytrip.com/en/transfers/colle-val-d-elsa-it,https://raw.githubusercontent.com/kubaivanov/pictures/main/pinterest/colle-val-d-elsa--italy--pinterest-pin.png,"53034 Colle di Val d'Elsa, Province of Siena, Italy",Colle Val d'Elsa,Italy,43.4199639,11.1272064,"First settled by man in at least the 4th millennium B.C. and first mentioned as a city in the 9th-century A.D., Colle di Val d'Elsa has seen its fair share of history.",active,Italy,Europe
6395182699,Assisi,destination,https://daytrip.com/en/transfers/assisi-it,https://raw.githubusercontent.com/kubaivanov/pictures/main/pinterest/assisi--italy--pinterest-pin.png,"06081 Assisi, Province of Perugia, Italy",Assisi,Italy,43.0707017,12.6195966,"The birthplace of St. Francis is certainly a religious destination, but the UNESCO-listed Franciscan structures and medieval center are compelling for visitors of any creed.",active,Italy,Europe
6395182700,Aosta,destination,https://daytrip.com/en/transfers/aosta-it,https://raw.githubusercontent.com/kubaivanov/pictures/main/pinterest/aosta--italy--pinterest-pin.png,"11100 Aosta, Aosta Valley, Italy",Aosta,Italy,45.7349551,7.3130761999999994,"Surrounded by soaring peaks, the former Roman capital of the Alps is second only to Rome itself when it comes to ancient monuments.",active,Italy,Europe
6395182701,Savona,destination,https://daytrip.com/en/transfers/savona-it,https://raw.githubusercontent.com/kubaivanov/pictures/main/pinterest/savona--italy--pinterest-pin.png,"17100 Savona, Province of Savona, Italy",Savona,Italy,44.309846416806849,8.4850502014160174,"Situated in the Riviera di Ponente on the Mediterranean Sea, Savona boasts culture, tradition, and an elegant medieval center.",active,Italy,Europe
6395182703,Cosenza,destination,https://daytrip.com/en/transfers/cosenza-it,https://raw.githubusercontent.com/kubaivanov/pictures/main/pinterest/cosenza--italy--pinterest-pin.png,"87100 Cosenza, Province of Cosenza, Italy",Cosenza,Italy,39.2982629,16.2537357,"This beautiful city is one of the last Italian frontiers resisting large groups of tourists, giving the place a natural and off the beaten track feel.",active,Italy,Europe
6395182704,Taranto,destination,https://daytrip.com/en/transfers/taranto-it,https://raw.githubusercontent.com/kubaivanov/pictures/main/pinterest/taranto--italy--pinterest-pin.png,"Taranto, Province of Taranto, Italy",Taranto,Italy,40.464360600000013,17.2470303,"An ancient Trojan stronghold, this commercial hub is still home to a medieval old town, and one of the best Greek museums in the country.",active,Italy,Europe
6395182706,Canazei,destination,https://daytrip.com/en/transfers/canazei-it,https://raw.githubusercontent.com/kubaivanov/pictures/main/pinterest/canazei--italy--pinterest-pin.png,"Canazei, Province of Trento, Italy",Canazei,Italy,46.4767277,11.7703015,The resort town of Canazei is located in the Ladin-speaking region of the Dolomites area of Italy. The Dolomites mountain range (a UNESCO World Heritage Site) are regarded as one of the most attractive mountain landscapes in the world.,active,Italy,Europe
6395182707,Tivoli,destination,https://daytrip.com/en/transfers/tivoli-it,https://raw.githubusercontent.com/kubaivanov/pictures/main/pinterest/tivoli--italy--pinterest-pin.png,"Tivoli, Metropolitan City of Rome, Italy",Tivoli,Italy,41.959817,12.8022261,"Scattered with stunning ruins and impressive waterfalls, Tivoli embodies the true meaning of picturesque.",active,Italy,Europe
6395182709,Brixen,destination,https://daytrip.com/en/transfers/brixen-it,https://raw.githubusercontent.com/kubaivanov/pictures/main/pinterest/brixen--italy--pinterest-pin.png,"39042 Brixen, Province of Bolzano - South Tyrol, Italy",Brixen,Italy,46.7177048,11.6572436,"Brixen is located in south Tyrol in northern Italy. A bishop's seat since 901, this Baroque town is the artistic and cultural capital of the valley.",active,Italy,Europe
6395182710,Ravenna,destination,https://daytrip.com/en/transfers/ravenna-it,https://raw.githubusercontent.com/kubaivanov/pictures/main/pinterest/ravenna--italy--pinterest-pin.png,"Ravenna, Province of Ravenna, Italy",Ravenna,Italy,44.4183598,12.2035294,"Ravenna has one of the most impressive collections of Christian mosaic artwork, deemed of the utmost importance once Ravenna joined the UNESCO World Heritage list in 1996.",active,Italy,Europe
6395182711,Villa del Balbianello,destination,https://daytrip.com/en/transfers/villa-del-balbianello-it,https://raw.githubusercontent.com/kubaivanov/pictures/main/pinterest/villa-del-balbianello--italy--pinterest-pin.png,"Via Guido Monzino, 1, 22016 Tremezzina CO, Italy",Villa del Balbianello,Italy,45.9652637,9.2024814,"With its stunning architecture and breathtaking views, this stately villa has appeared in everything from Star Wars to Casino Royale.",active,Italy,Europe
6395182712,Merano,destination,https://daytrip.com/en/transfers/merano-it,https://raw.githubusercontent.com/kubaivanov/pictures/main/pinterest/merano--italy--pinterest-pin.png,"Merano, Province of Bolzano - South Tyrol, Italy",Merano,Italy,46.6712938,11.1525179,"Merano's gorgeous medieval structures and over 50 castles, dating back to the 3rd millennium B.C., is the perfect excuse to visit the town's famous health spa resort.",active,Italy,Europe
6395182714,Trapani,destination,https://daytrip.com/en/transfers/trapani-it,https://raw.githubusercontent.com/kubaivanov/pictures/main/pinterest/trapani--italy--pinterest-pin.png,"91100 Trapani, Province of Trapani, Italy",Trapani,Italy,38.0176177,12.537202,The beautiful fishing village on this picturesque peninsula was once one of the most important ports in Sicily.,active,Italy,Europe
6395182715,Polignano a Mare,destination,https://daytrip.com/en/transfers/polignano-a-mare-it,https://raw.githubusercontent.com/kubaivanov/pictures/main/pinterest/polignano-a-mare--italy--pinterest-pin.png,"70044 Polignano a Mare, Metropolitan City of Bari, Italy",Polignano a Mare,Italy,40.9948996,17.2225389,"This picturesque town is a sleepy seaside escape, except when it's hosting the Red Bull cliff-diving competition.",active,Italy,Europe
6395182716,Varenna,destination,https://daytrip.com/en/transfers/varenna-it,https://raw.githubusercontent.com/kubaivanov/pictures/main/pinterest/varenna--italy--pinterest-pin.png,"23829 Varenna LC, Italy",Varenna,Italy,46.0090947,9.285115,"A perfect destination with sublime weather, Varenna is a village along Lake Como with relaxation as its number one promise.",active,Italy,Europe
6395182717,Castelsardo,destination,https://daytrip.com/en/transfers/castelsardo-it,https://raw.githubusercontent.com/kubaivanov/pictures/main/pinterest/castelsardo--italy--pinterest-pin.png,Castelsardo,Castelsardo,Italy,40.913692,8.708592,"One of Italy's 100 Most Beautiful Villages, this colorful seaside town offers both medieval history and bewitching beaches.",active,Italy,Europe
6395182718,Civita di Bagnoregio,destination,https://daytrip.com/en/transfers/civita-di-bagnoregio-it,https://raw.githubusercontent.com/kubaivanov/pictures/main/pinterest/civita-di-bagnoregio--italy--pinterest-pin.png,"01022 Civita di Bagnoregio, VT, Italy",Civita di Bagnoregio,Italy,42.625822914225651,12.104219496759015,"On a lush plateau, this ancient city is overflowing with lush greenery as it slowly returns to the earth.",active,Italy,Europe
6395182719,Cividale del Friuli,destination,https://daytrip.com/en/transfers/cividale-del-friuli-it,https://raw.githubusercontent.com/kubaivanov/pictures/main/pinterest/cividale-del-friuli--italy--pinterest-pin.png,"Cividale del Friuli, Province of Udine, Italy",Cividale del Friuli,Italy,46.0801447,13.433127,"Recognized as a UNESCO World Heritage Site in 2011, the small town of Cividale del Friuli has an immensely rich history.",active,Italy,Europe
6395182720,Enna,destination,https://daytrip.com/en/transfers/enna-it,https://raw.githubusercontent.com/kubaivanov/pictures/main/pinterest/enna--italy--pinterest-pin.png,"Province of Enna, Italy",Enna,Italy,37.569835669848288,14.27447776005863,"Perched atop a plateau, this historic city offers beautiful views, and beautiful architecture, including a UNESCO-listed cathedral.",active,Italy,Europe
6395182722,Modica,destination,https://daytrip.com/en/transfers/modica-it,https://raw.githubusercontent.com/kubaivanov/pictures/main/pinterest/modica--italy--pinterest-pin.png,"97015 Modica, Province of Ragusa, Italy",Modica,Italy,36.8588355,14.7608152,"This UNESCO-listed hilltop city is renowned for its Baroque monuments and its unique chocolate, which is based on an ancient Aztec recipe.",active,Italy,Europe
6395182723,Bellagio,destination,https://daytrip.com/en/transfers/bellagio-it,https://raw.githubusercontent.com/kubaivanov/pictures/main/pinterest/bellagio--italy--pinterest-pin.png,"22021 Bellagio CO, Italy",Bellagio,Italy,45.9782492,9.2588490999999991,This charming town and its many beautiful villas sits directly on the water between the two branches of Lake Como.,active,Italy,Europe
6395182724,Tirano,destination,https://daytrip.com/en/transfers/tirano-it,https://raw.githubusercontent.com/kubaivanov/pictures/main/pinterest/tirano--italy--pinterest-pin.png,"23037 Tirano, Province of Sondrio, Italy",Tirano,Italy,46.215597061984326,10.169192285058557,"On the Swiss border, surrounded by mountains, this picturesque alpine town was supposedly the site of a miraculous apparition of the Virgin Mary.",active,Italy,Europe
6395182725,Selva di Val Gardena,destination,https://daytrip.com/en/transfers/selva-di-val-gardena-it,https://raw.githubusercontent.com/kubaivanov/pictures/main/pinterest/selva-di-val-gardena--italy--pinterest-pin.png,"Sëlva, Province of Bolzano - South Tyrol, Italy",Selva di Val Gardena,Italy,46.556351981989593,11.754727363586428,"A jewel among the UNESCO World Heritage Dolomites, the charming town of Selva di Val Gardena offers the perfect combination of sport and leisure activities.",active,Italy,Europe
6395182728,Parma,destination,https://daytrip.com/en/transfers/parma-it,https://raw.githubusercontent.com/kubaivanov/pictures/main/pinterest/parma--italy--pinterest-pin.png,"Parma, Province of Parma, Italy",Parma,Italy,44.801485,10.3279036,"Located in the northern Italian region of Emilia-Romagna lies the elegant city of Parma, famous for its gastronomy, architecture, and music.",active,Italy,Europe
6395182729,Noto,destination,https://daytrip.com/en/transfers/noto-it,https://raw.githubusercontent.com/kubaivanov/pictures/main/pinterest/noto--italy--pinterest-pin.png,"96017 Noto SR, Italy",Noto,Italy,36.8924433,15.0651945,This UNESCO-listed city is abloom with elegant Baroque monuments.,active,Italy,Europe
6395182733,Termoli,destination,https://daytrip.com/en/transfers/termoli-it,https://raw.githubusercontent.com/kubaivanov/pictures/main/pinterest/termoli--italy--pinterest-pin.png,"86039 Termoli, Province of Campobasso, Italy",Termoli,Italy,42.0005331,14.9952839,"This once humble medieval fishing village has developed into one of the region's premier beach resorts, allowing visitors their choice of diversion.",active,Italy,Europe
6395182734,Segesta,destination,https://daytrip.com/en/transfers/segesta-it,https://raw.githubusercontent.com/kubaivanov/pictures/main/pinterest/segesta--italy--pinterest-pin.png,"Contrada Barbaro, 91013 Calatafimi TP, Italy",Segesta,Italy,37.9415495,12.8351359,An amazingly well-preserved temple and theatre mark what was once a thriving ancient city.,active,Italy,Europe
6395182735,Monteriggioni,destination,https://daytrip.com/en/transfers/monteriggioni-it,https://raw.githubusercontent.com/kubaivanov/pictures/main/pinterest/monteriggioni--italy--pinterest-pin.png,"53035 Monteriggioni, Province of Siena, Italy",Monteriggioni,Italy,43.390089155155167,11.222841295800777,So scenic is this walled city that it has inspired everyone from Dante to video game designers.,active,Italy,Europe
6395182736,Dozza,destination,https://daytrip.com/en/transfers/dozza-it,https://raw.githubusercontent.com/kubaivanov/pictures/main/pinterest/dozza--italy--pinterest-pin.png,"40060 Dozza BO, Italy",Dozza,Italy,44.3587677,11.6257407,"With its mural-covered buildings, walking through the streets of this magical town is like walking through an art gallery.",active,Italy,Europe
6395182737,Venice,destination,https://daytrip.com/en/transfers/venice-it,https://raw.githubusercontent.com/kubaivanov/pictures/main/pinterest/venice--italy--pinterest-pin.png,"Venice, Italy",Venice,Italy,45.438186246892869,12.318320690629548,"It's hard to decide which is more stunning: Venice's historic architecture, or the network of canals running through it.",active,Italy,Europe
6395182738,Prato,destination,https://daytrip.com/en/transfers/prato-it,https://raw.githubusercontent.com/kubaivanov/pictures/main/pinterest/prato--italy--pinterest-pin.png,"59100 Prato, Province of Prato, Italy",Prato,Italy,43.8777049,11.102228,"A city with a seemingly endless array of palaces, castles, museums, and cathedrals for visitors to choose from.",active,Italy,Europe
6395182739,Turin,destination,https://daytrip.com/en/transfers/turin-it,https://raw.githubusercontent.com/kubaivanov/pictures/main/pinterest/turin--italy--pinterest-pin.png,"Turin, Italy",Turin,Italy,45.070312,7.6868564999999993,"Once the home to Italy's royal family, the House of Savoy, Turin is a magnificent city with various artworks from the Renaissance to Art Nouveau periods.",active,Italy,Europe
6395182741,Glorenza,destination,https://daytrip.com/en/transfers/glorenza-it,https://raw.githubusercontent.com/kubaivanov/pictures/main/pinterest/glorenza--italy--pinterest-pin.png,"39020 Glurns, Bozen, Italy",Glorenza,Italy,46.6706289,10.5529478,"The smallest town in South Tyrol to boast the title of City, Glorenza enjoyed an eventful history as a late medieval trading centre.",active,Italy,Europe
6395182742,Asolo,destination,https://daytrip.com/en/transfers/asolo-it,https://raw.githubusercontent.com/kubaivanov/pictures/main/pinterest/asolo--italy--pinterest-pin.png,"31011 Asolo, Province of Treviso, Italy",Asolo,Italy,45.799258599999987,11.9141103,"Known as 'The City of a Hundred Horizons' for its mountain setting, this Italian gem offers fantastic views and a long, rich history.",active,Italy,Europe
6395182743,Lanciano,destination,https://daytrip.com/en/transfers/lanciano-it,https://raw.githubusercontent.com/kubaivanov/pictures/main/pinterest/lanciano--italy--pinterest-pin.png,"Via Tesauri, 6, 66034 Lanciano CH, Italy",Lanciano,Italy,42.2304245,14.3900652,"This ancient city is best known for its Eucharistic Miracle, and supposedly the birthplace of the Roman centurion who speared Jesus while he was crucified.",active,Italy,Europe
6395182744,Taormina,destination,https://daytrip.com/en/transfers/taormina-it,https://raw.githubusercontent.com/kubaivanov/pictures/main/pinterest/taormina--italy--pinterest-pin.png,"98039 Taormina, Province of Messina, Italy",Taormina,Italy,37.8516366,15.2853127,Sicily's premier holiday destination is an intoxicating mix of natural beauty and ancient history.,active,Italy,Europe
6395182745,Lecco,destination,https://daytrip.com/en/transfers/lecco-it,https://raw.githubusercontent.com/kubaivanov/pictures/main/pinterest/lecco--italy--pinterest-pin.png,"23900 Lecco, Province of Lecco, Italy",Lecco,Italy,45.8565698,9.3976703999999991,"With its lakefront setting and long history, this commercial center offers beauty, landmarks, and modern convenience.",active,Italy,Europe
6395182747,Montepulciano,destination,https://daytrip.com/en/transfers/montepulciano-it,https://raw.githubusercontent.com/kubaivanov/pictures/main/pinterest/montepulciano--italy--pinterest-pin.png,"53045 Montepulciano, Province of Siena, Italy",Montepulciano,Italy,43.097941735367058,11.785358424853484,"Steep, twisty, cobbled lanes clamber up through an ancient, stony cityscape draped over a ridge.",active,Italy,Europe
6395182748,Positano,destination,https://daytrip.com/en/transfers/positano-it,https://raw.githubusercontent.com/kubaivanov/pictures/main/pinterest/positano--italy--pinterest-pin.png,"84017 Positano, Province of Salerno, Italy",Positano,Italy,40.6290998,14.4835956,"With its jumble of pastel-colored houses cascading down a cliff to the sea, it's no wonder this romantic resort town is known as the ""postcard of the Amalfi Coast"".",active,Italy,Europe
6395182750,Menaggio,destination,https://daytrip.com/en/transfers/menaggio-it,https://raw.githubusercontent.com/kubaivanov/pictures/main/pinterest/menaggio--italy--pinterest-pin.png,"22017 Menaggio, Province of Como, Italy",Menaggio,Italy,46.0217068,9.2388285,"Home to one of the area's most beautiful promenades, this scenic lakefront resort-town is ideal for visitors who scenic strolls to monument hunting.",active,Italy,Europe
6395182751,Bologna,destination,https://daytrip.com/en/transfers/bologna-it,https://raw.githubusercontent.com/kubaivanov/pictures/main/pinterest/bologna--italy--pinterest-pin.png,"Bologna, Italy",Bologna,Italy,44.494887,11.3426163,"This medieval town in northern Italy is famed for its lively student population, impeccable cuisine, theatre, and nightlife.",active,Italy,Europe
6395182752,Salerno,destination,https://daytrip.com/en/transfers/salerno-it,https://raw.githubusercontent.com/kubaivanov/pictures/main/pinterest/salerno--italy--pinterest-pin.png,"Salerno, Province of Salerno, Italy",Salerno,Italy,40.682440799999988,14.7680961,"A bustling port at first glance, this ancient city offers visitors plenty to see, including medieval architecture, lush gardens, and an exceptional waterfront promenade.",active,Italy,Europe
6395182754,Sirmione,destination,https://daytrip.com/en/transfers/sirmione-it,https://raw.githubusercontent.com/kubaivanov/pictures/main/pinterest/sirmione--italy--pinterest-pin.png,,Sirmione,Italy,45.495516611902637,10.607364340136655,The stunning setting of Lake Garda's prettiest town has drawn creatives and holiday-makers since the days of ancient Rome.,active,Italy,Europe
6395182756,Treviso,destination,https://daytrip.com/en/transfers/treviso-it,https://raw.githubusercontent.com/kubaivanov/pictures/main/pinterest/treviso--italy--pinterest-pin.png,"31100 Treviso, Province of Treviso, Italy",Treviso,Italy,45.6668893,12.2430437,"Nicknamed ""Little Venice"" due to its proximity to the showstopper, the overlooked city of Treviso is northern Italy's hidden gem, boasting meandering canals and medieval walls.",active,Italy,Europe
6395182757,Urbino,destination,https://daytrip.com/en/transfers/urbino-it,https://raw.githubusercontent.com/kubaivanov/pictures/main/pinterest/urbino--italy--pinterest-pin.png,"61029 Urbino, Province of Pesaro and Urbino, Italy",Urbino,Italy,43.7262567,12.6365633,"A Renaissance landmark, the entire city was redesigned and rebuilt by renaissance masters to create a setting fitting for its magnificent palace.",active,Italy,Europe
6395182759,Dolceaqua,destination,https://daytrip.com/en/transfers/dolceaqua-it,https://raw.githubusercontent.com/kubaivanov/pictures/main/pinterest/dolceaqua--italy--pinterest-pin.png,"18035 Dolceacqua, Province of Imperia, Italy",Dolceaqua,Italy,43.8514438,7.6222664999999994,"The curved bridge over a quiet river, leading to stone houses overlooked by an ancient castle is sure to leave as much an impression on you as it did Monet.",active,Italy,Europe
6395182760,Bergamo,destination,https://daytrip.com/en/transfers/bergamo-it,https://raw.githubusercontent.com/kubaivanov/pictures/main/pinterest/bergamo--italy--pinterest-pin.png,"Bergamo, Province of Bergamo, Italy",Bergamo,Italy,45.6982642,9.6772698,"This alluring city has the classic Italian fair of beautiful buildings and red roofs, but its trademark feature has a rare twist with an elegant charm.",active,Italy,Europe
6395182762,Perugia,destination,https://daytrip.com/en/transfers/perugia-it,https://raw.githubusercontent.com/kubaivanov/pictures/main/pinterest/perugia--italy--pinterest-pin.png,"Perugia, Province of Perugia, Italy",Perugia,Italy,43.1107168,12.3908279,"One of twelve legendary ancient Etruscan cities, a journey through Perugia's historic center feels like a journey back in time.",active,Italy,Europe
6395182763,Sorrento,destination,https://daytrip.com/en/transfers/sorrento-it,https://raw.githubusercontent.com/kubaivanov/pictures/main/pinterest/sorrento--italy--pinterest-pin.png,"80067 Sorrento, Metropolitan City of Naples, Italy",Sorrento,Italy,40.6262925,14.3757985,All the flavors of the Italian coast are presented in a picturesque package in this historic cliffside city.,active,Italy,Europe
6395182764,Syracuse,destination,https://daytrip.com/en/transfers/syracuse-it,https://raw.githubusercontent.com/kubaivanov/pictures/main/pinterest/syracuse--italy--pinterest-pin.png,"96100 Syracuse, Province of Syracuse, Italy",Syracuse,Italy,37.0754739,15.2865861,"Listed as a UNESCO World Heritage Site, this history-filled city was once the most powerful in the Mediterranean.",active,Italy,Europe
6395182765,Bolgheri,destination,https://daytrip.com/en/transfers/bolgheri-it,https://raw.githubusercontent.com/kubaivanov/pictures/main/pinterest/bolgheri--italy--pinterest-pin.png,"57022 Bolgheri, Province of Livorno, Italy",Bolgheri,Italy,43.2336764,10.6170139,"Accessed via a cypress-lined avenue made famous by Carducci, this medieval village's history is as rich as its award-winning Super Tuscan wine.",active,Italy,Europe
6395182767,Faenza,destination,https://daytrip.com/en/transfers/faenza-it,https://raw.githubusercontent.com/kubaivanov/pictures/main/pinterest/faenza--italy--pinterest-pin.png,"48018 Faenza, Province of Ravenna, Italy",Faenza,Italy,44.2898527,11.8774091,"Having produced ceramics for centuries, Faenza's name became the word for fine earthenware.",active,Italy,Europe
6395182768,Arezzo,destination,https://daytrip.com/en/transfers/arezzo-it,https://raw.githubusercontent.com/kubaivanov/pictures/main/pinterest/arezzo--italy--pinterest-pin.png,"52100 Arezzo, Province of Arezzo, Italy",Arezzo,Italy,43.463283900000008,11.8796336,This ancient city's charming central square is every bit as beautiful as it appears in the film Life is Beautiful.,active,Italy,Europe
6395182769,Orvieto,destination,https://daytrip.com/en/transfers/orvieto-it,https://raw.githubusercontent.com/kubaivanov/pictures/main/pinterest/orvieto--italy--pinterest-pin.png,"05018 Orvieto, Province of Terni, Italy",Orvieto,Italy,42.7185068,12.1107446,This ancient city served as a papal safe house - a status which blessed it with one of the most spectacular cathedrals in Italy.,active,Italy,Europe
6395182770,Chiavari,destination,https://daytrip.com/en/transfers/chiavari-it,https://raw.githubusercontent.com/kubaivanov/pictures/main/pinterest/chiavari--italy--pinterest-pin.png,"16043 Chiavari, Metropolitan City of Genoa, Italy",Chiavari,Italy,44.3168416,9.3199822,"Famous for its namesake chair, it's this city's long history that will sweep you off your feet.",active,Italy,Europe
6395182771,Trieste,destination,https://daytrip.com/en/transfers/trieste-it,https://raw.githubusercontent.com/kubaivanov/pictures/main/pinterest/trieste--italy--pinterest-pin.png,"Trieste, Italy",Trieste,Italy,45.6495264,13.7768182,"The charming city and seaport of Trieste lies between Latin, Germanic, and Slavic lands. It's surrounded by hills on one side and the Mediterranean on the other. This underrated and often overlooked city has a vibrant, culturally diverse atmosphere with an Eastern-European feel.",active,Italy,Europe
6395182772,Mount Vesuvius,destination,https://daytrip.com/en/transfers/mount-vesuvius-it,https://raw.githubusercontent.com/kubaivanov/pictures/main/pinterest/mount-vesuvius--italy--pinterest-pin.png,"Mount Vesuvius, 80044 Ottaviano, Metropolitan City of Naples, Italy",Mount Vesuvius,Italy,40.828374504526572,14.426802948132263,The world's most famous volcano offers a strangely beautiful natural landscape and air of history.,active,Italy,Europe
6395182773,Vasto,destination,https://daytrip.com/en/transfers/vasto-it,https://raw.githubusercontent.com/kubaivanov/pictures/main/pinterest/vasto--italy--pinterest-pin.png,"66054 Vasto, Province of Chieti, Italy",Vasto,Italy,42.1045588,14.7058711,"With its historic buildings, stunning views of the sea, and famously fresh seafood, Vasto's the place to be for a taste of traditional Italy.",active,Italy,Europe
6395182774,Locorotondo,destination,https://daytrip.com/en/transfers/locorotondo-it,https://raw.githubusercontent.com/kubaivanov/pictures/main/pinterest/locorotondo--italy--pinterest-pin.png,"70010 Locorotondo BA, Italy",Locorotondo,Italy,40.7559127,17.3262806,"Famously built on a circular plan, the 'round place' offers a scenic scenter, panoramic views and great wine.",active,Italy,Europe
6395182775,San Gimignano,destination,https://daytrip.com/en/transfers/san-gimignano-it,https://raw.githubusercontent.com/kubaivanov/pictures/main/pinterest/san-gimignano--italy--pinterest-pin.png,"San Gimignano, Province of Siena, Italy",San Gimignano,Italy,43.467621772482005,11.043319702148438,"The meticulously maintained houses, walls, and towers of this UNESCO-protected town will bring you back to the Middle Ages.",active,Italy,Europe
6395182778,Bassano Del Grappa,destination,https://daytrip.com/en/transfers/bassano-del-grappa-it,https://raw.githubusercontent.com/kubaivanov/pictures/main/pinterest/bassano-del-grappa--italy--pinterest-pin.png,"36061 Bassano del Grappa, Province of Vicenza, Italy",Bassano Del Grappa,Italy,45.7657286,11.7272747,"This medieval village's historic buildings, beautiful surroundings, and famous liquor has attracted everyone from Napoleon to Hemingway.",active,Italy,Europe
6395182779,Anghiari,destination,https://daytrip.com/en/transfers/anghiari-it,https://raw.githubusercontent.com/kubaivanov/pictures/main/pinterest/anghiari--italy--pinterest-pin.png,"52031 Anghiari, Province of Arezzo, Italy",Anghiari,Italy,43.540102999999988,12.0521433,"The setting for a vanished Da Vinci painting, this scenic hilltop town is the perfect place to find the rustic charms of Tuscany.",active,Italy,Europe
6395182780,Pacentro,destination,https://daytrip.com/en/transfers/pacentro-it,https://raw.githubusercontent.com/kubaivanov/pictures/main/pinterest/pacentro--italy--pinterest-pin.png,"67030 Pacentro AQ, Italy",Pacentro,Italy,42.0514154,13.9929105,"Set high on the hill, this medieval village is scenic with great views- and is no stranger to celebrity.",active,Italy,Europe
6395182781,Saluzzo,destination,https://daytrip.com/en/transfers/saluzzo-it,https://raw.githubusercontent.com/kubaivanov/pictures/main/pinterest/saluzzo--italy--pinterest-pin.png,"12037 Saluzzo, Province of Cuneo, Italy",Saluzzo,Italy,44.6445404,7.4927354999999993,Explore this medieval town that was the setting of Chaucer's Clerk's Tale and Boccaccio's tale of Griselda.,active,Italy,Europe
6395182782,Ascoli Piceno,destination,https://daytrip.com/en/transfers/ascoli-piceno-it,https://raw.githubusercontent.com/kubaivanov/pictures/main/pinterest/ascoli-piceno--italy--pinterest-pin.png,"63100 Ascoli Piceno, Province of Ascoli Piceno, Italy",Ascoli Piceno,Italy,42.8536043,13.5749442,"Surrounded by mountains on three sides, and bordering two natural parks, this hill-top town is rich with history, nature, and a vibrant culinary scene.",active,Italy,Europe
6395182783,Messina,destination,https://daytrip.com/en/transfers/messina-it,https://raw.githubusercontent.com/kubaivanov/pictures/main/pinterest/messina--italy--pinterest-pin.png,"Messina, Province of Messina, Italy",Messina,Italy,38.1938137,15.5540152,"With its historic monuments, beautiful views, and delectable cuisine, this ancient city gives a taste of Sicily's many delights.",active,Italy,Europe
6395182784,Catania,destination,https://daytrip.com/en/transfers/catania-it,https://raw.githubusercontent.com/kubaivanov/pictures/main/pinterest/catania--italy--pinterest-pin.png,"Catania, Province of Catania, Italy",Catania,Italy,37.5078772,15.0830304,"Built from grey lava stone, the UNESCO-listed historic center of Sicily's second largest city is a Baroque wonderland.",active,Italy,Europe
6395182785,Mantua,destination,https://daytrip.com/en/transfers/mantua-it,https://raw.githubusercontent.com/kubaivanov/pictures/main/pinterest/mantua--italy--pinterest-pin.png,"46100 Mantua, Province of Mantua, Italy",Mantua,Italy,45.1564168,10.7913751,"An often overlooked Renaissance gem, the city of Mantova was chosen as the Italian Capital of Culture in 2016.",active,Italy,Europe
6395182786,Scicli,destination,https://daytrip.com/en/transfers/scicli-it,https://raw.githubusercontent.com/kubaivanov/pictures/main/pinterest/scicli--italy--pinterest-pin.png,"97018 Scicli, Province of Ragusa, Italy",Scicli,Italy,36.7932122,14.706973,Beautiful Baroque architecture abounds in the this UNESCO-listed town.,active,Italy,Europe
6395182787,Genoa,destination,https://daytrip.com/en/transfers/genoa-it,https://raw.githubusercontent.com/kubaivanov/pictures/main/pinterest/genoa--italy--pinterest-pin.png,"Genoa, Italy",Genoa,Italy,44.4056499,8.946256,"Italy's largest seaport, the birthplace of Christopher Columbus is a UNESCO World Heritage Site with one of Europe's biggest historic centers and over 100 opulent palaces.",active,Italy,Europe
6395182788,Milan,destination,https://daytrip.com/en/transfers/milan-it,https://raw.githubusercontent.com/kubaivanov/pictures/main/pinterest/milan--italy--pinterest-pin.png,"Milan, Italy",Milan,Italy,45.4654219,9.1859243,"Milan is one of the major fashion capitals of the world with fashion, elegance, and money at its core.",active,Italy,Europe
6395182789,Pitigliano,destination,https://daytrip.com/en/transfers/pitigliano-it,https://raw.githubusercontent.com/kubaivanov/pictures/main/pinterest/pitigliano--italy--pinterest-pin.png,"58017 Pitigliano GR, Italy",Pitigliano,Italy,42.6353182,11.6699906,"Home to a large Jewish community for centuries, this beautiful cliff-top town offers a unique mix Italian tradition, and Jewish heritage.",active,Italy,Europe
6395182790,Sansepolcro,destination,https://daytrip.com/en/transfers/sansepolcro-it,https://raw.githubusercontent.com/kubaivanov/pictures/main/pinterest/sansepolcro--italy--pinterest-pin.png,"52037 Sansepolcro, Province of Arezzo, Italy",Sansepolcro,Italy,43.5726206,12.1382607,This striking medieval town was spared destruction during World War II because of the renowned artwork housed in its monuments.,active,Italy,Europe
6395182791,Todi,destination,https://daytrip.com/en/transfers/todi-it,https://raw.githubusercontent.com/kubaivanov/pictures/main/pinterest/todi--italy--pinterest-pin.png,"06059 Todi, Province of Perugia, Italy",Todi,Italy,42.7819352,12.4065686,"With rings of Etruscan, Roman and Medieval walls, visitors can actually see this ancient hilltop village's historical stages.",active,Italy,Europe
6395182792,Gorizia,destination,https://daytrip.com/en/transfers/gorizia-it,https://raw.githubusercontent.com/kubaivanov/pictures/main/pinterest/gorizia--italy--pinterest-pin.png,"34170 Gorizia, Province of Gorizia, Italy",Gorizia,Italy,45.9401812,13.6201754,The province of Gorizia is located in the region of Friuli Venezia Giulia at the border of Italy and Slovenia.,active,Italy,Europe
6395182793,Ivrea,destination,https://daytrip.com/en/transfers/ivrea-it,https://raw.githubusercontent.com/kubaivanov/pictures/main/pinterest/ivrea--italy--pinterest-pin.png,"10015 Ivrea, Metropolitan City of Turin, Italy",Ivrea,Italy,45.4672764,7.8800589,"This ancient city combines medieval monuments, with a UNESCO-listed modern assemblage, and hosts Italy's largest food fight during its carnival, which sees over 500,000 oranges thrown.",active,Italy,Europe
6395182795,Portofino,destination,https://daytrip.com/en/transfers/portofino-it,https://raw.githubusercontent.com/kubaivanov/pictures/main/pinterest/portofino--italy--pinterest-pin.png,"16034 Portofino, Metropolitan City of Genoa, Italy",Portofino,Italy,44.3031559,9.2097879,"Southeast of Genoa, this photogenic city was once a haven for Genoa's growing merchant marine fleet before becoming an aristocratic escape.",active,Italy,Europe
6395182796,Capalbio,destination,https://daytrip.com/en/transfers/capalbio-it,https://raw.githubusercontent.com/kubaivanov/pictures/main/pinterest/capalbio--italy--pinterest-pin.png,"58011 Capalbio, Province of Grosseto, Italy",Capalbio,Italy,42.4533917,11.4237185,This picturesque medieval town has been perfectly preserved by its still-standing defensive walls.,active,Italy,Europe
6395182799,Peschici,destination,https://daytrip.com/en/transfers/peschici-it,https://raw.githubusercontent.com/kubaivanov/pictures/main/pinterest/peschici--italy--pinterest-pin.png,"71010 Peschici FG, Italy",Peschici,Italy,41.9468998,16.0127759,"Perched on a seaside cliff, this whitewashed fishing village offers a rich history coupled with a fine white sand beach.",active,Italy,Europe
6395182800,Rome,destination,https://daytrip.com/en/transfers/rome-it,https://raw.githubusercontent.com/kubaivanov/pictures/main/pinterest/rome--italy--pinterest-pin.png,"Rome, Italy",Rome,Italy,41.9027835,12.4963655,"According to Roman mythology, Rome was founded by Romulus in 753 BC after killing his brother Remus over a dispute on which hill their city should be built on. Called the ""Eternal City"" for its long history, and the ""City of Seven Hills"", Rome's nicknames give a clue what to expect. Now home to nearly 3 million people, the Eternal City's long history is well-preserved in its many monuments and museums. Head to the UNESCO-listed city center to find most of Rome's most iconic monuments, like the Colosseum, Foro Romano, and Palatino. Along with its many ancient monuments, Rome was a major Renaissance center and the birthplace of the Baroque style and Neoclassicism. The Trevi Fountain, Sistine Chapel with Michaelangelo's famous ceiling, and Saint Peter's Basilica are all masterpieces. Save time for Rome's museums, like the Vatican Museums, the Musei Capitolini, the Borghese Gallery, and the Palazzo Barberini Galleria Nazionale d'Arte Antica to see the works of Masters up close.",active,Italy,Europe
6395182801,Sanremo,destination,https://daytrip.com/en/transfers/sanremo-it,https://raw.githubusercontent.com/kubaivanov/pictures/main/pinterest/sanremo--italy--pinterest-pin.png,"18038 Sanremo IM, Italy",Sanremo,Italy,43.815967099999988,7.7760567,Sanremo's most impressive feature is its beautiful stretch of beach lying along Italy's western Mediterranean coast.,active,Italy,Europe
6395182802,Pisa,destination,https://daytrip.com/en/transfers/pisa-it,https://raw.githubusercontent.com/kubaivanov/pictures/main/pinterest/pisa--italy--pinterest-pin.png,"Pisa, Province of Pisa, Italy",Pisa,Italy,43.723971121796119,10.397229194641115,"Straddling the River Arno, the Italian city of Pisa has much more to offer than its famous Leaning Tower.",active,Italy,Europe
6395182803,Florence,destination,https://daytrip.com/en/transfers/florence-it,https://raw.githubusercontent.com/kubaivanov/pictures/main/pinterest/florence--italy--pinterest-pin.png,"Florence, Italy",Florence,Italy,43.7695604,11.2558136,"Florence is one of Europe's great art cities, housing masterpieces by Michelangelo, Donatello, and Botticelli. It's a cultural, architectural, and artistic gem and one of the best-loved cities in the world.",active,Italy,Europe
6395182804,Brunico Kronplatz,destination,https://daytrip.com/en/transfers/brunico-kronplatz-it,https://raw.githubusercontent.com/kubaivanov/pictures/main/pinterest/brunico-kronplatz--italy--pinterest-pin.png,"Kronplatz, 39030 Mareo, Province of Bolzano - South Tyrol, Italy",Brunico Kronplatz,Italy,46.778198115825795,11.943855285644533,"Watched over by a medieval castle, this alpine town offers the best blend of tradition, modernity, and nature in the Dolomites.",active,Italy,Europe
6395182805,Gaeta,destination,https://daytrip.com/en/transfers/gaeta-it,https://raw.githubusercontent.com/kubaivanov/pictures/main/pinterest/gaeta--italy--pinterest-pin.png,"04024 Gaeta, Province of Latina, Italy",Gaeta,Italy,41.2107299,13.5714285,This ancient city flourished through the centuries because of its military importance fishing industry.,active,Italy,Europe
6395182806,Mandeville,destination,https://daytrip.com/en/transfers/mandeville-jm,https://raw.githubusercontent.com/kubaivanov/pictures/main/pinterest/mandeville--jamaica--pinterest-pin.png,"Mandeville, jamaica",Mandeville,Jamaica,18.0312855,-77.5046101,"Situated in the heart of Jamaica, charming Mandeville offers lush vegetation, elegant 19th-century architecture, English-style gardens, and the oldest golf course in the Caribbean.",active,Jamaica,North America
6395182807,Nine Mile,destination,https://daytrip.com/en/transfers/nine-mile-jm,https://raw.githubusercontent.com/kubaivanov/pictures/main/pinterest/nine-mile--jamaica--pinterest-pin.png,"Nine Mile, jamaica",Nine Mile,Jamaica,18.2972093,-77.2792699,"Pay respects to the King of Reggae in his birthplace, and final resting place.",active,Jamaica,North America
6395182808,Port Royal,destination,https://daytrip.com/en/transfers/port-royal-jm,https://raw.githubusercontent.com/kubaivanov/pictures/main/pinterest/port-royal--jamaica--pinterest-pin.png,Port Royal,Port Royal,Jamaica,17.9367669,-76.8411038,"A city with a wicked past, Port Royal offers a unique glimpse into the pirate culture and history of the 17th-century New World.",active,Jamaica,North America
6395182809,Moore Town,destination,https://daytrip.com/en/transfers/moore-town-jm,https://raw.githubusercontent.com/kubaivanov/pictures/main/pinterest/moore-town--jamaica--pinterest-pin.png,Moore Town,Moore Town,Jamaica,18.0723211,-76.425361999999993,History and cultural richness converge to create a unique and fascinating identity of this settlement founded by escaped slaves.,active,Jamaica,North America
6395182811,Little Petra,destination,https://daytrip.com/en/transfers/little-petra-jo,https://raw.githubusercontent.com/kubaivanov/pictures/main/pinterest/little-petra--jordan--pinterest-pin.png,Little Petra,Little Petra,Jordan,30.375145280621112,35.4515199436554,"Accessed by a canyon and cut into the living rock, this ancient, UNESCO-listed settlement lives up to its name.",active,Jordan,Asia
6395182812,Dana Village,destination,https://daytrip.com/en/transfers/dana-jo,https://raw.githubusercontent.com/kubaivanov/pictures/main/pinterest/dana-village--jordan--pinterest-pin.png,"Dana, jordan",Dana Village,Jordan,30.6752585,35.6103002,This little village borders the largest and most diverse nature reserve in Jordan.,active,Jordan,Asia
6395182813,Wadi Mujib,destination,https://daytrip.com/en/transfers/wadi-mujib-jo,https://raw.githubusercontent.com/kubaivanov/pictures/main/pinterest/wadi-mujib--jordan--pinterest-pin.png,Mujib Biosphere Reserve,Wadi Mujib,Jordan,31.4555868,35.5943687,This UNESCO Biosphere offers some of the most breathtaking natural scenery in Jordan.,active,Jordan,Asia
6395182815,Mount Nebo,destination,https://daytrip.com/en/transfers/mount-nebo-jo,https://raw.githubusercontent.com/kubaivanov/pictures/main/pinterest/mount-nebo--jordan--pinterest-pin.png,Mount Nebo,Mount Nebo,Jordan,31.768332,35.7252775,The stunning panorama offered from this mountaintop was Moses' view of the Promised Land.,active,Jordan,Asia
6395182817,Kerak,destination,https://daytrip.com/en/transfers/kerak-jo,https://raw.githubusercontent.com/kubaivanov/pictures/main/pinterest/kerak--jordan--pinterest-pin.png,Kerak,Kerak,Jordan,31.1809559,35.701662,The ruins of the largest Crusader castle in the Levant preserve centuries of military history.,active,Jordan,Asia
6395182818,Madaba,destination,https://daytrip.com/en/transfers/madaba-jo,https://raw.githubusercontent.com/kubaivanov/pictures/main/pinterest/madaba--jordan--pinterest-pin.png,Madaba,Madaba,Jordan,31.7193405,35.7932432,"This ancient city is renowned for its exceptional Byzantine and Umayyad mosaics, including a large map of the Holy Land.",active,Jordan,Asia
6395182819,Petra,destination,https://daytrip.com/en/transfers/petra-jo,https://raw.githubusercontent.com/kubaivanov/pictures/main/pinterest/petra--jordan--pinterest-pin.png,Petra,Petra,Jordan,30.321786584277422,35.465734041430665,The impossibly intricate buildings carved into red sandstone cliffs at this UNESCO World Heritage Site are one of mankind's most beautiful achievements.,active,Jordan,Asia
6395182820,Shiraoi,destination,https://daytrip.com/en/transfers/shiraoi-jp,https://raw.githubusercontent.com/kubaivanov/pictures/main/pinterest/shiraoi--japan--pinterest-pin.png,Shiraoi,Shiraoi,Japan,42.5513683,141.3558132,"Between Hokkaido's bustling New Chitose Airport and the renowned onsen town of Noboribetsu, this town emerges as a hidden gem along the North Pacific Ocean, adorned with pristine forests belonging to the Shikotsu-Tōya National Park.",active,Japan,Asia
6395182821,Hiroshima,destination,https://daytrip.com/en/transfers/hiroshima-jp,https://raw.githubusercontent.com/kubaivanov/pictures/main/pinterest/hiroshima--japan--pinterest-pin.png,Hiroshima,Hiroshima,Japan,34.3852894,132.4553055,"A city with a tragic history, Hiroshima now stands as a reborn modern metropolis advocating for peace, filled with excellent contemporary art and delectable cuisine",active,Japan,Asia
6395182823,Kobe,destination,https://daytrip.com/en/transfers/kobe-jp,https://raw.githubusercontent.com/kubaivanov/pictures/main/pinterest/kobe--japan--pinterest-pin.png,Kobe 神戸市,Kobe,Japan,34.6900806,135.1956311,"The vibrant capital of Hyogo prefecture, is a captivating blend of cultures and flavors, shaped by centuries of trade and international influence.",active,Japan,Asia
6395182824,Fukuyama,destination,https://daytrip.com/en/transfers/fukuyama-jp,https://raw.githubusercontent.com/kubaivanov/pictures/main/pinterest/fukuyama--japan--pinterest-pin.png,Fukuyama 福山市,Fukuyama,Japan,34.4859845,133.3624239,"Nestled along the Seto Inland Sea's picturesque coastline, Fukuyama welcomes you to explore its unique blend of history and natural beauty.",active,Japan,Asia
6395182825,Shikotsukoonsen,destination,https://daytrip.com/en/transfers/shikotsukoonsen-jp,https://raw.githubusercontent.com/kubaivanov/pictures/main/pinterest/shikotsukoonsen--japan--pinterest-pin.png,Shikotsukoonsen,Shikotsukoonsen,Japan,42.7727487,141.4041342,"This town unveils a captivating blend of natural wonders and tranquil hot spring retreats, with Lake Shikotsuko and the nearby Lake Toyako being the crown jewels.",active,Japan,Asia
6395182826,Shizuoka,destination,https://daytrip.com/en/transfers/shizuoka-jp,https://raw.githubusercontent.com/kubaivanov/pictures/main/pinterest/shizuoka--japan--pinterest-pin.png,Shizuoka,Shizuoka,Japan,34.9755668,138.3826773,"From the iconic Mount Fuji to the tranquil shores of the Izu Peninsula, this city boasts a diverse landscape and even more cultural touchstones.",active,Japan,Asia
6395182827,Hamamatsu,destination,https://daytrip.com/en/transfers/hamamatsu-jp,https://raw.githubusercontent.com/kubaivanov/pictures/main/pinterest/hamamatsu--japan--pinterest-pin.png,Hamamatsu,Hamamatsu,Japan,34.7102752,137.7274159,"With its proximity to the Pacific Ocean, a river, mountains, and Lake Hamana, this city offers diverse recreational opportunities and exudes a culture of creativity and skilled craftsmanship.",active,Japan,Asia
6395182828,Akancho Akankoonsen,destination,https://daytrip.com/en/transfers/akancho-akankoonsen-jp,https://raw.githubusercontent.com/kubaivanov/pictures/main/pinterest/akancho-akankoonsen--japan--pinterest-pin.png,Akancho Akankoonsen,Akancho Akankoonsen,Japan,43.432544,144.0960737,This cozy onsen town offers more than just soothing hot springs – it is a gateway to exploration and discovery.,active,Japan,Asia
6395182829,Kurume,destination,https://daytrip.com/en/transfers/kurume-jp,https://raw.githubusercontent.com/kubaivanov/pictures/main/pinterest/kurume--japan--pinterest-pin.png,Kurume,Kurume,Japan,33.3192356,130.5083557,"A blend of urban pulse and natural beauty, this gastronomic paradise is the birthplace of world-renowned dishes and some of Japan's finest sake",active,Japan,Asia
6395182830,Shimonoseki,destination,https://daytrip.com/en/transfers/shimonoseki-jp,https://raw.githubusercontent.com/kubaivanov/pictures/main/pinterest/shimonoseki--japan--pinterest-pin.png,Shimonoseki,Shimonoseki,Japan,33.957529699999988,130.9411759,This coastal city at the western edge of Yamaguchi Prefecture boasts a vivid history and a pivotal location along the Kanmon Straits.,active,Japan,Asia
6395182831,Jozankei Onsen,destination,https://daytrip.com/en/transfers/jozankei-onsen-jp,https://raw.githubusercontent.com/kubaivanov/pictures/main/pinterest/jozankei-onsen--japan--pinterest-pin.png,Jozankei Onsen,Jozankei Onsen,Japan,42.9660653,141.1670505,"This destination stands as Hokkaido's largest hot spring town, a captivating haven drawing 1.4 million visitors annually.",active,Japan,Asia
6395182832,Karuizawa,destination,https://daytrip.com/en/transfers/karuizawa-jp,https://raw.githubusercontent.com/kubaivanov/pictures/main/pinterest/karuizawa--japan--pinterest-pin.png,軽井沢町,Karuizawa,Japan,36.3483927,138.5970297,"Whether you want to ski in winter, hide from the heat in summer, or just escape to an idyllic mountain town, Karuizawa has what you're looking for.",active,Japan,Asia
6395182833,Hakone,destination,https://daytrip.com/en/transfers/hakone-jp,https://raw.githubusercontent.com/kubaivanov/pictures/main/pinterest/hakone--japan--pinterest-pin.png,Hakone,Hakone,Japan,35.2323825,139.1069355,"Known for its hot springs and stunning views of Mount Fuji, this city is doused in tradition and memorable experiences.",active,Japan,Asia
6395182834,Okayama,destination,https://daytrip.com/en/transfers/okayama-jp,https://raw.githubusercontent.com/kubaivanov/pictures/main/pinterest/okayama--japan--pinterest-pin.png,Okayama,Okayama,Japan,34.6555312,133.919795,"In the heart of the Chugoku Region, this city proudly stands as the capital of Okayama Prefecture and a bustling gateway to cultural riches",active,Japan,Asia
6395182835,Yokohama,destination,https://daytrip.com/en/transfers/yokohama-jp,https://raw.githubusercontent.com/kubaivanov/pictures/main/pinterest/yokohama--japan--pinterest-pin.png,Yokohama,Yokohama,Japan,35.442555091260452,139.63693393173824,"Known for being one of Japan's first ports open to foreign trade, this city offers a vibrant blend of history, culture, and modernity that captivates visitors.",active,Japan,Asia
6395182836,Toyama,destination,https://daytrip.com/en/transfers/toyama-jp,https://raw.githubusercontent.com/kubaivanov/pictures/main/pinterest/toyama--japan--pinterest-pin.png,Toyama,Toyama,Japan,36.6958223,137.2137211,"Nestled between the mountains and the sea, this city offers a hidden charm for those seeking an off-the-beaten-path Japanese experience.",active,Japan,Asia
6395182837,Onomichi,destination,https://daytrip.com/en/transfers/onomichi-jp,https://raw.githubusercontent.com/kubaivanov/pictures/main/pinterest/onomichi--japan--pinterest-pin.png,Onomichi,Onomichi,Japan,34.4088998,133.2049142,"With its narrow, steep paths overlooking the bay, this town maintains a tranquil and deliberate pace, providing its visitors with picturesque landscapes and cultural heritage",active,Japan,Asia
6395182838,Nara,destination,https://daytrip.com/en/transfers/nara-jp,https://raw.githubusercontent.com/kubaivanov/pictures/main/pinterest/nara--japan--pinterest-pin.png,Nara 奈良市,Nara,Japan,34.685109,135.8048019,"The capital city of Nara Prefecture in Japan offers a captivating blend of history, culture, and natural beauty.",active,Japan,Asia
6395182839,Takamatsu,destination,https://daytrip.com/en/transfers/takamatsu-jp,https://raw.githubusercontent.com/kubaivanov/pictures/main/pinterest/takamatsu--japan--pinterest-pin.png,Takamatsu,Takamatsu,Japan,34.342542,134.0465405,"As the capital of Kagawa Prefecture, this city is adorned with everything from the natural beauty of cherry blossoms, to tranquil ferry ports.",active,Japan,Asia
6395182840,Kitakyushu,destination,https://daytrip.com/en/transfers/kitakyushu-jp,https://raw.githubusercontent.com/kubaivanov/pictures/main/pinterest/kitakyushu--japan--pinterest-pin.png,Kitakyushu,Kitakyushu,Japan,33.8834976,130.8751773,"This city stands as the northernmost city of Kyushu, acting as the stunning gateway between Japan's main islands.",active,Japan,Asia
6395182841,Beppu,destination,https://daytrip.com/en/transfers/beppu-jp,https://raw.githubusercontent.com/kubaivanov/pictures/main/pinterest/beppu--japan--pinterest-pin.png,Beppu,Beppu,Japan,33.2844614,131.4907093,"This city, the king of Japan's hot springs, promises both relaxation at a spa and a chance to learn about renowned Japanese cultural traditions",active,Japan,Asia
6395182842,Osaka,destination,https://daytrip.com/en/transfers/osaka-jp,https://raw.githubusercontent.com/kubaivanov/pictures/main/pinterest/osaka--japan--pinterest-pin.png,Osaka,Osaka,Japan,34.6937249,135.5022535,"The second largest city in Japan stands as a vibrant fusion of tradition and modernity, renowned for its bustling nightlife, thriving business districts, and mouth watering street food.",active,Japan,Asia
6395182843,Gotemba,destination,https://daytrip.com/en/transfers/gotemba-jp,https://raw.githubusercontent.com/kubaivanov/pictures/main/pinterest/gotemba--japan--pinterest-pin.png,Gotemba,Gotemba,Japan,35.3087683,138.9347872,"Nestled beneath Mt. Fuji, this city boasts Japan's top outlet shopping haven and spectacular Fuji vistas.",active,Japan,Asia
6395182844,Nagano,destination,https://daytrip.com/en/transfers/nagano-jp,https://raw.githubusercontent.com/kubaivanov/pictures/main/pinterest/nagano--japan--pinterest-pin.png,Nagano,Nagano,Japan,36.6485258,138.1950371,"From the splendor of winter snow activities and hot springs to the allure of summer hikes in its mountains, forests, and highlands, Nagano remains a sought-after destination.",active,Japan,Asia
6395182845,Matsumoto,destination,https://daytrip.com/en/transfers/matsumoto-jp,https://raw.githubusercontent.com/kubaivanov/pictures/main/pinterest/matsumoto--japan--pinterest-pin.png,Matsumoto,Matsumoto,Japan,36.2380434,137.9719897,"Famed for its majestic castle, this city is steeped in history and brims with cultural attractions that introduce visitors to authentic Japan",active,Japan,Asia
6395182846,Lake Kawaguchi,destination,https://daytrip.com/en/transfers/lake-kawaguchi-jp,https://raw.githubusercontent.com/kubaivanov/pictures/main/pinterest/lake-kawaguchi--japan--pinterest-pin.png,Lake Kawaguchi,Lake Kawaguchi,Japan,35.50689421368731,138.75435362065429,"In the embrace of the Fuji Five Lakes, this lakeside destination offers a captivating escape for travelers seeking the allure of Mount Fuji.",active,Japan,Asia
6395182847,Sendai,destination,https://daytrip.com/en/transfers/sendai-jp,https://raw.githubusercontent.com/kubaivanov/pictures/main/pinterest/sendai--japan--pinterest-pin.png,Sendai,Sendai,Japan,38.268195,140.869418,"Founded by Date Masamune in the 17th century, this modern metropolis pays homage to its feudal lord origins through its rich heritage and cultural landmarks.",active,Japan,Asia
6395182849,Uji,destination,https://daytrip.com/en/transfers/uji-jp,https://raw.githubusercontent.com/kubaivanov/pictures/main/pinterest/uji--japan--pinterest-pin.png,Uji,Uji,Japan,34.8845134,135.7997037,"This city's enchantment extends from its tea heritage to its riverside allure, ancient shrines, and historic treasures, capturing the essence of Japan's cultural tapestry.",active,Japan,Asia
6395182850,Gifu,destination,https://daytrip.com/en/transfers/gifu-jp,https://raw.githubusercontent.com/kubaivanov/pictures/main/pinterest/gifu--japan--pinterest-pin.png,Gifu,Gifu,Japan,35.423422599999988,136.7606217,"This city at the heart of Gifu Prefecture is renowned for its charming mountain towns, panoramic views of the Nagaragawa river, and its historical tapestry of the Sengoku period.",active,Japan,Asia
6395182851,Kamakura,destination,https://daytrip.com/en/transfers/kamakura-jp,https://raw.githubusercontent.com/kubaivanov/pictures/main/pinterest/kamakura--japan--pinterest-pin.png,Kamakura,Kamakura,Japan,35.3192128,139.5466731,"This coastal gem boasts a rich heritage, the second-largest Buddha in Japan, and a vibrant cultural life, all within close proximity to Tokyo",active,Japan,Asia
6395182853,Yufuincho Kawakami,destination,https://daytrip.com/en/transfers/yufuincho-kawakami-jp,https://raw.githubusercontent.com/kubaivanov/pictures/main/pinterest/yufuincho-kawakami--japan--pinterest-pin.png,Yufuincho Kawakami,Yufuincho Kawakami,Japan,33.268168725367474,131.36396120327149,"Yufuin exudes a whimsical, Ghibli-inspired charm, drawing visitors especially for its renowned hot springs, or onsens.",active,Japan,Asia
6395182855,Fukuoka,destination,https://daytrip.com/en/transfers/fukuoka-jp,https://raw.githubusercontent.com/kubaivanov/pictures/main/pinterest/fukuoka--japan--pinterest-pin.png,"Fukuoka, Japan",Fukuoka,Japan,33.5901838,130.4016888,"Emerging from the fusion of a bustling port town and a former castle town, Kyushu's largest cities is renowned for its urban vibrancy, historical charm and delicious cuisine.",active,Japan,Asia
6395182856,Himeji,destination,https://daytrip.com/en/transfers/himeji-jp,https://raw.githubusercontent.com/kubaivanov/pictures/main/pinterest/himeji--japan--pinterest-pin.png,Himeji,Himeji,Japan,34.8154176,134.6855509,"Himeji is renowned for its castle, Japan's most visited, celebrated for its beauty, status as a national treasure, and UNESCO heritage listing.",active,Japan,Asia
6395182857,Takayama,destination,https://daytrip.com/en/transfers/takayama-jp,https://raw.githubusercontent.com/kubaivanov/pictures/main/pinterest/takayama--japan--pinterest-pin.png,Takayama,Takayama,Japan,36.1461317,137.252159,"Explore traditional architecture, indulge in mouth-watering wagyu, and sample some of Japan's finest sake in this ancient city",active,Japan,Asia
6395182858,Iwakuni,destination,https://daytrip.com/en/transfers/iwakuni-jp,https://raw.githubusercontent.com/kubaivanov/pictures/main/pinterest/iwakuni--japan--pinterest-pin.png,Iwakuni,Iwakuni,Japan,34.1667451,132.2191641,"Enveloped by natural beauty, Iwakuni invites exploration of its lush landscapes, including diverse plant life in the Mt. Shiroyama nature preserve.",active,Japan,Asia
6395182859,Takasaki,destination,https://daytrip.com/en/transfers/takasaki-jp,https://raw.githubusercontent.com/kubaivanov/pictures/main/pinterest/takasaki--japan--pinterest-pin.png,Takasaki,Takasaki,Japan,36.3220692,139.0033576,"This off-the-radar gem in the Nagano Prefecture unveils a world of wonders for travelers, offering a voyage into Japan's heart and soul.",active,Japan,Asia
6395182860,Dazaifu,destination,https://daytrip.com/en/transfers/dazaifu-jp,https://raw.githubusercontent.com/kubaivanov/pictures/main/pinterest/dazaifu--japan--pinterest-pin.png,Dazaifu,Dazaifu,Japan,33.512773400000007,130.5239685,"Founded in the late 7th century, thai city held a vital role as the administrative hub for Kyushu Island for over five centuries and is now a tranquil day-trip destination.",active,Japan,Asia
6395182861,Nakuru,destination,https://daytrip.com/en/transfers/nakuru-ke,https://raw.githubusercontent.com/kubaivanov/pictures/main/pinterest/nakuru--kenya--pinterest-pin.png,Nakuru,Nakuru,Kenya,-0.3030988,36.080026,This up-and-coming city is a great base for exploring the area's wealth of natural and historical attractions.,active,Kenya,Africa
6395182862,Kisumu,destination,https://daytrip.com/en/transfers/kisumu-ke,https://raw.githubusercontent.com/kubaivanov/pictures/main/pinterest/kisumu--kenya--pinterest-pin.png,Kisumu,Kisumu,Kenya,-0.0917016,34.7679568,"Important long before British arrived, the name is aptly derived from the Luo word for ""trade"".",active,Kenya,Africa
6395182863,Kericho,destination,https://daytrip.com/en/transfers/kericho-ke,https://raw.githubusercontent.com/kubaivanov/pictures/main/pinterest/kericho--kenya--pinterest-pin.png,"Kericho, Kenya",Kericho,Kenya,-0.3688967,35.286286,The capital of Kericho County is famous for producing Kenya's (and some of the world's!) finest tea.,active,Kenya,Africa
6395182864,Nairobi,destination,https://daytrip.com/en/transfers/nairobi-ke,https://raw.githubusercontent.com/kubaivanov/pictures/main/pinterest/nairobi--kenya--pinterest-pin.png,Nairobi,Nairobi,Kenya,-1.2920659,36.8219462,"Risen from swamplands, Kenya's capital has become a booming metropolis, filled with adventure and diversity.",active,Kenya,Africa
6395182865,Malindi,destination,https://daytrip.com/en/transfers/malindi-ke,https://raw.githubusercontent.com/kubaivanov/pictures/main/pinterest/malindi--kenya--pinterest-pin.png,Malindi,Malindi,Kenya,-3.2191864,40.1168906,A tropical paradise on the coast of the Indian Ocean; bright blue warm water and soft white sandy beaches await!,active,Kenya,Africa
6395182866,Iten,destination,https://daytrip.com/en/transfers/iten-ke,https://raw.githubusercontent.com/kubaivanov/pictures/main/pinterest/iten--kenya--pinterest-pin.png,"Iten, Kenya",Iten,Kenya,0.67323539999999993,35.5083136,High altitude and a good attitude are the key ingredients to this small town's success as a maker of master marathoners.,active,Kenya,Africa
6395182867,Mombasa,destination,https://daytrip.com/en/transfers/mombasa-ke,https://raw.githubusercontent.com/kubaivanov/pictures/main/pinterest/mombasa--kenya--pinterest-pin.png,Mombasa,Mombasa,Kenya,-4.0434771,39.6682065,"Guarded by a UNESCO-listed fort, the culture and look of Kenya's oldest city has been defined by the many countries that ruled it over the centuries.",active,Kenya,Africa
6395182868,Siem Reap,destination,https://daytrip.com/en/transfers/siem-reap-kh,https://raw.githubusercontent.com/kubaivanov/pictures/main/pinterest/siem-reap--cambodia--pinterest-pin.png,Siem Reap,Siem Reap,Cambodia,13.3550091,103.855173,This culturally rich city is the perfect home-base for exploring the UNESCO-listed Angkor Wat and other nearby temples.,active,Cambodia,Asia
6395182869,Angkor Wat,destination,https://daytrip.com/en/transfers/angkor-wat-kh,https://raw.githubusercontent.com/kubaivanov/pictures/main/pinterest/angkor-wat--cambodia--pinterest-pin.png,Angkor Wat,Angkor Wat,Cambodia,13.412511044842613,103.85934676872557,"This UNESCO World Heritage Site is one of the world's largest religious complexes, filled with amazingly intricate details.",active,Cambodia,Asia
6395182871,Changwon,destination,https://daytrip.com/en/transfers/jinhae-gu-kr,https://raw.githubusercontent.com/kubaivanov/pictures/main/pinterest/changwon--south-korea--pinterest-pin.png,"Changwon, Korea, Republic of",Changwon,South Korea,35.2028593,128.6000923,"This dynamic city in the southeastern region of South Korea is nestled in a sheltered bay surrounded by pine-covered mountains, and is renowned for its annual Cherry Blossom Festival held every spring.",active,South Korea,Asia
6395182872,Ulsan,destination,https://daytrip.com/en/transfers/ulsan-kr,https://raw.githubusercontent.com/kubaivanov/pictures/main/pinterest/ulsan--south-korea--pinterest-pin.png,Ulsan,Ulsan,South Korea,35.5537228,129.2380554,"South Korea's seventh-largest metropolitan city is renowned as the powerhouse of South Korea, lying at the heart of the Ulsan Industrial District.",active,South Korea,Asia
6395182873,Yangsan,destination,https://daytrip.com/en/transfers/yangsan-kr,https://raw.githubusercontent.com/kubaivanov/pictures/main/pinterest/yangsan--south-korea--pinterest-pin.png,Yangsan,Yangsan,South Korea,35.382003227466804,129.04960996884765,"Full of temples, lush forests and thrill-seeking parks, this city in Gyeongsangnam-do Province attracts both locals and tourists alike.",active,South Korea,Asia
6395182874,Yeongju,destination,https://daytrip.com/en/transfers/yeongju-kr,https://raw.githubusercontent.com/kubaivanov/pictures/main/pinterest/yeongju--south-korea--pinterest-pin.png,Yeongju,Yeongju,South Korea,36.8705017,128.5976721,"Situated in the far north region of North Gyeongsang province, this city has a proud history intertwined with influential figures, and has become a popular filming location for Korean historical dramas.",active,South Korea,Asia
6395182876,Gwangju,destination,https://daytrip.com/en/transfers/gwangju-kr,https://raw.githubusercontent.com/kubaivanov/pictures/main/pinterest/gwangju--south-korea--pinterest-pin.png,Gwangju,Gwangju,South Korea,35.1557358,126.8354271,"This vibrant city presents a perfect blend of Korean culture, artistic landscapes, and diverse culinary delights, setting it apart from the bustling streets of Seoul.",active,South Korea,Asia
6395182877,Yeoju,destination,https://daytrip.com/en/transfers/yeoju-kr,https://raw.githubusercontent.com/kubaivanov/pictures/main/pinterest/yeoju--south-korea--pinterest-pin.png,Yeoju,Yeoju,South Korea,37.299727498228428,127.62879646464846,"Gorgeous ceramics, tasty produce and two UNESCO World Heritage sites make this destination a perfect immersion experience in South Korea's authentic charm.",active,South Korea,Asia
6395182878,Daejeon,destination,https://daytrip.com/en/transfers/daejeon-kr,https://raw.githubusercontent.com/kubaivanov/pictures/main/pinterest/daejeon--south-korea--pinterest-pin.png,Daejeon,Daejeon,South Korea,36.3398175,127.3940486,"The fifth-largest metropolis in South Korea is surrounded by lush forested hills and the serene Geum River, and has earned recognition for its cutting-edge technology and research institutions.",active,South Korea,Asia
6395182879,Yeosu,destination,https://daytrip.com/en/transfers/yeosu-kr,https://raw.githubusercontent.com/kubaivanov/pictures/main/pinterest/yeosu--south-korea--pinterest-pin.png,Yeosu,Yeosu,South Korea,34.7603737,127.6622221,"On the picturesque coast of Jeollanam-do, this city is the second-largest in the region, boasting its own peninsula and surrounded by the beautiful sea.",active,South Korea,Asia
6395182880,Yeongwol,destination,https://daytrip.com/en/transfers/yeongwol-kr,https://raw.githubusercontent.com/kubaivanov/pictures/main/pinterest/yeongwol--south-korea--pinterest-pin.png,Yeongwol,Yeongwol,South Korea,37.208179695752087,128.50408222753907,"Nestled amidst lush green hills with the Donggang River winding through, this village offers a tranquil escape from the hustle and bustle of metropolitan life and is teeming with historical artifacts.",active,South Korea,Asia
6395182881,Asan,destination,https://daytrip.com/en/transfers/asan-kr,https://raw.githubusercontent.com/kubaivanov/pictures/main/pinterest/asan--south-korea--pinterest-pin.png,Asan-si,Asan,South Korea,36.80072162317613,126.9749161586914,A charming city in South Chungcheong Province is uniquely known for its spas and hot springs.,active,South Korea,Asia
6395182882,Wonju,destination,https://daytrip.com/en/transfers/wonju-kr,https://raw.githubusercontent.com/kubaivanov/pictures/main/pinterest/wonju--south-korea--pinterest-pin.png,Wonju,Wonju,South Korea,37.326251440741473,127.94665503769531,"Just an hour and a half out from Seoul, this city of rich historical significance offers a plethora of museums, markets and adventurous attractions.",active,South Korea,Asia
6395182883,Chuncheon,destination,https://daytrip.com/en/transfers/chuncheon-kr,https://raw.githubusercontent.com/kubaivanov/pictures/main/pinterest/chuncheon--south-korea--pinterest-pin.png,Chuncheon,Chuncheon,South Korea,37.8897796,127.7398952,"This charming city in a picturesque basin, formed by the Soyang River and Han River, is renowned for its natural beauty and modern prosperity.",active,South Korea,Asia
6395182884,Jeonju,destination,https://daytrip.com/en/transfers/jeonju-kr,https://raw.githubusercontent.com/kubaivanov/pictures/main/pinterest/jeonju--south-korea--pinterest-pin.png,Jeonju,Jeonju,South Korea,35.8280463,127.1160156,"While this capital city of North Jeolla may not boast skyscrapers and bright lights, its charm lies in the modest hanok houses and a rich tapestry of traditional local cuisine.",active,South Korea,Asia
6395182885,Suwon,destination,https://daytrip.com/en/transfers/suwon-kr,https://raw.githubusercontent.com/kubaivanov/pictures/main/pinterest/suwon--south-korea--pinterest-pin.png,Suwon,Suwon,South Korea,37.2803896,127.0077847,"The capital and largest city of Gyeonggi-do, South Korea's most populous province, holds a rich historical heritage and serves as a significant economic hub.",active,South Korea,Asia
6395182886,Cheongju,destination,https://daytrip.com/en/transfers/cheongju-kr,https://raw.githubusercontent.com/kubaivanov/pictures/main/pinterest/cheongju--south-korea--pinterest-pin.png,Cheongju,Cheongju,South Korea,36.6272962,127.498731,"The vibrant capital of North Chungcheong Province,holds a rich history that dates back to ancient times, having been a provincial town throughout the ages.",active,South Korea,Asia
6395182887,Jecheon,destination,https://daytrip.com/en/transfers/jecheon-kr,https://raw.githubusercontent.com/kubaivanov/pictures/main/pinterest/jecheon--south-korea--pinterest-pin.png,Jecheon,Jecheon,South Korea,37.067403689445271,128.14306493652344,"This bustling city is renowned for its strategic railway junction, making it a transportation hub embraced by scenic surroundings.",active,South Korea,Asia
6395182888,Gurye,destination,https://daytrip.com/en/transfers/gurye-kr,https://raw.githubusercontent.com/kubaivanov/pictures/main/pinterest/gurye--south-korea--pinterest-pin.png,Gurye,Gurye,South Korea,35.229095450701877,127.48317468027344,A charming county in Jeollanam-do lies nestled between the majestic Jirisan mountain and the tranquil Seomjin River.,active,South Korea,Asia
6395182889,Osan,destination,https://daytrip.com/en/transfers/osan-kr,https://raw.githubusercontent.com/kubaivanov/pictures/main/pinterest/osan--south-korea--pinterest-pin.png,Osan,Osan,South Korea,37.16028944283466,127.05339233652344,This city holds a notable place in the history of the Korean War and is dotted with beautiful temples and nature sites.,active,South Korea,Asia
6395182890,Jeongseon,destination,https://daytrip.com/en/transfers/jeongseon-kr,https://raw.githubusercontent.com/kubaivanov/pictures/main/pinterest/jeongseon--south-korea--pinterest-pin.png,Jeongseon,Jeongseon,South Korea,37.375802153796187,128.73870607724609,"Surrounded by towering mountains, this region boasts unpolluted mountain air, weaving streams, and picturesque landscapes, making it a romantic and scenic retreat.",active,South Korea,Asia
6395182891,Andong,destination,https://daytrip.com/en/transfers/andong-kr,https://raw.githubusercontent.com/kubaivanov/pictures/main/pinterest/andong--south-korea--pinterest-pin.png,Andong,Andong,South Korea,36.579685905840584,128.77814742485353,This vibrant city and market hub is the capital of North Gyeongsang Province and holds a distinguished reputation as a center of culture and cherished folk traditions.,active,South Korea,Asia
6395182892,Yongin,destination,https://daytrip.com/en/transfers/yongin-kr,https://raw.githubusercontent.com/kubaivanov/pictures/main/pinterest/yongin--south-korea--pinterest-pin.png,Yongin,Yongin,South Korea,37.2214872,127.2218612,The largest city in Gyeonggi Province is a treasure trove of cultural experiences and amusement delights.,active,South Korea,Asia
6395182893,Pocheon,destination,https://daytrip.com/en/transfers/pocheon-kr,https://raw.githubusercontent.com/kubaivanov/pictures/main/pinterest/pocheon--south-korea--pinterest-pin.png,Pocheon,Pocheon,South Korea,37.9695145460509,127.2502925,"As an inland city boasting the highest mountainous areas in Gyeonggi, this destination offers a refreshing escape into nature.",active,South Korea,Asia
6395182894,Daegu,destination,https://daytrip.com/en/transfers/daegu-kr,https://raw.githubusercontent.com/kubaivanov/pictures/main/pinterest/daegu--south-korea--pinterest-pin.png,Daegu,Daegu,South Korea,35.8294374,128.5655119,This vibrant southeastern city in South Korea seamlessly blends its ancient culture with breathtaking scenic attractions and majestic mountains.,active,South Korea,Asia
6395182895,Sejong,destination,https://daytrip.com/en/transfers/sejong-kr,https://raw.githubusercontent.com/kubaivanov/pictures/main/pinterest/sejong--south-korea--pinterest-pin.png,Sejong,Sejong,South Korea,36.51628654224848,127.25873340000001,"Named in honor of King Sejong the Great, this city pays tribute to its illustrious past and embraces modern advancements.",active,South Korea,Asia
6395182896,Gapyeong,destination,https://daytrip.com/en/transfers/gapyeong-kr,https://raw.githubusercontent.com/kubaivanov/pictures/main/pinterest/gapyeong--south-korea--pinterest-pin.png,Gapyeong,Gapyeong,South Korea,37.823082331801281,127.50892379091799,The site of the Battle of Kapyong and a beautiful mountainous province holds historical significance and natural wonders.,active,South Korea,Asia
6395182897,Seven Miles Beach,destination,https://daytrip.com/en/transfers/seven-miles-beach-ky,https://raw.githubusercontent.com/kubaivanov/pictures/main/pinterest/seven-miles-beach--cayman-islands--pinterest-pin.png,Seven Miles Beach,Seven Miles Beach,Cayman Islands,19.3338672,-81.3816993,Unfurl your beach towel on a legendary and seemingly endless stretch of sandy shores.,active,Cayman Islands,North America
6395182898,Rum Point,destination,https://daytrip.com/en/transfers/rum-point-ky,https://raw.githubusercontent.com/kubaivanov/pictures/main/pinterest/rum-point--cayman-islands--pinterest-pin.png,Rum Point,Rum Point,Cayman Islands,19.3636693,-81.260831299999992,Unwind on a pristine beach with powdery white sand beneath your toes and turquoise waters lapping gently at the shore.,active,Cayman Islands,North America
6395182900,Pakse,destination,https://daytrip.com/en/transfers/pakse-la,https://raw.githubusercontent.com/kubaivanov/pictures/main/pinterest/pakse--laos--pinterest-pin.png,Pakse,Pakse,Laos,15.1105068,105.8172881,"A laid-back river-town grown to metropolitan proportions, Laos' southern capital is doubles as the gateway to the region.",active,Laos,Asia
6395182903,Vientiane,destination,https://daytrip.com/en/transfers/vientiane-la,https://raw.githubusercontent.com/kubaivanov/pictures/main/pinterest/vientiane--laos--pinterest-pin.png,Vientiane,Vientiane,Laos,17.975522107487027,102.63273871957404,"With its wide boulevards and laid-back attitude, the lasting French influence on Laos' historic capital feels downright Provencal.",active,Laos,Asia
6395182904,Luang Prabang,destination,https://daytrip.com/en/transfers/luang-prabang-la,https://raw.githubusercontent.com/kubaivanov/pictures/main/pinterest/luang-prabang--laos--pinterest-pin.png,Luang Prabang,Luang Prabang,Laos,19.8833959,102.1346874,"Sitting on a river peninsula and encircled by mountains, Loas' UNESCO-listed former royal capital offers a beautifully preserved fusion of traditional Lao and colonial cultures.",active,Laos,Asia
6395182905,Kuang Si Falls,destination,https://daytrip.com/en/transfers/kuang-si-falls-la,https://raw.githubusercontent.com/kubaivanov/pictures/main/pinterest/kuang-si-falls--laos--pinterest-pin.png,Kuang Si Falls,Kuang Si Falls,Laos,19.749498,101.9919369,Some of the most beautiful waterfalls and forest pools you'll ever see are made even better by nearby conservation projects.,active,Laos,Asia
6395182906,Marigot Bay,destination,https://daytrip.com/en/transfers/marigot-bay-lc,https://raw.githubusercontent.com/kubaivanov/pictures/main/pinterest/marigot-bay--saint-lucia--pinterest-pin.png,Marigot Bay,Marigot Bay,Saint Lucia,13.9662858,-61.0274866,"This idyllic shoreline has served as the backdrop for iconic films like ""Doctor Doolittle"" and ""Firepower,"" attracting filmmakers with its breathtaking beauty.",active,Saint Lucia,North America
6395182907,Castries,destination,https://daytrip.com/en/transfers/castries-lc,https://raw.githubusercontent.com/kubaivanov/pictures/main/pinterest/castries--saint-lucia--pinterest-pin.png,Castries st lucia,Castries,Saint Lucia,14.0110158,-60.989723899999987,"Home to approximately 70,000 people, this bustling city is situated on a picturesque peninsula that extends into the turquoise embrace of the Caribbean Sea.",active,Saint Lucia,North America
6395182908,Vaduz,destination,https://daytrip.com/en/transfers/vaduz-li,https://raw.githubusercontent.com/kubaivanov/pictures/main/pinterest/vaduz--liechtenstein--pinterest-pin.png,"9490 Vaduz, Liechtenstein",Vaduz,Liechtenstein,47.1410303,9.5209277,"The post stamp-sized capital of post stamp-sized Liechtenstein is quiet, clean, and ironically has a postage stamp museum.",active,Liechtenstein,Europe
6395182909,Polgahawela,destination,https://daytrip.com/en/transfers/polgahawela-lk,https://raw.githubusercontent.com/kubaivanov/pictures/main/pinterest/polgahawela--sri-lanka--pinterest-pin.png,Polgahawela,Polgahawela,Sri Lanka,7.3274865999999994,80.29345219999999,"This serene town near the bustling city of Colombo unveils an expansive and vibrant Theravada Buddhist Monastery, merging spiritual enlightenment and natural beauty.",active,Sri Lanka,Asia
6395182910,Giriulla,destination,https://daytrip.com/en/transfers/giriulla-lk,https://raw.githubusercontent.com/kubaivanov/pictures/main/pinterest/giriulla--sri-lanka--pinterest-pin.png,Giriulla,Giriulla,Sri Lanka,7.3317694000000007,80.1233175,"Photo by Daibo Taku, CC BY 3.0 , via Wikimedia Commons",active,Sri Lanka,Asia
6395182911,Sigiriya,destination,https://daytrip.com/en/transfers/sigiriya-lk,https://raw.githubusercontent.com/kubaivanov/pictures/main/pinterest/sigiriya--sri-lanka--pinterest-pin.png,Sigiriya,Sigiriya,Sri Lanka,7.9570326999999992,80.760257,"Often hailed as the eighth wonder of the world and having the coveted UNESCO World Heritage Site status, this mesmerizing ancient stone fortress is a must-see on your journey through Sri Lanka.",active,Sri Lanka,Asia
6395182912,Vilnius,destination,https://daytrip.com/en/transfers/vilnius-lt,https://raw.githubusercontent.com/kubaivanov/pictures/main/pinterest/vilnius--lithuania--pinterest-pin.png,"Vilnius, Lithuania",Vilnius,Lithuania,54.6871555,25.2796514,"With it's UNESCO-listed historic center, Lithuania's picturesque capital mixes historic heritage with cosmopolitan convenience.",active,Lithuania,Europe
6395182913,Kaunas,destination,https://daytrip.com/en/transfers/kaunas-lt,https://raw.githubusercontent.com/kubaivanov/pictures/main/pinterest/kaunas--lithuania--pinterest-pin.png,"Kaunas, Lithuania",Kaunas,Lithuania,54.8985207,23.9035965,The first UNESCO City of Design in Central and Eastern Europe is rich blend of architecture and culture.,active,Lithuania,Europe
6395182914,Druskininkai,destination,https://daytrip.com/en/transfers/druskininkai-lt,https://raw.githubusercontent.com/kubaivanov/pictures/main/pinterest/druskininkai--lithuania--pinterest-pin.png,Druskininkai,Druskininkai,Lithuania,54.004906899999988,23.9864279,"Lithuania's oldest spa town offers healing waters, pleasant parks, and an increasingly-chic atmosphere.",active,Lithuania,Europe
6395182916,Luxembourg City,destination,https://daytrip.com/en/transfers/luxembourg-city-lu,https://raw.githubusercontent.com/kubaivanov/pictures/main/pinterest/luxembourg-city--luxembourg--pinterest-pin.png,"Luxembourg City, Luxembourg",Luxembourg City,Luxembourg,49.611621000000007,6.1319346,The UNESCO-listed Old Town and Fortifications make this ancient stronghold one of Europe's most picturesque capitals.,active,Luxembourg,Europe
6395182919,Ventspils,destination,https://daytrip.com/en/transfers/ventspils-lv,https://raw.githubusercontent.com/kubaivanov/pictures/main/pinterest/ventspils--latvia--pinterest-pin.png,"Ventspils, Latvia",Ventspils,Latvia,57.3937216,21.5647066,Latvia's largest port reinvested its oil and shipping profits to become one of the country's most dynamic cities.,active,Latvia,Europe
6395182921,Riga,destination,https://daytrip.com/en/transfers/riga-lv,https://raw.githubusercontent.com/kubaivanov/pictures/main/pinterest/riga--latvia--pinterest-pin.png,"Riga, Latvia",Riga,Latvia,56.9496487,24.1051865,"The largest metropolis in the Baltics, Latvia's UNESCO-listed capital is a vibrant mix of historic architecture and cosmopolitan cool.",active,Latvia,Europe
6395182922,Liepaja,destination,https://daytrip.com/en/transfers/liepaja-lv,https://raw.githubusercontent.com/kubaivanov/pictures/main/pinterest/liepaja--latvia--pinterest-pin.png,"Liepāja, Latvia",Liepaja,Latvia,56.5046678,21.010806,"Renowned for its beautiful beach, this port city is a captivating mixture of grit and refinement.",active,Latvia,Europe
6395182924,Casablanca,destination,https://daytrip.com/en/transfers/casablanca-ma,https://raw.githubusercontent.com/kubaivanov/pictures/main/pinterest/casablanca--morocco--pinterest-pin.png,Casablanca,Casablanca,Morocco,33.5731104,-7.5898433999999986,"Famed for the eponymous film, Morocco's financial center has a surprisingly varied array of attractions, including the country's largest mosque (and you can actually go inside!).",active,Morocco,Africa
6395182925,Meknes,destination,https://daytrip.com/en/transfers/meknes-ma,https://raw.githubusercontent.com/kubaivanov/pictures/main/pinterest/meknes--morocco--pinterest-pin.png,Meknes,Meknes,Morocco,33.8730164,-5.5407299,"The former capital of Morocco, the UNESCO-listed medina of this imperial city is accessed by the most beautiful gate in the country.",active,Morocco,Africa
6395182926,Volubilis,destination,https://daytrip.com/en/transfers/volubilis-ma,https://raw.githubusercontent.com/kubaivanov/pictures/main/pinterest/volubilis--morocco--pinterest-pin.png,"Volubilis, Morocco",Volubilis,Morocco,34.070766,-5.5532695,"This UNESCO World Heritage Site is the best-preserved Roman ruin in Morocco, famed for its in-situ mosaics.",active,Morocco,Africa
6395182927,Ouarzazate,destination,https://daytrip.com/en/transfers/ouarzazate-ma,https://raw.githubusercontent.com/kubaivanov/pictures/main/pinterest/ouarzazate--morocco--pinterest-pin.png,Ouarzazate,Ouarzazate,Morocco,30.9335436,-6.937016,"This historic trade-town is now best known as a film location, having been featured in major productions like Lawrence of Arabia and Game of Thrones.",active,Morocco,Africa
6395182928,Rabat,destination,https://daytrip.com/en/transfers/rabat-ma,https://raw.githubusercontent.com/kubaivanov/pictures/main/pinterest/rabat--morocco--pinterest-pin.png,"Rabat, Morocco",Rabat,Morocco,33.9715904,-6.8498129,"Once a haven for pirates, Morocco's capital and its UNESCO-listed medina offers laid-back serving of Barbar culture.",active,Morocco,Africa
6395182929,Taroudant,destination,https://daytrip.com/en/transfers/taroudant-ma,https://raw.githubusercontent.com/kubaivanov/pictures/main/pinterest/taroudant--morocco--pinterest-pin.png,Taroudant,Taroudant,Morocco,30.4727126,-8.8748765,"This ancient city was once the capital of Morocco, and remains a bustling market town at the entrance to the Anti Atlas mountains.",active,Morocco,Africa
6395182930,Moulay Idriss,destination,https://daytrip.com/en/transfers/moulay-idriss-ma,https://raw.githubusercontent.com/kubaivanov/pictures/main/pinterest/moulay-idriss--morocco--pinterest-pin.png,Moulay Idriss,Moulay Idriss,Morocco,34.055902,-5.5210510999999993,"Built around the tomb of Muhammed's great-grandson, Morocco's holiest site is a charming town that was closed to non-muslims until the 20th century.",active,Morocco,Africa
6395182931,Asilah,destination,https://daytrip.com/en/transfers/asilah-ma,https://raw.githubusercontent.com/kubaivanov/pictures/main/pinterest/asilah--morocco--pinterest-pin.png,Asilah,Asilah,Morocco,35.4646127,-6.0308654,This ancient fishing village was reborn as a cultural superstar in the 20th century thanks to its international art festival.,active,Morocco,Africa
6395182932,Ait Benhaddou,destination,https://daytrip.com/en/transfers/ait-benhaddou-ma,https://raw.githubusercontent.com/kubaivanov/pictures/main/pinterest/ait-benhaddou--morocco--pinterest-pin.png,Ait Benhaddou,Ait Benhaddou,Morocco,31.047043,-7.1318996000000006,This UNESCO World Heritage Site is such an amazing example of a traditional earthen settlement that it was used in Game of Thrones.,active,Morocco,Africa
6395182933,Safi,destination,https://daytrip.com/en/transfers/safi-ma,https://raw.githubusercontent.com/kubaivanov/pictures/main/pinterest/safi--morocco--pinterest-pin.png,Safi,Safi,Morocco,32.299509213044892,-9.2347564005858658,"Once one of Morocco's most important ports, this ancient city is now a center for colorful ceramics.",active,Morocco,Africa
6395182934,Chefchaouen,destination,https://daytrip.com/en/transfers/chefchaouen-ma,https://raw.githubusercontent.com/kubaivanov/pictures/main/pinterest/chefchaouen--morocco--pinterest-pin.png,Chefchaouen,Chefchaouen,Morocco,35.168796,-5.2683640999999994,"Sure the brightly colored buildings offer endless photo opportunities, but this historic village also has a rich cultural tradition unlike anywhere else in the country.",active,Morocco,Africa
6395182935,Sale,destination,https://daytrip.com/en/transfers/sale-ma,https://raw.githubusercontent.com/kubaivanov/pictures/main/pinterest/sale--morocco--pinterest-pin.png,"Sale, Morocco",Sale,Morocco,34.0336969,-6.7708138000000009,The historic city where Robinson Crusoe was imprisoned by pirates has preserved its history while outgrowing nearby Rabat.,active,Morocco,Africa
6395182936,Agadir,destination,https://daytrip.com/en/transfers/agadir-ma,https://raw.githubusercontent.com/kubaivanov/pictures/main/pinterest/agadir--morocco--pinterest-pin.png,Agadir,Agadir,Morocco,30.4277547,-9.5981072,"Rebuilt after an earthquake in 1960, it's the white sand, calm waters, and 300 sunny days a year that have made Agadir Morocco's premier seaside resort.",active,Morocco,Africa
6395182937,Fez,destination,https://daytrip.com/en/transfers/fez-ma,https://raw.githubusercontent.com/kubaivanov/pictures/main/pinterest/fez--morocco--pinterest-pin.png,"Fez, Morocco",Fez,Morocco,34.0181246,-5.0078451,Morocco's spiritual and cultural capital is a UNESCO World Heritage Site where you can experience over 1000 years of history in the world's largest car-free urban area.,active,Morocco,Africa
6395182938,Essaouira,destination,https://daytrip.com/en/transfers/essaouira-ma,https://raw.githubusercontent.com/kubaivanov/pictures/main/pinterest/essaouira--morocco--pinterest-pin.png,Essaouira,Essaouira,Morocco,31.5084926,-9.7595041,"Near constant winds keep beach-goers at bay, but who need sand when there's the coastal fort and winding alleys of this UNESCO-listed port town to explore.",active,Morocco,Africa
6395182939,El Jadida,destination,https://daytrip.com/en/transfers/el-jadida-ma,https://raw.githubusercontent.com/kubaivanov/pictures/main/pinterest/el-jadida--morocco--pinterest-pin.png,El Jadida,El Jadida,Morocco,33.2316326,-8.5007115999999989,The UNESCO-listed old town of this seaside city looks distinctly 'un-Moorish' because it was founded by the Portuguese.,active,Morocco,Africa
6395182940,Tetouan,destination,https://daytrip.com/en/transfers/tetouan-ma,https://raw.githubusercontent.com/kubaivanov/pictures/main/pinterest/tetouan--morocco--pinterest-pin.png,Tetouan,Tetouan,Morocco,35.5888995,-5.3625516,"Closely tied to Spain, the UNESCO-listed medina of this historic town is essentially an Andalusian Pueblo Blanco.",active,Morocco,Africa
6395182941,Boumalne Dades,destination,https://daytrip.com/en/transfers/boumalne-dades-ma,https://raw.githubusercontent.com/kubaivanov/pictures/main/pinterest/boumalne-dades--morocco--pinterest-pin.png,Boumalne Dades,Boumalne Dades,Morocco,31.3689243,-5.9885456,"Blending with the rocky landscape and surrounded by natural beauty, this historic town offers something for culture seekers and nature lovers alike.",active,Morocco,Africa
6395182942,Monaco,destination,https://daytrip.com/en/transfers/monaco-mc,https://raw.githubusercontent.com/kubaivanov/pictures/main/pinterest/monaco--monaco--pinterest-pin.png,Monaco,Monaco,Monaco,43.738417600000012,7.4246157999999989,"Skyrocketed to fame when Grace Kelly married Prince Ranie III, this seaside city-state is heady with the scent of the sea, and prosperity.",active,Monaco,Europe
6395182943,Perast,destination,https://daytrip.com/en/transfers/perast-me,https://raw.githubusercontent.com/kubaivanov/pictures/main/pinterest/perast--montenegro--pinterest-pin.png,"Perast, Montenegro",Perast,Montenegro,42.486276575321412,18.697872161865238,"As a UNESCO protected World Heritage Site, the tiny town of Perast exudes a spirit of Renaissance and timelessness.",active,Montenegro,Europe
6395182945,Lovcen,destination,https://daytrip.com/en/transfers/lovcen-me,https://raw.githubusercontent.com/kubaivanov/pictures/main/pinterest/lovcen--montenegro--pinterest-pin.png,"Lovćen, Montenegro",Lovcen,Montenegro,42.3979971012223,18.840179443359379,"With views that capture most of Montenegro, Mountain Lovcen is the tallest mountain in the country and is the resting place for one of its greatest rulers, Petar II Petrović-Njegoš.",active,Montenegro,Europe
6395182947,Herceg Novi,destination,https://daytrip.com/en/transfers/herceg-novi-me,https://raw.githubusercontent.com/kubaivanov/pictures/main/pinterest/herceg-novi--montenegro--pinterest-pin.png,"Herceg Novi, Montenegro",Herceg Novi,Montenegro,42.453845356565211,18.527498245239261,"The small Montenegrin town of Herceg Novi can be found on the Adriatic Sea. With its vast amount of sunny days year round, Herceg Novi's nickname as the ""city of sun"" is well earned.",active,Montenegro,Europe
6395182948,Virpazar,destination,https://daytrip.com/en/transfers/virpazar-me,https://raw.githubusercontent.com/kubaivanov/pictures/main/pinterest/virpazar--montenegro--pinterest-pin.png,"Virpazar, Montenegro",Virpazar,Montenegro,42.245959284561927,19.091749359802179,"This tiny village, once a Turkish stronghold, is transformed into an island by Spring floods.",active,Montenegro,Europe
6395182949,Ulcinj,destination,https://daytrip.com/en/transfers/ulcinj-me,https://raw.githubusercontent.com/kubaivanov/pictures/main/pinterest/ulcinj--montenegro--pinterest-pin.png,"Ulcinj, Montenegro",Ulcinj,Montenegro,41.9310884,19.2147632,"One of the oldest settlements on the Adriatic, it has thousands of years of architecture, and is predominantly Albanian.",active,Montenegro,Europe
6395182951,Sveti Stefan,destination,https://daytrip.com/en/transfers/sveti-stefan-me,https://raw.githubusercontent.com/kubaivanov/pictures/main/pinterest/sveti-stefan--montenegro--pinterest-pin.png,"Sveti Stefan, Montenegro",Sveti Stefan,Montenegro,42.2515444,18.8982264,"While commoners can only admire this luxury island resort from afar, the beautiful stone villas and dramatic backdrop has made it Montenegro's most photographed islet.",active,Montenegro,Europe
6395182953,Budva,destination,https://daytrip.com/en/transfers/budva-me,https://raw.githubusercontent.com/kubaivanov/pictures/main/pinterest/budva--montenegro--pinterest-pin.png,"Budva, Montenegro",Budva,Montenegro,42.279753704657949,18.832883834838871,The Budva Riviera is filled with vibrant energy all year long due to the Mediterranean's blessing of over 200 days of sun a year.,active,Montenegro,Europe
6395182954,Zabljak,destination,https://daytrip.com/en/transfers/zabljak-me,https://raw.githubusercontent.com/kubaivanov/pictures/main/pinterest/zabljak--montenegro--pinterest-pin.png,"Žabljak, Montenegro",Zabljak,Montenegro,43.1555152,19.1226018,"Surrounded by 22 mountain peaks, encompassing 18 mountain rivers, and one canyon at an altitude of 1456 meters, the city of Zabljak is the highest city in the Balkans.",active,Montenegro,Europe
6395182955,Tivat,destination,https://daytrip.com/en/transfers/tivat-me,https://raw.githubusercontent.com/kubaivanov/pictures/main/pinterest/tivat--montenegro--pinterest-pin.png,"Tivat, Montenegro",Tivat,Montenegro,42.434226525984229,18.693408966064457,"Lying in the Bay of Kotor (a UNESCO World Heritage Site), Porto Montenegro is a luxury yacht marina waterfront and one of the most prestigious marina on the Adriatic.",active,Montenegro,Europe
6395182956,Ohrid,destination,https://daytrip.com/en/transfers/ohrid-mk,https://raw.githubusercontent.com/kubaivanov/pictures/main/pinterest/ohrid--north-macedonia--pinterest-pin.png,"Ohrid, Macedonia (FYROM)",Ohrid,North Macedonia,41.1230977,20.8016481,"This captivating lakefront village offers medieval architecture, waterfront views, and one of the most comprehensive collections of religious icons in the world.",active,North Macedonia,Europe
6395182957,Heraclea Lyncestis,destination,https://daytrip.com/en/transfers/heraclea-lyncestis-mk,https://raw.githubusercontent.com/kubaivanov/pictures/main/pinterest/heraclea-lyncestis--north-macedonia--pinterest-pin.png,"Bitola 7000, Macedonia (FYROM)",Heraclea Lyncestis,North Macedonia,41.0110003,21.3424444,This exceptionally well preserved ancient city is best known for its incredible mosaics.,active,North Macedonia,Europe
6395182958,Matka Canyon,destination,https://daytrip.com/en/transfers/matka-canyon-mk,https://raw.githubusercontent.com/kubaivanov/pictures/main/pinterest/matka-canyon--north-macedonia--pinterest-pin.png,"Кањон Матка, Street 1;Village Matka, Village Matka 1000, Macedonia (FYROM)",Matka Canyon,North Macedonia,41.9504422,21.2990999,"Medieval monasteries, caves and hiking trails make Macedonia's 'oldest man-made lake' the ideal stop for nature lovers and architecture buffs alike.",active,North Macedonia,Europe
6395182961,Tetovo,destination,https://daytrip.com/en/transfers/tetovo-mk,https://raw.githubusercontent.com/kubaivanov/pictures/main/pinterest/tetovo--north-macedonia--pinterest-pin.png,"Tetovo, Macedonia (FYROM)",Tetovo,North Macedonia,42.0069115,20.9715269,"More than just Macedonian, Tetovo also has a huge Albanian population, rich Ottoman heritage, and distinctive fusion cuisine.",active,North Macedonia,Europe
6395182965,Bitola,destination,https://daytrip.com/en/transfers/bitola-mk,https://raw.githubusercontent.com/kubaivanov/pictures/main/pinterest/bitola--north-macedonia--pinterest-pin.png,"Bitola, Macedonia (FYROM)",Bitola,North Macedonia,41.0296773,21.3292164,"Founded by Alexander the Great's father, Macedonia's oldest city has proudly preserved its rich heritage, from its Roman ruins to its Turkish bazaar.",active,North Macedonia,Europe
6395182969,Balzan,destination,https://daytrip.com/en/transfers/balzan-mt,https://raw.githubusercontent.com/kubaivanov/pictures/main/pinterest/balzan--malta--pinterest-pin.png,Balzan,Balzan,Malta,35.8983624,14.4521396,"Originally a cluster of small dwellings and farms, this charming municipality has grown over centuries and become adorned with exquisite architecture.",active,Malta,Europe
6395182970,Valletta,destination,https://daytrip.com/en/transfers/valletta-mt,https://raw.githubusercontent.com/kubaivanov/pictures/main/pinterest/valletta--malta--pinterest-pin.png,Valletta,Valletta,Malta,35.8992375,14.5140996,"The sunny capital of Malta is a UNESCO World Heritage Site with one of the most concentrated historic areas in the world, squeezed into the smallest capital in the European Union.",active,Malta,Europe
6395182971,Birgu,destination,https://daytrip.com/en/transfers/birgu-mt,https://raw.githubusercontent.com/kubaivanov/pictures/main/pinterest/birgu--malta--pinterest-pin.png,Birgu,Birgu,Malta,35.8880695,14.5220972,"Known as Città Vittoriosa or the ""Victorious City"", this ancient fortified city occupies a promontory in the South Eastern Region of Malta.",active,Malta,Europe
6395182972,Mosta,destination,https://daytrip.com/en/transfers/mosta-mt,https://raw.githubusercontent.com/kubaivanov/pictures/main/pinterest/mosta--malta--pinterest-pin.png,Mosta,Mosta,Malta,35.9094431,14.4258739,A small yet vibrant city nestled in Northern Malta boasts one of the world's most magnificent basilica's and historical gems nestled amongst an agricultural landscape.,active,Malta,Europe
6395182973,Cospicua,destination,https://daytrip.com/en/transfers/cospicua-mt,https://raw.githubusercontent.com/kubaivanov/pictures/main/pinterest/cospicua--malta--pinterest-pin.png,Cospicua,Cospicua,Malta,35.882448,14.522503,This double-fortified harbor city has a history dating back to Neolithic times and stands as a testament to Malta's rich cultural heritage.,active,Malta,Europe
6395182974,Pembroke,destination,https://daytrip.com/en/transfers/pembroke-mt,https://raw.githubusercontent.com/kubaivanov/pictures/main/pinterest/pembroke--malta--pinterest-pin.png,Pembroke malta,Pembroke,Malta,35.9261416,14.4803358,"Malta's newest locality embraces a coastal zone adorned with rocky beaches, a residential town and historic buildings.",active,Malta,Europe
6395182975,Mdina,destination,https://daytrip.com/en/transfers/mdina-mt,https://raw.githubusercontent.com/kubaivanov/pictures/main/pinterest/mdina--malta--pinterest-pin.png,Mdina,Mdina,Malta,35.8863691,14.4031146,"A fortified city in the Northern Region of Malta, once an ancient capital, harbors breathtaking views and centuries-old buildings.",active,Malta,Europe
6395182976,Dingli,destination,https://daytrip.com/en/transfers/dingli-mt,https://raw.githubusercontent.com/kubaivanov/pictures/main/pinterest/dingli--malta--pinterest-pin.png,Dingli,Dingli,Malta,35.8599678,14.3796965,"Bask in the breathtaking panoramic views of the Mediterranean Sea from this village in the Northern Region of Malta, offering a taste of authentic Maltese charm.",active,Malta,Europe
6395182977,Marsaxlokk,destination,https://daytrip.com/en/transfers/marsaxlokk-mt,https://raw.githubusercontent.com/kubaivanov/pictures/main/pinterest/marsaxlokk--malta--pinterest-pin.png,Marsaxlokk,Marsaxlokk,Malta,35.8422063,14.5427735,This small fishing village nestled along the coastline of Malta has a picturesque harbor and a delightful blend of traditional charm and scenic views.,active,Malta,Europe
6395182978,Rabat,destination,https://daytrip.com/en/transfers/rabat-mt,https://raw.githubusercontent.com/kubaivanov/pictures/main/pinterest/rabat--malta--pinterest-pin.png,Rabat malta,Rabat,Malta,35.8820069,14.3987985,"Located in the Northern Region of Malta, this town borders the historic capital city of Medina and has been featured in Hollywood blockbusters.",active,Malta,Europe
6395182979,Senglea,destination,https://daytrip.com/en/transfers/senglea-mt,https://raw.githubusercontent.com/kubaivanov/pictures/main/pinterest/senglea--malta--pinterest-pin.png,Senglea,Senglea,Malta,35.8878874,14.5167449,"Senglea, also known as Città Invicta, is a fortified city located in the South Eastern Region of Malta full of natural elements and historic architecture.",active,Malta,Europe
6395182980,Black River Gorges National Park,destination,https://daytrip.com/en/transfers/black-river-gorges-national-park-mu,https://raw.githubusercontent.com/kubaivanov/pictures/main/pinterest/black-river-gorges-national-park--mauritius--pinterest-pin.png,Black River Gorges National Park,Black River Gorges National Park,Mauritius,-20.423315386026193,57.4300016120117,"Spanning over 6,500 hectares, this pristine wilderness area offers visitors a breathtaking escape into nature's embrace.",active,Mauritius,Africa
6395182981,Curepipe,destination,https://daytrip.com/en/transfers/curepipe-mu,https://raw.githubusercontent.com/kubaivanov/pictures/main/pinterest/curepipe--mauritius--pinterest-pin.png,Curepipe,Curepipe,Mauritius,-20.3170872,57.5265289,"Tucked away amidst lush greenery and rolling hills in the heart of the island, this enchanting town offers visitors a delightful escape from the hustle and bustle of modern life.",active,Mauritius,Africa
6395182982,Port Louis,destination,https://daytrip.com/en/transfers/port-louis-mu,https://raw.githubusercontent.com/kubaivanov/pictures/main/pinterest/port-louis--mauritius--pinterest-pin.png,Port Louis,Port Louis,Mauritius,-20.1608912,57.5012222,"Nestled between azure waters and verdant hills, this dynamic metropolis beckons travelers with its captivating blend of old-world charm and contemporary allure.",active,Mauritius,Africa
6395182983,Mahebourg,destination,https://daytrip.com/en/transfers/mahebourg-mu,https://raw.githubusercontent.com/kubaivanov/pictures/main/pinterest/mahebourg--mauritius--pinterest-pin.png,Mahebourg,Mahebourg,Mauritius,-20.4059505,57.7034222,"Named after Bertrand-François Mahé de La Bourdonnais, a French governor of the island in the 18th century, this coastal town boasts a rich heritage that is reflected in its architecture, cuisine, and local traditions.",active,Mauritius,Africa
6395182984,Souillac,destination,https://daytrip.com/en/transfers/souillac-mu,https://raw.githubusercontent.com/kubaivanov/pictures/main/pinterest/souillac--mauritius--pinterest-pin.png,"Souillac, Mauritius",Souillac,Mauritius,-20.5180739,57.526385899999987,This charming coastal village offers visitors an immersive experience steeped in island allure.,active,Mauritius,Africa
6395182985,Grand Baie,destination,https://daytrip.com/en/transfers/grand-baie-mu,https://raw.githubusercontent.com/kubaivanov/pictures/main/pinterest/grand-baie--mauritius--pinterest-pin.png,Grand Baie,Grand Baie,Mauritius,-20.0089204,57.5816352,"With its stunning white sandy beaches lined with palm trees, Grand Baie is a haven for sun-seekers and water enthusiasts.",active,Mauritius,Africa
6395182986,Quatre Bornes,destination,https://daytrip.com/en/transfers/quatre-bornes-mu,https://raw.githubusercontent.com/kubaivanov/pictures/main/pinterest/quatre-bornes--mauritius--pinterest-pin.png,Quatre Bornes mauritius,Quatre Bornes,Mauritius,-20.2674718,57.4796981,One of the island's most vibrant towns presents a captivating tapestry of experiences for travelers seeking to immerse themselves in Mauritian life.,active,Mauritius,Africa
6395182987,Ajijic,destination,https://daytrip.com/en/transfers/ajijic-mx,https://raw.githubusercontent.com/kubaivanov/pictures/main/pinterest/ajijic--mexico--pinterest-pin.png,Ajijic,Ajijic,Mexico,20.2996995,-103.2637074,"Whether you're into the arts, the eats, or the outdoors, this historic town has something for everyone.",active,Mexico,North America
6395182989,Tzintzuntzan,destination,https://daytrip.com/en/transfers/tzintzuntzan-mx,https://raw.githubusercontent.com/kubaivanov/pictures/main/pinterest/tzintzuntzan--mexico--pinterest-pin.png,Tzintzuntzan,Tzintzuntzan,Mexico,19.6287856,-101.57769,This archaeological site marks the ceremonial center of the region's near-indomitable indigenous empire.,active,Mexico,North America
6395182990,Bacalar,destination,https://daytrip.com/en/transfers/bacalar-mx,https://raw.githubusercontent.com/kubaivanov/pictures/main/pinterest/bacalar--mexico--pinterest-pin.png,Bacalar,Bacalar,Mexico,18.6782919,-88.3923946,"Famous for its multi-hued lagoon, this quiet resort town has a surprisingly rich history - from prehistoric fossils to pirates.",active,Mexico,North America
6395182992,Mexiquillo Natural Park,destination,https://daytrip.com/en/transfers/mexiquillo-natural-park-mx,https://raw.githubusercontent.com/kubaivanov/pictures/main/pinterest/mexiquillo-natural-park--mexico--pinterest-pin.png,Parque Natural Mexiquillo Durango,Mexiquillo Natural Park,Mexico,23.7252479,-105.6827258,"This semi-remote destination surrounded by a tropical jungle offers a wealth of virgin beaches, stunning wildlife and mouth-watering cuisine.",active,Mexico,North America
6395182993,Leon,destination,https://daytrip.com/en/transfers/leon-mx,https://raw.githubusercontent.com/kubaivanov/pictures/main/pinterest/leon--mexico--pinterest-pin.png,"Leon, Mexico",Leon,Mexico,21.1250077,-101.6859605,Every nook and cranny of this charming city is overflowing with vibrant greenery and colorful facades.,active,Mexico,North America
6395182994,Zacatlan,destination,https://daytrip.com/en/transfers/zacatlan-mx,https://raw.githubusercontent.com/kubaivanov/pictures/main/pinterest/zacatlan--mexico--pinterest-pin.png,Zacatlan,Zacatlan,Mexico,19.9350819,-97.9611534,This high-altitude city is a non-stop celebration of all things fruity and floral.,active,Mexico,North America
6395182995,Comitan,destination,https://daytrip.com/en/transfers/comitan-mx,https://raw.githubusercontent.com/kubaivanov/pictures/main/pinterest/comitan--mexico--pinterest-pin.png,Comitan,Comitan,Mexico,16.256659271946013,-92.137541756250016,The wealth of colonial architecture has made this charming city a popular holiday destination for Mexicans.,active,Mexico,North America
6395182997,Ciudad Obregon,destination,https://daytrip.com/en/transfers/ciudad-obregon-mx,https://raw.githubusercontent.com/kubaivanov/pictures/main/pinterest/ciudad-obregon--mexico--pinterest-pin.png,Ciudad Obregon,Ciudad Obregon,Mexico,27.4827729,-109.930367,"As the state's second-largest city, this alluring destination showcases a captivating blend of tradition and modernity, ranging from sculptural art to cultural performances.",active,Mexico,North America
6395182998,Mocorito,destination,https://daytrip.com/en/transfers/mocorito-mx,https://raw.githubusercontent.com/kubaivanov/pictures/main/pinterest/mocorito--mexico--pinterest-pin.png,Mocorito,Mocorito,Mexico,25.481348,-107.9205937,"Despite being known as the ""place of the dead"", this small city very much comes alive with vibrant artistic hubs and mouth watering flavors, all in a timeless setting.",active,Mexico,North America
6395182999,Mascota,destination,https://daytrip.com/en/transfers/mascota-mx,https://raw.githubusercontent.com/kubaivanov/pictures/main/pinterest/mascota--mexico--pinterest-pin.png,"Mascota, Jalisco, Mexico",Mascota,Mexico,20.5260029,-104.7892254,"Nestled between mountains, this peaceful town West of Guadalajara is your refuge for cool air and colonial charm.",active,Mexico,North America
6395183001,Bernal,destination,https://daytrip.com/en/transfers/bernal-mx,https://raw.githubusercontent.com/kubaivanov/pictures/main/pinterest/bernal--mexico--pinterest-pin.png,"Bernal, mexico",Bernal,Mexico,20.7379323,-99.9423166,Mystical energy is said to exude from the monolith that towers above this charming colonial town.,active,Mexico,North America
6395183005,Ciudad Victoria,destination,https://daytrip.com/en/transfers/ciudad-victoria-mx,https://raw.githubusercontent.com/kubaivanov/pictures/main/pinterest/ciudad-victoria--mexico--pinterest-pin.png,Ciudad Victoria tamaulipas,Ciudad Victoria,Mexico,23.7369164,-99.14111539999999,"The capital city of the Mexican state of Tamaulipas is steeped in history and natural beauty, nestled in a picturesque valley surrounded by the majestic Sierra Madre Oriental mountains.",active,Mexico,North America
6395183007,Morelia,destination,https://daytrip.com/en/transfers/morelia-mx,https://raw.githubusercontent.com/kubaivanov/pictures/main/pinterest/morelia--mexico--pinterest-pin.png,Morelia,Morelia,Mexico,19.7059504,-101.1949825,"Dominated by one of the country's most beautiful cathedrals, the historic streets of this UNESCO-listed city are an enchanting counterpoint to its vibrant modern culture.",active,Mexico,North America
6395183008,Lagos de Moreno,destination,https://daytrip.com/en/transfers/lagos-de-moreno-mx,https://raw.githubusercontent.com/kubaivanov/pictures/main/pinterest/lagos-de-moreno--mexico--pinterest-pin.png,Lagos de Moreno,Lagos de Moreno,Mexico,21.3634964,-101.9291015,"A UNESCO World Heritage Site and Magical Town, this historic city is swimming in colorful colonial architecture.",active,Mexico,North America
6395183009,San Luis Potosi,destination,https://daytrip.com/en/transfers/san-luis-potosi-mx,https://raw.githubusercontent.com/kubaivanov/pictures/main/pinterest/san-luis-potosi--mexico--pinterest-pin.png,San Luis Potosi,San Luis Potosi,Mexico,22.1564699,-100.9855409,"A UNESCO World Heritage Site, this is more than history and culture - the surrounding area has some of the country's best waterfalls!",active,Mexico,North America
6395183011,Guadalajara,destination,https://daytrip.com/en/transfers/guadalajara-mx,https://raw.githubusercontent.com/kubaivanov/pictures/main/pinterest/guadalajara--mexico--pinterest-pin.png,Guadalajara,Guadalajara,Mexico,20.6596988,-103.3496092,"Mexico's second city is often overlooked, but as the home of tequila and mariachi, and a UNESCO-listed hospital complex, it shouldn't be.",active,Mexico,North America
6395183013,Finca Sala Vive,destination,https://daytrip.com/en/transfers/finca-sala-vive-mx,https://raw.githubusercontent.com/kubaivanov/pictures/main/pinterest/finca-sala-vive--mexico--pinterest-pin.png,Finca Sala Vive,Finca Sala Vive,Mexico,20.6972053,-99.877892199999991,"Specializing in the Spanish version of champagne, this award-winning winery celebrates all things delicious.",active,Mexico,North America
6395183016,Huajuapan,destination,https://daytrip.com/en/transfers/huajuapan-mx,https://raw.githubusercontent.com/kubaivanov/pictures/main/pinterest/huajuapan--mexico--pinterest-pin.png,Huajuapan,Huajuapan,Mexico,17.8112504,-97.780348199999992,This charming town brings together a historical legacy of the Mixtec and charming Colonial architecture.,active,Mexico,North America
6395183018,San Jose de Gracia,destination,https://daytrip.com/en/transfers/san-jose-de-gracia-mx,https://raw.githubusercontent.com/kubaivanov/pictures/main/pinterest/san-jose-de-gracia--mexico--pinterest-pin.png,San José de Gracia,San Jose de Gracia,Mexico,22.1475929,-102.4129804,"This Pueblo Mágico holds one of the most popular cultural attractions in the country, and is a microcosm of traditional Mexican culture.",active,Mexico,North America
6395183019,Muyil,destination,https://daytrip.com/en/transfers/muyil-mx,https://raw.githubusercontent.com/kubaivanov/pictures/main/pinterest/muyil--mexico--pinterest-pin.png,Muyil,Muyil,Mexico,20.0788247,-87.6114614,"This small, well-preserved Mayan settlement offers easy access to a UNESCO-listed biosphere.",active,Mexico,North America
6395183020,Cosala,destination,https://daytrip.com/en/transfers/cosala-mx,https://raw.githubusercontent.com/kubaivanov/pictures/main/pinterest/cosala--mexico--pinterest-pin.png,Cosala,Cosala,Mexico,24.4136366,-106.6915369,"Nestled amidst breathtaking mountains, the hidden streets and corners of this Pueblo Mágico evoke a sense of timelessness that will leave you wanting more.",active,Mexico,North America
6395183021,Tepic,destination,https://daytrip.com/en/transfers/tepic-mx,https://raw.githubusercontent.com/kubaivanov/pictures/main/pinterest/tepic--mexico--pinterest-pin.png,Tepic,Tepic,Mexico,21.5041651,-104.8945887,"Built in the shadow of a dormant volcano, this largely indigenous city is filled with colorful buildings and colorful locals.",active,Mexico,North America
6395183023,Huamantla,destination,https://daytrip.com/en/transfers/huamantla-mx,https://raw.githubusercontent.com/kubaivanov/pictures/main/pinterest/huamantla--mexico--pinterest-pin.png,Huamantla,Huamantla,Mexico,19.3184941,-97.923382600000011,This colorful city proudly celebrates its rich history and traditions at every possible opportunity.,active,Mexico,North America
6395183024,Zacapoaxtla,destination,https://daytrip.com/en/transfers/zacapoaxtla-mx,https://raw.githubusercontent.com/kubaivanov/pictures/main/pinterest/zacapoaxtla--mexico--pinterest-pin.png,Zacapoaxtla,Zacapoaxtla,Mexico,19.8735055,-97.5887976,The heart of this historic town is a park-like plaza where two beautiful churches stand side-by-side.,active,Mexico,North America
6395183027,Santiago de Querétaro,destination,https://daytrip.com/en/transfers/santiago-de-queretaro-mx,https://raw.githubusercontent.com/kubaivanov/pictures/main/pinterest/santiago-de-queretaro--mexico--pinterest-pin.png,Santiago de Querétaro,Santiago de Querétaro,Mexico,20.5887932,-100.3898881,"Located at the Crossroads of Mexico, this emerging powerhouse is an equilibrium of work and play.",active,Mexico,North America
6395183029,Vive Mar Turtle Camp,destination,https://daytrip.com/en/transfers/vive-mar-turtle-camp-mx,https://raw.githubusercontent.com/kubaivanov/pictures/main/pinterest/vive-mar-turtle-camp--mexico--pinterest-pin.png,"Campamento Tortuguero ""Vive Mar""",Vive Mar Turtle Camp,Mexico,15.8649721,-97.089668199999991,Help hatchling turtles reach the sea safely at this NGO-protected beach.,active,Mexico,North America
6395183031,Casas Grandes,destination,https://daytrip.com/en/transfers/casas-grandes-mx,https://raw.githubusercontent.com/kubaivanov/pictures/main/pinterest/casas-grandes--mexico--pinterest-pin.png,Casas Grandes,Casas Grandes,Mexico,30.3740395,-107.9552259,This ancient city and UNESCO World Heritage Site played a pivotal role in bridging the cultures of the desert southwest and Mesoamerica through extensive trading networks.,active,Mexico,North America
6395183032,Mazatlan,destination,https://daytrip.com/en/transfers/mazatlan-mx,https://raw.githubusercontent.com/kubaivanov/pictures/main/pinterest/mazatlan--mexico--pinterest-pin.png,Mazatlan,Mazatlan,Mexico,23.2494148,-106.4111425,"Mazatlan is a city of superlatives, where descriptors like ""biggest,"" ""oldest,"" and ""most important"" abound!",active,Mexico,North America
6395183033,Puerto Vallarta,destination,https://daytrip.com/en/transfers/puerto-vallarta-mx,https://raw.githubusercontent.com/kubaivanov/pictures/main/pinterest/puerto-vallarta--mexico--pinterest-pin.png,Puerto Vallarta,Puerto Vallarta,Mexico,20.653407,-105.2253316,"A thriving village turned exciting resort town, Puerto Vallarta gives sun-searchers a piece of authentic Mexico, away from the crowds of Los Cabos and Cancun.",active,Mexico,North America
6395183036,Toluca,destination,https://daytrip.com/en/transfers/toluca-mx,https://raw.githubusercontent.com/kubaivanov/pictures/main/pinterest/toluca--mexico--pinterest-pin.png,Toluca,Toluca,Mexico,19.2826098,-99.6556653,"Toluca may be Mexico's 5th largest city, but it's certainly also up there in architecture, stained-glass botanical gardens, and chorizo production.",active,Mexico,North America
6395183038,La Noria de San Antonio,destination,https://daytrip.com/en/transfers/la-noria-de-san-antonio-mx,https://raw.githubusercontent.com/kubaivanov/pictures/main/pinterest/la-noria-de-san-antonio--mexico--pinterest-pin.png,La Noria de San Antonio,La Noria de San Antonio,Mexico,23.5066666,-106.3141666,This charming colonial village nestled in the mountains preserves many traditional Mexican crafts and is home to the oldest tequila distillery in Sinaloa state.,active,Mexico,North America
6395183039,Zacatecas,destination,https://daytrip.com/en/transfers/zacatecas-mx,https://raw.githubusercontent.com/kubaivanov/pictures/main/pinterest/zacatecas--mexico--pinterest-pin.png,Zacatecas,Zacatecas,Mexico,22.7708555,-102.5832426,"Made rich from silver, the wealth of historic architecture makes this UNESCO-listed city on of the most romantic in Mexico.",active,Mexico,North America
6395183041,Jardines de Mexico,destination,https://daytrip.com/en/transfers/jardines-de-mexico-mx,https://raw.githubusercontent.com/kubaivanov/pictures/main/pinterest/jardines-de-mexico--mexico--pinterest-pin.png,"Jardines de Mexico, United States",Jardines de Mexico,Mexico,18.6084421,-99.29091609999999,"Lose yourself and connect with nature in this beautiful floral theme park, the largest of its kind in the world!",active,Mexico,North America
6395183044,El Rosario,destination,https://daytrip.com/en/transfers/el-rosario-mx,https://raw.githubusercontent.com/kubaivanov/pictures/main/pinterest/el-rosario--mexico--pinterest-pin.png,El Rosario sinaloa,El Rosario,Mexico,22.9914716,-105.8613233,This Pueblo Mágico holds a special allure with an extraordinary altarpiece in its church and its rich cultural history of singers and artists.,active,Mexico,North America
6395183045,Campo Real Vinícola,destination,https://daytrip.com/en/transfers/campo-real-vinicola-mx,https://raw.githubusercontent.com/kubaivanov/pictures/main/pinterest/campo-real-vinicola--mexico--pinterest-pin.png,"Campo Real Vinícola, mexico",Campo Real Vinícola,Mexico,22.7153746,-102.3265935,"Venture into the lofty heights of Mexico's wine scene with Vinicola Campo Real, the vineyards that challenge the traditional wisdom of winemaking in a truly daring manner",active,Mexico,North America
6395183047,Desierto de los Leones,destination,https://daytrip.com/en/transfers/desierto-de-los-leones-mx,https://raw.githubusercontent.com/kubaivanov/pictures/main/pinterest/desierto-de-los-leones--mexico--pinterest-pin.png,Desierto de los Leones,Desierto de los Leones,Mexico,19.3058148,-99.3032743,The ruins of an abandoned convent rise from the greenery of Mexico's oldest national park.,active,Mexico,North America
6395183049,Izamal,destination,https://daytrip.com/en/transfers/izamal-mx,https://raw.githubusercontent.com/kubaivanov/pictures/main/pinterest/izamal--mexico--pinterest-pin.png,"Izamal, Mexico",Izamal,Mexico,20.9299997,-89.022712599999991,"This charming yellow city was built atop a Mayan city with monuments so massive, the Spanish treated them as hills.",active,Mexico,North America
6395183051,Manzanillo,destination,https://daytrip.com/en/transfers/manzanillo-mx,https://raw.githubusercontent.com/kubaivanov/pictures/main/pinterest/manzanillo--mexico--pinterest-pin.png,Manzanillo,Manzanillo,Mexico,19.1138094,-104.3384616,Catch the perfect wave or enjoy the catch of the day in this popular port city.,active,Mexico,North America
6395183054,Valle de Bravo,destination,https://daytrip.com/en/transfers/valle-de-bravo-mx,https://raw.githubusercontent.com/kubaivanov/pictures/main/pinterest/valle-de-bravo--mexico--pinterest-pin.png,Valle de Bravo,Valle de Bravo,Mexico,19.1950964,-100.1326725,"Escape the capital buzz at this charming lakeside town, renowned for its mountain views and historic architecture.",active,Mexico,North America
6395183055,Cordoba,destination,https://daytrip.com/en/transfers/cordoba-mx,https://raw.githubusercontent.com/kubaivanov/pictures/main/pinterest/cordoba--mexico--pinterest-pin.png,"Cordoba, Veracruz, Mexico",Cordoba,Mexico,18.8838909,-96.9237751,The city where Mexico gained its independence is filled with stunning colonial architecture from its time as a Spanish vassal.,active,Mexico,North America
6395183056,Creel,destination,https://daytrip.com/en/transfers/creel-mx,https://raw.githubusercontent.com/kubaivanov/pictures/main/pinterest/creel--mexico--pinterest-pin.png,Creel mexico,Creel,Mexico,27.7504473,-107.636889,"Nestled within the stunning Sierra Tarahumara of Chihuahua, this charming town is a gateway to the wonders of the Copper Canyon region.",active,Mexico,North America
6395183057,Copala,destination,https://daytrip.com/en/transfers/copala-mx,https://raw.githubusercontent.com/kubaivanov/pictures/main/pinterest/copala--mexico--pinterest-pin.png,Copala,Copala,Mexico,23.3963895,-105.936207,"This quaint, former mining town gets its name from a mythical city of gold.",active,Mexico,North America
6395183067,Cenotes Kin-Ha,destination,https://daytrip.com/en/transfers/cenotes-kin-ha-mx,https://raw.githubusercontent.com/kubaivanov/pictures/main/pinterest/cenotes-kin-ha--mexico--pinterest-pin.png,Cenotes Kin-Ha,Cenotes Kin-Ha,Mexico,20.851221,-87.127672199999992,A small hole in the ground opens up into a beautifully illuminated cave where you can swim and dive.,active,Mexico,North America
6395183072,Castillo de Teayo,destination,https://daytrip.com/en/transfers/castillo-de-teayo-mx,https://raw.githubusercontent.com/kubaivanov/pictures/main/pinterest/castillo-de-teayo--mexico--pinterest-pin.png,Castillo de Teayo,Castillo de Teayo,Mexico,20.749971007877175,-97.633049675146481,"A remarkable pre-Hispanic archaeological site and Mesoamerican pyramid sits in the La Huasteca region of northern Veracruz, Mexico.",active,Mexico,North America
6395183075,Comalcalco,destination,https://daytrip.com/en/transfers/comalcalco-mx,https://raw.githubusercontent.com/kubaivanov/pictures/main/pinterest/comalcalco--mexico--pinterest-pin.png,Comalcalco,Comalcalco,Mexico,18.261156,-93.2216864,"The westernmost Mayan city was their only major metropolis built using bricks, which are themselves unique for their hidden decorations.",active,Mexico,North America
6395183077,Destileria La Rojena,destination,https://daytrip.com/en/transfers/destileria-la-rojena-mx,https://raw.githubusercontent.com/kubaivanov/pictures/main/pinterest/destileria-la-rojena--mexico--pinterest-pin.png,"Destileria La Rojena, Mexico",Destileria La Rojena,Mexico,20.8851307,-103.8397913,"Home of Jose Cuervo, Mexico's oldest distillery offers an immersive look at the history of tequila.",active,Mexico,North America
6395183078,Salamanca,destination,https://daytrip.com/en/transfers/salamanca-mx,https://raw.githubusercontent.com/kubaivanov/pictures/main/pinterest/salamanca--mexico--pinterest-pin.png,"Salamanca, mexico",Salamanca,Mexico,20.5739314,-101.1957172,Sink your teeth into some sweet treats and street meats in this mushrooming city,active,Mexico,North America
6395183079,La Pesca,destination,https://daytrip.com/en/transfers/la-pesca-mx,https://raw.githubusercontent.com/kubaivanov/pictures/main/pinterest/la-pesca--mexico--pinterest-pin.png,La Pesca tamaulipas,La Pesca,Mexico,23.7870218,-97.776647799999992,"Situated between the Soto la Marina River and the vast expanse of the Laguna Madre, this beach features smooth sands and abundant rivers.",active,Mexico,North America
6395183084,Colima,destination,https://daytrip.com/en/transfers/colima-mx,https://raw.githubusercontent.com/kubaivanov/pictures/main/pinterest/colima--mexico--pinterest-pin.png,ciudad colima,Colima,Mexico,19.2452342,-103.7240868,"Sandwiched between bustling cities and established near Mexico's Pacific coast, the allure and beauty of this small town is unmatched",active,Mexico,North America
6395183086,Cuernavaca,destination,https://daytrip.com/en/transfers/cuernavaca-mx,https://raw.githubusercontent.com/kubaivanov/pictures/main/pinterest/cuernavaca--mexico--pinterest-pin.png,Cuernavaca,Cuernavaca,Mexico,18.9242095,-99.221565900000016,"With its perpetually pleasant weather and UNESCO-listed cathedral, this city has attracted people since Aztec times.",active,Mexico,North America
6395183087,Heroica Veracruz,destination,https://daytrip.com/en/transfers/heroica-veracruz-mx,https://raw.githubusercontent.com/kubaivanov/pictures/main/pinterest/heroica-veracruz--mexico--pinterest-pin.png,Heroica Veracruz,Heroica Veracruz,Mexico,19.173773,-96.1342241,"From pirates to the Spanish, this city has held strong with historical significance, but even stronger with tradition and customs!",active,Mexico,North America
6395183091,Cuetzalan,destination,https://daytrip.com/en/transfers/cuetzalan-mx,https://raw.githubusercontent.com/kubaivanov/pictures/main/pinterest/cuetzalan--mexico--pinterest-pin.png,Cuetzalan,Cuetzalan,Mexico,20.0176353,-97.5233705,"Hidden in the hills, this wonderful village will astonish you with its homage to indigenous culture as well as its natural wonders.",active,Mexico,North America
6395183093,Tlacotalpan,destination,https://daytrip.com/en/transfers/tlacotalpan-mx,https://raw.githubusercontent.com/kubaivanov/pictures/main/pinterest/tlacotalpan--mexico--pinterest-pin.png,Tlacotalpan,Tlacotalpan,Mexico,18.61092,-95.655968,This UNESCO World Heritage Site is a mishmash of colorful architectural styles on perfectly planned streets.,active,Mexico,North America
6395183095,Merida,destination,https://daytrip.com/en/transfers/merida-mx,https://raw.githubusercontent.com/kubaivanov/pictures/main/pinterest/merida--mexico--pinterest-pin.png,"Merida, Yucatan, Mexico",Merida,Mexico,20.9673702,-89.5925857,"Built from the ruins of a Mayan city, the Yucatan capital is a beautiful blend of Colonial and Mayan culture.",active,Mexico,North America
6395183097,Cenote Las Mojarras,destination,https://daytrip.com/en/transfers/cenote-las-mojarras-mx,https://raw.githubusercontent.com/kubaivanov/pictures/main/pinterest/cenote-las-mojarras--mexico--pinterest-pin.png,Cenote Las Mojarras,Cenote Las Mojarras,Mexico,20.838196520062912,-87.023281919573947,"This large sinkhole looks a lot like a lake, and is a favourite chill-out spot for locals.",active,Mexico,North America
6395183100,Guanajuato,destination,https://daytrip.com/en/transfers/guanajuato-mx,https://raw.githubusercontent.com/kubaivanov/pictures/main/pinterest/guanajuato--mexico--pinterest-pin.png,Guanajuato,Guanajuato,Mexico,21.0190145,-101.2573586,Mexico's most beautiful city is a UNESCO-listed jumble of historic buildings harkening back to its days as the world's leading silver extractor.,active,Mexico,North America
6395183101,Santiago,destination,https://daytrip.com/en/transfers/santiago-mx,https://raw.githubusercontent.com/kubaivanov/pictures/main/pinterest/santiago--mexico--pinterest-pin.png,"Santiago, Nuevo León",Santiago,Mexico,25.4166153,-100.1591213,"A charming colonial town surrounded by mountains and natural beauty, packed with magical attractions and buzzing local life.",active,Mexico,North America
6395183102,San Cristobal,destination,https://daytrip.com/en/transfers/san-cristobal-mx,https://raw.githubusercontent.com/kubaivanov/pictures/main/pinterest/san-cristobal--mexico--pinterest-pin.png,San Cristobal,San Cristobal,Mexico,16.7369928,-92.637598799999992,The cultural capital of Chiapas is a captivating blend of indigenous culture and colonial charm.,active,Mexico,North America
6395183104,Magdalena de Kino,destination,https://daytrip.com/en/transfers/magdalena-de-kino-mx,https://raw.githubusercontent.com/kubaivanov/pictures/main/pinterest/magdalena-de-kino--mexico--pinterest-pin.png,Magdalena de Kino,Magdalena de Kino,Mexico,30.6248514,-110.9714055,"Just a stone's throw from the U.S. border, this historic gem tucked away in the northern reaches of Sonora is known for its enchanting cultural relics and spiritual experiences.",active,Mexico,North America
6395183105,Tepatitlan de Morelos,destination,https://daytrip.com/en/transfers/tepatitlan-de-morelos-mx,https://raw.githubusercontent.com/kubaivanov/pictures/main/pinterest/tepatitlan-de-morelos--mexico--pinterest-pin.png,Tepatitlan de Morelos,Tepatitlan de Morelos,Mexico,20.8166951,-102.7624398,This quaint city epitomizes the beauty and warmth of Jalisco - the birthplace of mariachi music and tequila.,active,Mexico,North America
6395183107,Atlatlahucan,destination,https://daytrip.com/en/transfers/atlatlahucan-mx,https://raw.githubusercontent.com/kubaivanov/pictures/main/pinterest/atlatlahucan--mexico--pinterest-pin.png,Atlatlahucan,Atlatlahucan,Mexico,18.9353236,-98.899701499999992,"The UNESCO-listed monastery that dominates this quiet, colorful city was one of the earliest and most important in the region.",active,Mexico,North America
6395183110,Yagul,destination,https://daytrip.com/en/transfers/yagul-mx,https://raw.githubusercontent.com/kubaivanov/pictures/main/pinterest/yagul--mexico--pinterest-pin.png,Yagul,Yagul,Mexico,16.957319410757759,-96.449180123803671,This pre-Columbian city and the nearby caves are a UNESCO World Heritage Site document the rise of Mesoamerican culture.,active,Mexico,North America
6395183111,Mitla,destination,https://daytrip.com/en/transfers/mitla-mx,https://raw.githubusercontent.com/kubaivanov/pictures/main/pinterest/mitla--mexico--pinterest-pin.png,Mitla,Mitla,Mexico,16.927752528806344,-96.358825862924164,"The religious center of Oaxaca, this UNESCO World Heritage Site has Mexico's most perfectly-carved stone mosaics",active,Mexico,North America
6395183116,La Escondida,destination,https://daytrip.com/en/transfers/la-escondida-mx,https://raw.githubusercontent.com/kubaivanov/pictures/main/pinterest/la-escondida--mexico--pinterest-pin.png,"Restaurante La Escondida, mexico",La Escondida,Mexico,19.2997665,-99.4084091,"Tucked away in a wooded wonderland, this enchanting garden restaurant attracts those looking for a bite to eat and others searching for a bit of whimsy.",active,Mexico,North America
6395183118,Camecuaro Lake,destination,https://daytrip.com/en/transfers/camecuaro-lake-mx,https://raw.githubusercontent.com/kubaivanov/pictures/main/pinterest/camecuaro-lake--mexico--pinterest-pin.png,Camecuaro Lake,Camecuaro Lake,Mexico,19.90319426456157,-102.20973701639404,"With its vibrant colors and rich vegetation, this unique ecosystem feels like it's been pulled from a fairytale.",active,Mexico,North America
6395183120,Ex Convento de Tecali,destination,https://daytrip.com/en/transfers/ex-convento-de-tecali-mx,https://raw.githubusercontent.com/kubaivanov/pictures/main/pinterest/ex-convento-de-tecali--mexico--pinterest-pin.png,Ex Convento de Tecali,Ex Convento de Tecali,Mexico,18.8993149,-97.9678194,"Though partly ruined, this former convent is still a precious example of early colonial architecture.",active,Mexico,North America
6395183121,Cenote Chaak Tun,destination,https://daytrip.com/en/transfers/cenote-chaak-tun-mx,https://raw.githubusercontent.com/kubaivanov/pictures/main/pinterest/cenote-chaak-tun--mexico--pinterest-pin.png,Cenote Chaak Tun,Cenote Chaak Tun,Mexico,20.6523162,-87.12565579999999,Sunlight and trees pour into a small hole in the heart of this stunning underground cenote ornamented by beautiful cave formations.,active,Mexico,North America
6395183122,San Carlos Nuevo Guaymas,destination,https://daytrip.com/en/transfers/san-carlos-nuevo-guaymas-mx,https://raw.githubusercontent.com/kubaivanov/pictures/main/pinterest/san-carlos-nuevo-guaymas--mexico--pinterest-pin.png,San Carlos Nuevo Guaymas,San Carlos Nuevo Guaymas,Mexico,27.9617875,-111.0370989,"This city on the stunning coast of Sonora beckons with its unrivaled natural beauty, captured in several Hollywood films, and presents an array of captivating activities for the adventurous traveler.",active,Mexico,North America
6395183126,Calakmul,destination,https://daytrip.com/en/transfers/calakmul-mx,https://raw.githubusercontent.com/kubaivanov/pictures/main/pinterest/calakmul--mexico--pinterest-pin.png,Calakmul,Calakmul,Mexico,18.109724208526718,-89.804778478543085,"This UNESCO World Heritage Site preserves one of the most powerful Mayan cities, and one of the world's most important biological hotspots.",active,Mexico,North America
6395183128,Cananea,destination,https://daytrip.com/en/transfers/cananea-mx,https://raw.githubusercontent.com/kubaivanov/pictures/main/pinterest/cananea--mexico--pinterest-pin.png,Cananea,Cananea,Mexico,30.9897648,-110.289179,"Standing as a remarkable testament to industry in the heart of Sonora, this city is steeped in the rich legacy of mining in the rugged terrain of the Sierra Madre Occidental.",active,Mexico,North America
6395183130,Bustamante,destination,https://daytrip.com/en/transfers/bustamante-mx,https://raw.githubusercontent.com/kubaivanov/pictures/main/pinterest/bustamante--mexico--pinterest-pin.png,Bustamante nuevo leon,Bustamante,Mexico,26.5343082,-100.5055369,"Experience small-town Mexico in this perfect city escape, rich with natural springs, lagoons and festivities.",active,Mexico,North America
6395183131,Mexican Turtle Center,destination,https://daytrip.com/en/transfers/mexican-turtle-center-mx,https://raw.githubusercontent.com/kubaivanov/pictures/main/pinterest/mexican-turtle-center--mexico--pinterest-pin.png,"Mexican Turtle Center, mazunte",Mexican Turtle Center,Mexico,15.665766353429985,-96.551729002624512,Learn all about Mexico's native turtles at this beachside conservation center.,active,Mexico,North America
6395183132,Bellavista,destination,https://daytrip.com/en/transfers/bellavista-mx,https://raw.githubusercontent.com/kubaivanov/pictures/main/pinterest/bellavista--mexico--pinterest-pin.png,Bellavista nayarit,Bellavista,Mexico,21.5633863,-104.8819489,"This factory is not just an archaeological site, but a testament to the storied industrial history of modern Mexico.",active,Mexico,North America
6395183136,Bucerias,destination,https://daytrip.com/en/transfers/bucerias-mx,https://raw.githubusercontent.com/kubaivanov/pictures/main/pinterest/bucerias--mexico--pinterest-pin.png,,Bucerias,Mexico,20.7568197,-105.3336087,"A charming beach resort town located on the picturesque Pacific coast of Mexico's Riviera Nayarit offers an intoxicating blend of sun, sand and culture.",active,Mexico,North America
6395183139,Chiapa de Corzo,destination,https://daytrip.com/en/transfers/chiapa-de-corzo-mx,https://raw.githubusercontent.com/kubaivanov/pictures/main/pinterest/chiapa-de-corzo--mexico--pinterest-pin.png,chiapa de corzo mex,Chiapa de Corzo,Mexico,16.7021616,-93.0081378,"From some of the oldest vestiges of Mesoamerican culture to charming Spanish architecture, this Pueblo Magico harmoniously combines indigenous and colonial heritage.",active,Mexico,North America
6395183141,Angangueo,destination,https://daytrip.com/en/transfers/angangueo-mx,https://raw.githubusercontent.com/kubaivanov/pictures/main/pinterest/angangueo--mexico--pinterest-pin.png,Angangueo,Angangueo,Mexico,19.6196444,-100.2835336,"From butterflies to grand cathedrals, Angangueo one of the best-kept secrets of Central Mexico.",active,Mexico,North America
6395183143,Ciudad del Carmen,destination,https://daytrip.com/en/transfers/ciudad-del-carmen-mx,https://raw.githubusercontent.com/kubaivanov/pictures/main/pinterest/ciudad-del-carmen--mexico--pinterest-pin.png,Ciudad del Carmen,Ciudad del Carmen,Mexico,18.6504879,-91.80745859999999,"Once a pirate base, this island city offers beautiful beaches, fresh seafood, and colonial-era architecture.",active,Mexico,North America
6395183144,Cenote Hubiku,destination,https://daytrip.com/en/transfers/cenote-hubiku-mx,https://raw.githubusercontent.com/kubaivanov/pictures/main/pinterest/cenote-hubiku--mexico--pinterest-pin.png,Cenote Hubiku,Cenote Hubiku,Mexico,20.8182987,-88.1729025,This circular swimming hole in a moss-covered cavern is a marvelous natural swimming pool.,active,Mexico,North America
6395183145,Xilitla,destination,https://daytrip.com/en/transfers/xilitla-mx,https://raw.githubusercontent.com/kubaivanov/pictures/main/pinterest/xilitla--mexico--pinterest-pin.png,Xilitla,Xilitla,Mexico,21.3841719,-98.9921748,A surrealist garden blooms in the rainforest surrounding this charmingly ramshackle town.,active,Mexico,North America
6395183149,Ciudad Tula,destination,https://daytrip.com/en/transfers/ciudad-tula-mx,https://raw.githubusercontent.com/kubaivanov/pictures/main/pinterest/ciudad-tula--mexico--pinterest-pin.png,Ciudad Tula,Ciudad Tula,Mexico,22.9906564,-99.7204805,The oldest city in the state and certified Pueblo Mágico offers an enchanting glimpse into the past and fusion of different cultures within Mexico.,active,Mexico,North America
6395183151,Zamora,destination,https://daytrip.com/en/transfers/zamora-mx,https://raw.githubusercontent.com/kubaivanov/pictures/main/pinterest/zamora--mexico--pinterest-pin.png,"Zamora, mexico",Zamora,Mexico,19.9901766,-102.2834075,This charming city grew from fertile swampland.,active,Mexico,North America
6395183154,Alamos,destination,https://daytrip.com/en/transfers/alamos-mx,https://raw.githubusercontent.com/kubaivanov/pictures/main/pinterest/alamos--mexico--pinterest-pin.png,Alamos sonora,Alamos,Mexico,27.0254869,-108.941309,"Nestled in the heart of the Mexican state of Sonora, this ""pueblo magico"" beckons you with its enchanting blend of history, culture, and natural beauty.",active,Mexico,North America
6395183155,Aguascalientes,destination,https://daytrip.com/en/transfers/aguascalientes-mx,https://raw.githubusercontent.com/kubaivanov/pictures/main/pinterest/aguascalientes--mexico--pinterest-pin.png,Aguascalientes,Aguascalientes,Mexico,21.8852562,-102.2915677,This thriving industrial city littered with lush green spaces and brilliantly colored architectural gems.,active,Mexico,North America
6395183157,Playa del Carmen,destination,https://daytrip.com/en/transfers/playa-del-carmen-mx,https://raw.githubusercontent.com/kubaivanov/pictures/main/pinterest/playa-del-carmen--mexico--pinterest-pin.png,Playa de Carmen,Playa del Carmen,Mexico,20.6295586,-87.0738851,"Adorned with white sand beaches, turquoise waters, and thick, green forests, Playa del Carmen makes for the perfect spot to rest along the Caribbean coast.",active,Mexico,North America
6395183158,Culiacan,destination,https://daytrip.com/en/transfers/culiacan-mx,https://raw.githubusercontent.com/kubaivanov/pictures/main/pinterest/culiacan--mexico--pinterest-pin.png,Culiacan,Culiacan,Mexico,24.8090649,-107.3940117,"The capital and largest city of Sinaloa in northwestern Mexico serves as a vibrant hub of cultural attractions, natural beauty and artistic expression.",active,Mexico,North America
6395183160,Hierve el Agua,destination,https://daytrip.com/en/transfers/hierve-el-agua-mx,https://raw.githubusercontent.com/kubaivanov/pictures/main/pinterest/hierve-el-agua--mexico--pinterest-pin.png,Hierve el Agua,Hierve el Agua,Mexico,16.868384199065908,-96.276333729499811,"Mineral water from two springs has formed an unusual ""waterfall"" is basically a giant stalactite.",active,Mexico,North America
6395183163,Parras de la Fuente,destination,https://daytrip.com/en/transfers/parras-de-la-fuente-mx,https://raw.githubusercontent.com/kubaivanov/pictures/main/pinterest/parras-de-la-fuente--mexico--pinterest-pin.png,Parras de la Fuente,Parras de la Fuente,Mexico,25.4492883,-102.1747077,The cradle of Mexican wine sits in the middle of the desert of Coahuila and is a haven in the midst of aridity.,active,Mexico,North America
6395183164,Orizaba,destination,https://daytrip.com/en/transfers/orizaba-mx,https://raw.githubusercontent.com/kubaivanov/pictures/main/pinterest/orizaba--mexico--pinterest-pin.png,Orizaba,Orizaba,Mexico,18.8504744,-97.1036396,"Situated in the fertile Pico de Orizaba valley at the confluence of two rivers, this colonial town is the perfect blend of natural and man-made beauty.",active,Mexico,North America
6395183165,Xalapa,destination,https://daytrip.com/en/transfers/xalapa-mx,https://raw.githubusercontent.com/kubaivanov/pictures/main/pinterest/xalapa--mexico--pinterest-pin.png,Xalapa,Xalapa,Mexico,19.5437751,-96.91018059999999,"The home of the jalapeño pepper is a city of immense culture and education, well-kept parks, colonial architecture, and amazing coffee,",active,Mexico,North America
6395183167,Cancun,destination,https://daytrip.com/en/transfers/cancun-mx,https://raw.githubusercontent.com/kubaivanov/pictures/main/pinterest/cancun--mexico--pinterest-pin.png,Cancun,Cancun,Mexico,21.107096,-86.839315,"The crown of the Riviera Maya recognized as a world-class destination by the UNWTO, Cancun has everything you could ever need for your luxury beach getaway.",active,Mexico,North America
6395183168,El Quelite,destination,https://daytrip.com/en/transfers/el-quelite-mx,https://raw.githubusercontent.com/kubaivanov/pictures/main/pinterest/el-quelite--mexico--pinterest-pin.png,El Quelite,El Quelite,Mexico,23.560211,-106.469134,"This popular destination just 25 miles from Mazatlan is a visual delight, with quaint handicraft shops and panoramic views of the landscape.",active,Mexico,North America
6395183169,Taxco,destination,https://daytrip.com/en/transfers/taxco-mx,https://raw.githubusercontent.com/kubaivanov/pictures/main/pinterest/taxco--mexico--pinterest-pin.png,Taxco,Taxco,Mexico,18.5565468,-99.605120599999992,This charming colonial town is famed for both its intricate architecture and skilled silversmiths.,active,Mexico,North America
6395183171,Huasca de Ocampo,destination,https://daytrip.com/en/transfers/huasca-de-ocampo-mx,https://raw.githubusercontent.com/kubaivanov/pictures/main/pinterest/huasca-de-ocampo--mexico--pinterest-pin.png,Huasca de Ocampo,Huasca de Ocampo,Mexico,20.2040455,-98.5754259,"Established by the richest man in the world, this ""Pueblo Mágico"" oozes Old World charm.",active,Mexico,North America
6395183175,Puebla,destination,https://daytrip.com/en/transfers/puebla-mx,https://raw.githubusercontent.com/kubaivanov/pictures/main/pinterest/puebla--mexico--pinterest-pin.png,Puebla,Puebla,Mexico,19.0414398,-98.2062727,This vibrant UNESCO World Heritage Site literally began as a dream.,active,Mexico,North America
6395183177,Cenote Yokdzonot,destination,https://daytrip.com/en/transfers/cenote-yokdzonot-mx,https://raw.githubusercontent.com/kubaivanov/pictures/main/pinterest/cenote-yokdzonot--mexico--pinterest-pin.png,Cenote Yokdzonot,Cenote Yokdzonot,Mexico,20.7070172,-88.730945699999992,Roots and vines from the verdant jungle hang into the brilliant blue waters of this sinkhole.,active,Mexico,North America
6395183178,Two Eyes Cenote,destination,https://daytrip.com/en/transfers/two-eyes-cenote-mx,https://raw.githubusercontent.com/kubaivanov/pictures/main/pinterest/two-eyes-cenote--mexico--pinterest-pin.png,Cenotes Dos Ojos,Two Eyes Cenote,Mexico,20.3247026,-87.391311899999991,These pools of impossibly clear water are the gateway to one of the world's longest underwater cave systems.,active,Mexico,North America
6395183180,Tehuacan,destination,https://daytrip.com/en/transfers/tehuacan-mx,https://raw.githubusercontent.com/kubaivanov/pictures/main/pinterest/tehuacan--mexico--pinterest-pin.png,Tehuacan,Tehuacan,Mexico,18.4665063,-97.400380099999992,This bustling city lies in the heart of a UNESCO-listed landscape that is one of the most culturally and naturally significant in the Americas.,active,Mexico,North America
6395183181,Coatepec,destination,https://daytrip.com/en/transfers/coatepec-mx,https://raw.githubusercontent.com/kubaivanov/pictures/main/pinterest/coatepec--mexico--pinterest-pin.png,Coatepec,Coatepec,Mexico,19.451938,-96.9594511,This Magical Town is famed for its coffee and colorful Colonial Architecture.,active,Mexico,North America
6395183184,Cascada de la Tzararacua,destination,https://daytrip.com/en/transfers/cascada-de-la-tzararacua-mx,https://raw.githubusercontent.com/kubaivanov/pictures/main/pinterest/cascada-de-la-tzararacua--mexico--pinterest-pin.png,Cascada de la Tzararacua,Cascada de la Tzararacua,Mexico,19.3541307,-102.0717371,"Through the mist and fog, lies forty metres of biodiversity and adventure.",active,Mexico,North America
6395183185,Patzcuaro,destination,https://daytrip.com/en/transfers/patzcuaro-mx,https://raw.githubusercontent.com/kubaivanov/pictures/main/pinterest/patzcuaro--mexico--pinterest-pin.png,Patzcuaro,Patzcuaro,Mexico,19.5134546,-101.6091876,"With one of the most well-known Day of the Dead celebrations in Mexico, visitors may be surprised by how lively this lakeside locale actually is.",active,Mexico,North America
6395183186,Hacienda Panoaya,destination,https://daytrip.com/en/transfers/hacienda-panoaya-mx,https://raw.githubusercontent.com/kubaivanov/pictures/main/pinterest/hacienda-panoaya--mexico--pinterest-pin.png,Hacienda Panoaya,Hacienda Panoaya,Mexico,19.1403001,-98.7725224,See where Mexico's first famous female poet of the Spanish Golden Age lived and learned her trade.,active,Mexico,North America
6395183187,Chignahuapan,destination,https://daytrip.com/en/transfers/chignahuapan-mx,https://raw.githubusercontent.com/kubaivanov/pictures/main/pinterest/chignahuapan--mexico--pinterest-pin.png,Chignahuapan,Chignahuapan,Mexico,19.8383768,-98.0312084,"Often shrouded in mist, this vibrant Magical Town is an explosion of colorful buildings and beautiful views.",active,Mexico,North America
6395183188,Navojoa,destination,https://daytrip.com/en/transfers/navojoa-mx,https://raw.githubusercontent.com/kubaivanov/pictures/main/pinterest/navojoa--mexico--pinterest-pin.png,Navojoa,Navojoa,Mexico,27.0727573,-109.4437493,"Prepare to be captivated by a blend of history, culture, and outdoor adventures in this charming Southern Sonora city of Navojoa.",active,Mexico,North America
6395183189,San Miguel de Allende,destination,https://daytrip.com/en/transfers/san-miguel-de-allende-mx,https://raw.githubusercontent.com/kubaivanov/pictures/main/pinterest/san-miguel-de-allende--mexico--pinterest-pin.png,San Miguel de Allende,San Miguel de Allende,Mexico,20.9144491,-100.745235,"Built by a sea of change, the balance of history and beauty lives up to its status in UNESCO",active,Mexico,North America
6395183190,Tequisquiapan,destination,https://daytrip.com/en/transfers/tequisquiapan-mx,https://raw.githubusercontent.com/kubaivanov/pictures/main/pinterest/tequisquiapan--mexico--pinterest-pin.png,Tequisquiapan,Tequisquiapan,Mexico,20.529343103319892,-99.899478155664056,"Natural hot springs, elegant colonial architecture, bustling markets, and burgeoning wine industry make this magical town a popular weekend retreat.",active,Mexico,North America
6395183196,Saltillo,destination,https://daytrip.com/en/transfers/saltillo-mx,https://raw.githubusercontent.com/kubaivanov/pictures/main/pinterest/saltillo--mexico--pinterest-pin.png,,Saltillo,Mexico,25.4383234,-100.973678,"Discover the heart and soul of northern Mexico in a city that blends rich history, lively culture, and mouth-watering cuisine.",active,Mexico,North America
6395183197,Atlixco,destination,https://daytrip.com/en/transfers/atlixco-mx,https://raw.githubusercontent.com/kubaivanov/pictures/main/pinterest/atlixco--mexico--pinterest-pin.png,Atlixco,Atlixco,Mexico,18.9131227,-98.4293891,"Located at the foot of the Popocatepetl volcano, this colourful Mexican city is a postcard-perfect feast for the eyes.",active,Mexico,North America
6395183449,Valladolid,destination,https://daytrip.com/en/transfers/valladolid-mx,https://raw.githubusercontent.com/kubaivanov/pictures/main/pinterest/valladolid--mexico--pinterest-pin.png,"Valladolid, Yucatan",Valladolid,Mexico,20.68964,-88.202248799999992,"Filled with colorful colonial houses, simply wandering this laid-back city is a delight.",active,Mexico,North America
6395183450,Tepoztlan,destination,https://daytrip.com/en/transfers/tepoztlan-mx,https://raw.githubusercontent.com/kubaivanov/pictures/main/pinterest/tepoztlan--mexico--pinterest-pin.png,Tepoztlan,Tepoztlan,Mexico,18.9848015,-99.0930528,Even this mountain town's UNESCO-listed convent is overshadowed by the God's-eye view offered by Aztec temple high above.,active,Mexico,North America
6395183456,Tulum,destination,https://daytrip.com/en/transfers/tulum-mx,https://raw.githubusercontent.com/kubaivanov/pictures/main/pinterest/tulum--mexico--pinterest-pin.png,Tulum,Tulum,Mexico,20.2114185,-87.465350199999989,"At this chilled-out beach town, some of the finest stretches of sand in Mexico are watched over by the ruins of a Mayan city.",active,Mexico,North America
6395183459,Ixmiquilpan,destination,https://daytrip.com/en/transfers/ixmiquilpan-mx,https://raw.githubusercontent.com/kubaivanov/pictures/main/pinterest/ixmiquilpan--mexico--pinterest-pin.png,"Ixmiquilpan, Mexico",Ixmiquilpan,Mexico,20.4831412,-99.217117399999992,The heart of this historic city is a church the walls are covered with forbidden indigenous murals in one of the New World's strangest cultural overlaps.,active,Mexico,North America
6395183462,Boca de Tunel Adventure Park,destination,https://daytrip.com/en/transfers/boca-de-tunel-adventure-park-mx,https://raw.githubusercontent.com/kubaivanov/pictures/main/pinterest/boca-de-tunel-adventure-park--mexico--pinterest-pin.png,Boca de Tunel Adventure Park,Boca de Tunel Adventure Park,Mexico,22.235452,-102.4437681,An exhilarating destination for lovers of ecotourism and adventure invites you to discover its awe-inspiring landscapes and thrilling activities.,active,Mexico,North America
6395183463,Linares,destination,https://daytrip.com/en/transfers/linares-mx,https://raw.githubusercontent.com/kubaivanov/pictures/main/pinterest/linares--mexico--pinterest-pin.png,Linares mexico,Linares,Mexico,24.8639494,-99.56178469999999,"Nestled in the agricultural orange belt region of Nuevo León, Linares is a certified ""pueblo mágico"" or ""magical city"" full of colonial architecture and artwork.",active,Mexico,North America
6395183464,Oaxaca de Juarez,destination,https://daytrip.com/en/transfers/oaxaca-de-juarez-mx,https://raw.githubusercontent.com/kubaivanov/pictures/main/pinterest/oaxaca-de-juarez--mexico--pinterest-pin.png,Oaxaca,Oaxaca de Juarez,Mexico,17.0731842,-96.7265889,"The UNESCO-listed heart of this vibrant city is filled with beautiful, earthquake-proofed colonial-era buildings, including perhaps the most lavish church in the New World.",active,Mexico,North America
6395183465,Chikin Ha,destination,https://daytrip.com/en/transfers/chikin-ha-mx,https://raw.githubusercontent.com/kubaivanov/pictures/main/pinterest/chikin-ha--mexico--pinterest-pin.png,Chikin Ha,Chikin Ha,Mexico,20.499236,-87.26026,"Three beautiful cenotes allow visitors to swim in and under the lush tropical forest, and partake in a Mayan ritual.",active,Mexico,North America
6395183466,Puerto Penasco,destination,https://daytrip.com/en/transfers/puerto-penasco-mx,https://raw.githubusercontent.com/kubaivanov/pictures/main/pinterest/puerto-penasco--mexico--pinterest-pin.png,Puerto Penasco,Puerto Penasco,Mexico,31.3268218,-113.5311843,"Nestled on the northern shores of the Sea of Cortez, this city, affectionately called ""Rocky Point,"" is a mesmerizing jewel on the Mexican coast.",active,Mexico,North America
6395183472,Ciudad Guzman,destination,https://daytrip.com/en/transfers/ciudad-guzman-mx,https://raw.githubusercontent.com/kubaivanov/pictures/main/pinterest/ciudad-guzman--mexico--pinterest-pin.png,Ciudad Guzman,Ciudad Guzman,Mexico,19.7050171,-103.4685183,"Tucked in a valley protected by rugged hills and situated near the foot of a fiery volcano, this beautiful and lively city is waiting to be discovered.",active,Mexico,North America
6395183473,Torreon,destination,https://daytrip.com/en/transfers/torreon-mx,https://raw.githubusercontent.com/kubaivanov/pictures/main/pinterest/torreon--mexico--pinterest-pin.png,Torreon,Torreon,Mexico,25.5428443,-103.4067861,This city is famed for its towering guardian which protects inhabitants and serves great religious significance,active,Mexico,North America
6395183476,Ranau,destination,https://daytrip.com/en/transfers/ranau-my,https://raw.githubusercontent.com/kubaivanov/pictures/main/pinterest/ranau--malaysia--pinterest-pin.png,Ranau,Ranau,Malaysia,5.953561,116.6639501,"This town in the West Coast of Sabah is renowned for its hilly terrain and picturesque landscapes, while also memorializing a dark chapter of history.",active,Malaysia,Asia
6395183477,Kota Kinabalu,destination,https://daytrip.com/en/transfers/kota-kinabalu-my,https://raw.githubusercontent.com/kubaivanov/pictures/main/pinterest/kota-kinabalu--malaysia--pinterest-pin.png,Kota Kinabalu,Kota Kinabalu,Malaysia,5.980408,116.0734568,"While many just pass through Borneo's liveliest city, it's the place to be for visitors wanting to experience the island like a local.",active,Malaysia,Asia
6395183478,Lawas,destination,https://daytrip.com/en/transfers/lawas-my,https://raw.githubusercontent.com/kubaivanov/pictures/main/pinterest/lawas--malaysia--pinterest-pin.png,Lawas,Lawas,Malaysia,4.8612565,115.406759,"This small frontier town nestled between the Temburong district of Brunei and Malaysia's Sabah state is a passing point for travelers and has a quaint, distinctive character.",active,Malaysia,Asia
6395183479,Sibu,destination,https://daytrip.com/en/transfers/sibu-my,https://raw.githubusercontent.com/kubaivanov/pictures/main/pinterest/sibu--malaysia--pinterest-pin.png,"Sibu, Malaysia",Sibu,Malaysia,2.287284,111.830535,This predominantly Chinese city is famous in Malaysia for having the country's largest market.,active,Malaysia,Asia
6395183480,Malacca,destination,https://daytrip.com/en/transfers/malacca-my,https://raw.githubusercontent.com/kubaivanov/pictures/main/pinterest/malacca--malaysia--pinterest-pin.png,"Malacca, Malaysia",Malacca,Malaysia,2.189594,102.2500868,This UNESCO-listed city is a melting pot of cultures amidst a jumble of historic colonial architecture.,active,Malaysia,Asia
6395183481,Tenom,destination,https://daytrip.com/en/transfers/tenom-my,https://raw.githubusercontent.com/kubaivanov/pictures/main/pinterest/tenom--malaysia--pinterest-pin.png,Tenom,Tenom,Malaysia,5.1247314,115.9444858,"The capital of the Tenom District in Sabah buzzes with agricultural production, from coffee to tobacco, and offers unique experiences in trains and paddy fields.",active,Malaysia,Asia
6395183482,Batu Caves,destination,https://daytrip.com/en/transfers/batu-caves-my,https://raw.githubusercontent.com/kubaivanov/pictures/main/pinterest/batu-caves--malaysia--pinterest-pin.png,"Gombak, 68100 Batu Caves, Selangor, Malaysia",Batu Caves,Malaysia,3.2371988503961431,101.68326602380375,This series of impressive cave temples is watched over by a giant golden statue of the Hindu god Lord Murugan.,active,Malaysia,Asia
6395183483,Kuantan,destination,https://daytrip.com/en/transfers/kuantan-my,https://raw.githubusercontent.com/kubaivanov/pictures/main/pinterest/kuantan--malaysia--pinterest-pin.png,Kuantan,Kuantan,Malaysia,3.8106609854009976,103.33004608124998,"Malaysia's second biggest port doesn't get too many tourists, meaning it gives visitors an authentic cultural experience.",active,Malaysia,Asia
6395183484,Bintulu,destination,https://daytrip.com/en/transfers/bintulu-my,https://raw.githubusercontent.com/kubaivanov/pictures/main/pinterest/bintulu--malaysia--pinterest-pin.png,Bintulu,Bintulu,Malaysia,3.171322,113.0419069,"Originally a small fishing village, this charming coastal town has grown into the capital of the Bintulu District and gained recognition as a laid-back industrial hub.",active,Malaysia,Asia
6395183485,Kuala Lumpur,destination,https://daytrip.com/en/transfers/kuala-lumpur-my,https://raw.githubusercontent.com/kubaivanov/pictures/main/pinterest/kuala-lumpur--malaysia--pinterest-pin.png,"Kuala Lumpur, Federal Territory of Kuala Lumpur, Malaysia",Kuala Lumpur,Malaysia,3.1354035135678915,101.69509474609367,"Malaysia's capital is a vibrant mix of cultures, ambition, and tradition, where street food is king.",active,Malaysia,Asia
6395183486,Miri,destination,https://daytrip.com/en/transfers/miri-my,https://raw.githubusercontent.com/kubaivanov/pictures/main/pinterest/miri--malaysia--pinterest-pin.png,miri,Miri,Malaysia,4.399493,113.9913832,"This coastal city is a bustling hub and gateway to explore the region's national parks, UNESCO-listed caves, and stunning coastlines.",active,Malaysia,Asia
6395183487,Johor Bahru,destination,https://daytrip.com/en/transfers/johor-bahru-my,https://raw.githubusercontent.com/kubaivanov/pictures/main/pinterest/johor-bahru--malaysia--pinterest-pin.png,"Johor Bahru, Johor, Malaysia",Johor Bahru,Malaysia,1.492659,103.7413591,"The last Malaysian city before Singapore, this proud border town offers history and tradition for those who take the time to look.",active,Malaysia,Asia
6395183488,Kundasang,destination,https://daytrip.com/en/transfers/kundasang-my,https://raw.githubusercontent.com/kubaivanov/pictures/main/pinterest/kundasang--malaysia--pinterest-pin.png,Kundasang,Kundasang,Malaysia,5.986033,116.5783072,"Nestled within the Crocker Range in Sabah, this picturesque hill station is the highest settlement in Malaysia and is known for its beautiful mountainous terrain.",active,Malaysia,Asia
6395183489,Granada,destination,https://daytrip.com/en/transfers/granada-ni,https://raw.githubusercontent.com/kubaivanov/pictures/main/pinterest/granada--nicaragua--pinterest-pin.png,Granada Nicaragua,Granada,Nicaragua,11.9344073,-85.9560005,"One of the oldest European settlements in the Americas, this historic city is the most picturesque in the country.",active,Nicaragua,North America
6395183490,Masaya Volcano,destination,https://daytrip.com/en/transfers/masaya-volcano-ni,https://raw.githubusercontent.com/kubaivanov/pictures/main/pinterest/masaya-volcano--nicaragua--pinterest-pin.png,Masaya Volcano,Masaya Volcano,Nicaragua,11.986831049324913,-86.166326464062479,From the rim of this volcano you can stare into a lava-filled crater.,active,Nicaragua,North America
6395183491,León,destination,https://daytrip.com/en/transfers/leon-ni,https://raw.githubusercontent.com/kubaivanov/pictures/main/pinterest/leon--nicaragua--pinterest-pin.png,Leon Nicaragua,León,Nicaragua,12.4315534,-86.872214599999992,The students of Nicaragua's intellectual capital who led the revolution that gave birth to modern Nicaragua.,active,Nicaragua,North America
6395183492,Chinandega,destination,https://daytrip.com/en/transfers/chinandega-ni,https://raw.githubusercontent.com/kubaivanov/pictures/main/pinterest/chinandega--nicaragua--pinterest-pin.png,Chinandega,Chinandega,Nicaragua,12.6234721,-87.1273253,"Hot, humid, and backed by Nicaragua's tallest volcano, this agricultural city still offers visitors a look at its pre-Columbian and colonial past.",active,Nicaragua,North America
6395183493,Matagalpa,destination,https://daytrip.com/en/transfers/matagalpa-ni,https://raw.githubusercontent.com/kubaivanov/pictures/main/pinterest/matagalpa--nicaragua--pinterest-pin.png,Matagalpa,Matagalpa,Nicaragua,12.9290069,-85.9151211,"Nestled in the mountains, this constantly cool city is Nicaragua's coffee capital.",active,Nicaragua,North America
6395183494,Nijmegen,destination,https://daytrip.com/en/transfers/nijmegen-nl,https://raw.githubusercontent.com/kubaivanov/pictures/main/pinterest/nijmegen--netherlands--pinterest-pin.png,"Nijmegen, Netherlands",Nijmegen,Netherlands,51.8125626,5.8372264,"The oldest city in the Netherlands was made for walking - from its historic quarter to boat-watching, to the world's largest multi-day walking event.",active,Netherlands,Europe
6395183495,Leiden,destination,https://daytrip.com/en/transfers/leiden-nl,https://raw.githubusercontent.com/kubaivanov/pictures/main/pinterest/leiden--netherlands--pinterest-pin.png,"Leiden, Netherlands",Leiden,Netherlands,52.1601144,4.4970097,"Home to the country's oldest University, this picturesque, canal-lined city has ties to Rembrandt, Einstein, and the Pilgrims.",active,Netherlands,Europe
6395183496,Venlo,destination,https://daytrip.com/en/transfers/venlo-nl,https://raw.githubusercontent.com/kubaivanov/pictures/main/pinterest/venlo--netherlands--pinterest-pin.png,"Venlo, Netherlands",Venlo,Netherlands,51.3703748,6.1724030999999986,"This medieval city's car-free city center is an award-winning mix of green spaces, open squares, and historic monuments.",active,Netherlands,Europe
6395183497,Gouda,destination,https://daytrip.com/en/transfers/gouda-nl,https://raw.githubusercontent.com/kubaivanov/pictures/main/pinterest/gouda--netherlands--pinterest-pin.png,"Gouda, Netherlands",Gouda,Netherlands,52.0115205,4.7104633,"This charming medieval city has plenty of historic heritage, such as its UNESCO-listed church, to serve with its world-famous cheese.",active,Netherlands,Europe
6395183499,Kinderdijk,destination,https://daytrip.com/en/transfers/kinderdijk-nl,https://raw.githubusercontent.com/kubaivanov/pictures/main/pinterest/kinderdijk--netherlands--pinterest-pin.png,"2961 Kinderdijk, Netherlands",Kinderdijk,Netherlands,51.8837436,4.6330916,This UNESCO World Heritage Site is a testament to human ingenuity and a distinctive part of Dutch culture.,active,Netherlands,Europe
6395183500,Creil,destination,https://daytrip.com/en/transfers/creil-nl,https://raw.githubusercontent.com/kubaivanov/pictures/main/pinterest/creil--netherlands--pinterest-pin.png,Creil netherladns,Creil,Netherlands,52.763467,5.6592099,"Creil is one of Flevoland's ten ""green villages"" that emerged from the polders, or land reclamation projects, in 1953. It now flourishes with tulip fields.",active,Netherlands,Europe
6395183501,Amersfoort,destination,https://daytrip.com/en/transfers/amersfoort-nl,https://raw.githubusercontent.com/kubaivanov/pictures/main/pinterest/amersfoort--netherlands--pinterest-pin.png,Amersfoort,Amersfoort,Netherlands,52.1561113,5.3878265999999986,The birthplace of Piet Mondrian is a photogenic city of historic buildings and quiet canals.,active,Netherlands,Europe
6395183503,Amsterdam,destination,https://daytrip.com/en/transfers/amsterdam-nl,https://raw.githubusercontent.com/kubaivanov/pictures/main/pinterest/amsterdam--netherlands--pinterest-pin.png,"Amsterdam, Netherlands",Amsterdam,Netherlands,52.3702157,4.8951679000000006,"A UNESCO World Heritage Site founded at the mouth of the Amstel River, famous for its network of picturesque canals.",active,Netherlands,Europe
6395183504,Groningen,destination,https://daytrip.com/en/transfers/groningen-nl,https://raw.githubusercontent.com/kubaivanov/pictures/main/pinterest/groningen--netherlands--pinterest-pin.png,"Groningen, Netherlands",Groningen,Netherlands,53.2193835,6.5665017,This medieval trade-town celebrates both its rich heritage and bustling student body.,active,Netherlands,Europe
6395183505,Utrecht,destination,https://daytrip.com/en/transfers/utrecht-nl,https://raw.githubusercontent.com/kubaivanov/pictures/main/pinterest/utrecht--netherlands--pinterest-pin.png,"Utrecht, Netherlands",Utrecht,Netherlands,52.090737399999988,5.1214201,The canals in this ancient Dutch city were voted the most beautiful in Europe.,active,Netherlands,Europe
6395183506,Espel,destination,https://daytrip.com/en/transfers/espel-nl,https://raw.githubusercontent.com/kubaivanov/pictures/main/pinterest/espel--netherlands--pinterest-pin.png,Espel netherlands,Espel,Netherlands,52.724601,5.6419913,"Espel is a planned ""green village"" built on artificial land where you can cycle or walk through the vibrant tulip fields in the spring.",active,Netherlands,Europe
6395183507,Flam,destination,https://daytrip.com/en/transfers/flam-no,https://raw.githubusercontent.com/kubaivanov/pictures/main/pinterest/flam--norway--pinterest-pin.png,Flam,Flam,Norway,60.8607716,7.1117849,"Nestled in the heart of the Aurlandsfjord, Flåm is a picturesque village and one of the most popular tourist destinations in Norway due to its stunning natural beauty, full of steep mountains, breathtaking waterfalls, and a famous railway.",active,Norway,Europe
6395183508,Norheimsund,destination,https://daytrip.com/en/transfers/hardangerfjord-no,https://raw.githubusercontent.com/kubaivanov/pictures/main/pinterest/norheimsund--norway--pinterest-pin.png,Norheimsund,Norheimsund,Norway,60.3708869,6.145635,"Home to one of the most popular tourist attractions in Norway - the Seinsdalsfossen waterfall - and filled with cultural museums and gorgeous scenery, this town is a capsule of Nordic natural beauty.",active,Norway,Europe
6395183509,Stavanger,destination,https://daytrip.com/en/transfers/stavanger-no,https://raw.githubusercontent.com/kubaivanov/pictures/main/pinterest/stavanger--norway--pinterest-pin.png,Stavanger,Stavanger,Norway,58.9699756,5.7331074,Immerse yourself in the charming atmosphere of historic wharf houses along the harbor and the melodic sounds of seagulls in this city on the Stavanger Peninsula.,active,Norway,Europe
6395183510,Fagernes,destination,https://daytrip.com/en/transfers/fagernes-no,https://raw.githubusercontent.com/kubaivanov/pictures/main/pinterest/fagernes--norway--pinterest-pin.png,"Fagernes, Norway",Fagernes,Norway,60.9858348,9.2323598999999987,"Place yourself amidst the natural beauty of the Valdres region, with majestic mountain ranges and idyllic valleys winding around this quaint town.",active,Norway,Europe
6395183511,Lillehammer,destination,https://daytrip.com/en/transfers/lillehammer-no,https://raw.githubusercontent.com/kubaivanov/pictures/main/pinterest/lillehammer--norway--pinterest-pin.png,Lillehammer,Lillehammer,Norway,61.1152713,10.4662306,This captivating town in the Oppland county of Norway has been a thriving market settlement since the 14th century and is renowned for its Olympic history and cultural centers.,active,Norway,Europe
6395183512,Skjolden,destination,https://daytrip.com/en/transfers/skjolden-no,https://raw.githubusercontent.com/kubaivanov/pictures/main/pinterest/skjolden--norway--pinterest-pin.png,Skjolden,Skjolden,Norway,61.4908908,7.6002712,"This quaint village full of cabins, UNESCO World Heritage sites and extreme sports was a favorite retreat of a world famous philosopher.",active,Norway,Europe
6395183513,Tonsberg,destination,https://daytrip.com/en/transfers/tonsberg-no,https://raw.githubusercontent.com/kubaivanov/pictures/main/pinterest/tonsberg--norway--pinterest-pin.png,Tonsberg,Tonsberg,Norway,59.267569900000012,10.4075608,"On the western coast of Norway, the oldest city in the country boasts a captivating blend of historical landmarks, coastal beauty and a lively atmosphere.",active,Norway,Europe
6395183514,Fredrikstad,destination,https://daytrip.com/en/transfers/fredrikstad-no,https://raw.githubusercontent.com/kubaivanov/pictures/main/pinterest/fredrikstad--norway--pinterest-pin.png,Fredrikstad,Fredrikstad,Norway,59.220536899999992,10.9347012,"Home of the best-preserved fortress town in Scandinavia, this place has year-round summer charm",active,Norway,Europe
6395183515,Gjovik,destination,https://daytrip.com/en/transfers/gjovik-no,https://raw.githubusercontent.com/kubaivanov/pictures/main/pinterest/gjovik--norway--pinterest-pin.png,"Gjovik, Norway",Gjovik,Norway,60.790102839232766,10.68309822783203,"This quaint municipality has a vibrant atmosphere, set against the eastern shore of the largest lake in Norway and boasting several historical buildings and attractions.",active,Norway,Europe
6395183516,Bharatpur,destination,https://daytrip.com/en/transfers/bharatpur-np,https://raw.githubusercontent.com/kubaivanov/pictures/main/pinterest/bharatpur--nepal--pinterest-pin.png,"Bharatpur, Nepal",Bharatpur,Nepal,27.670626,84.4384613,This bustling metropolis is a gateway to some of the country's most iconic natural and cultural treasures.,active,Nepal,Asia
6395183517,New Plymouth,destination,https://daytrip.com/en/transfers/new-plymouth-nz,https://raw.githubusercontent.com/kubaivanov/pictures/main/pinterest/new-plymouth--new-zealand--pinterest-pin.png,New Plymouth,New Plymouth,New Zealand,-39.0556253,174.0752278,"This award-winning city is not only a major economic hub, but also hosts beautiful botanical gardens, and natural attractions.",active,New Zealand,Oceania
6395183518,Rotorua,destination,https://daytrip.com/en/transfers/rotorua-nz,https://raw.githubusercontent.com/kubaivanov/pictures/main/pinterest/rotorua--new-zealand--pinterest-pin.png,Rotorua,Rotorua,New Zealand,-38.1368478,176.2497461,"Known colloquially as ""Roto-vegas"", this geothermal wonderland has been designated a spa town since 1883",active,New Zealand,Oceania
6395183519,Taupo,destination,https://daytrip.com/en/transfers/taupo-nz,https://raw.githubusercontent.com/kubaivanov/pictures/main/pinterest/taupo--new-zealand--pinterest-pin.png,Taupo,Taupo,New Zealand,-38.6856924,176.0702098,"Located on the edge of Ociania's second-largest lake, which is actually a supermassive volcano, this quiet town is filled with adrenaline-inducing activities.",active,New Zealand,Oceania
6395183520,Timaru,destination,https://daytrip.com/en/transfers/timaru-nz,https://raw.githubusercontent.com/kubaivanov/pictures/main/pinterest/timaru--new-zealand--pinterest-pin.png,Timaru,Timaru,New Zealand,-44.3969718,171.2549729,This fun seaside town offers a beautiful break from New Zealand's more demanding outdoor adventures.,active,New Zealand,Oceania
6395183521,Napier,destination,https://daytrip.com/en/transfers/napier-nz,https://raw.githubusercontent.com/kubaivanov/pictures/main/pinterest/napier--new-zealand--pinterest-pin.png,Napier,Napier,New Zealand,-39.4928444,176.9120178,Tourists flock to this UNESCO-nominated World Heritage Site known for its Art Deco architecture and picture-perfect Marine Parade.,active,New Zealand,Oceania
6395183522,Tauranga,destination,https://daytrip.com/en/transfers/tauranga-nz,https://raw.githubusercontent.com/kubaivanov/pictures/main/pinterest/tauranga--new-zealand--pinterest-pin.png,Tauranga,Tauranga,New Zealand,-37.687797499999988,176.1651295,"With a temperate climate, miles of sandy beaches, and loads of lush parks, this bustling harbour town offers endless entertainment options for the whole family.",active,New Zealand,Oceania
6395183523,Invercargill,destination,https://daytrip.com/en/transfers/invercargill-nz,https://raw.githubusercontent.com/kubaivanov/pictures/main/pinterest/invercargill--new-zealand--pinterest-pin.png,Invercargill,Invercargill,New Zealand,-46.4131866,168.3537731,"New Zealand's southernmost city not only boasts impressive architecture and beautiful coastal lines, but a fondness for wheels and vintage automobiles.",active,New Zealand,Oceania
6395183524,Tekapo,destination,https://daytrip.com/en/transfers/tekapo-nz,https://raw.githubusercontent.com/kubaivanov/pictures/main/pinterest/tekapo--new-zealand--pinterest-pin.png,Tekapo,Tekapo,New Zealand,-44.0046736,170.4771212,"Surrounded by soaring peaks, fields of wildflowers, and dense mountain forest, this vibrant lake is a delight for nature lovers.",active,New Zealand,Oceania
6395183525,Aoraki Mount Cook Village,destination,https://daytrip.com/en/transfers/aoraki-mount-cook-village-nz,https://raw.githubusercontent.com/kubaivanov/pictures/main/pinterest/aoraki-mount-cook-village--new-zealand--pinterest-pin.png,Aoraki Mount Cook Village,Aoraki Mount Cook Village,New Zealand,-43.737159000000013,170.1007463,These sky-scraping peaks are an inspiration to explorers and vista-hunters alike.,active,New Zealand,Oceania
6395183526,Auckland,destination,https://daytrip.com/en/transfers/auckland-nz,https://raw.githubusercontent.com/kubaivanov/pictures/main/pinterest/auckland--new-zealand--pinterest-pin.png,Auckland,Auckland,New Zealand,-36.8484597,174.7633315,"You'll find no shortage of attractions in New Zealand's most populous city, including stunning views and beaches galore.",active,New Zealand,Oceania
6395183527,Palmerston North,destination,https://daytrip.com/en/transfers/palmerston-north-nz,https://raw.githubusercontent.com/kubaivanov/pictures/main/pinterest/palmerston-north--new-zealand--pinterest-pin.png,Palmerston North,Palmerston North,New Zealand,-40.3523065,175.6082145,"The perfect place to sit-back-and-relax, with no shortage of lovely cafes and parks.",active,New Zealand,Oceania
6395183528,Queenstown,destination,https://daytrip.com/en/transfers/queenstown-nz,https://raw.githubusercontent.com/kubaivanov/pictures/main/pinterest/queenstown--new-zealand--pinterest-pin.png,Queenstown nz,Queenstown,New Zealand,-45.0311622,168.6626435,"Adventure, indulgence, relaxation, and beautiful sights abound in and around this lively city.",active,New Zealand,Oceania
6395183529,Dunedin,destination,https://daytrip.com/en/transfers/dunedin-nz,https://raw.githubusercontent.com/kubaivanov/pictures/main/pinterest/dunedin--new-zealand--pinterest-pin.png,Dunedin nz,Dunedin,New Zealand,-45.8787605,170.5027976,"Designed and settled by Scots, much of this city is styled after the Scottish Capital.",active,New Zealand,Oceania
6395183530,Whangarei,destination,https://daytrip.com/en/transfers/whangarei-nz,https://raw.githubusercontent.com/kubaivanov/pictures/main/pinterest/whangarei--new-zealand--pinterest-pin.png,Whangarei,Whangarei,New Zealand,-35.7251117,174.323708,The northernmost city in New Zealand's Winterless North is a lively arts and yachting hub surrounded by the natural beauty.,active,New Zealand,Oceania
6395183531,Coromandel,destination,https://daytrip.com/en/transfers/coromandel-nz,https://raw.githubusercontent.com/kubaivanov/pictures/main/pinterest/coromandel--new-zealand--pinterest-pin.png,Coromandel,Coromandel,New Zealand,-36.761287,175.4981278,"A town known for history, art, mining museums, and as a base for local exploration of the incredible beaches nearby",active,New Zealand,Oceania
6395183532,Matamata,destination,https://daytrip.com/en/transfers/matamata-nz,https://raw.githubusercontent.com/kubaivanov/pictures/main/pinterest/matamata--new-zealand--pinterest-pin.png,"The Shire's Rest, 501 Buckland Rd, Hinuera, Matamata.",Matamata,New Zealand,-37.872152799999988,175.6829222,This sleepy town is famous to fantasy fans around the world as the home of the Hobbiton movie set.,active,New Zealand,Oceania
6395183533,Kerikeri,destination,https://daytrip.com/en/transfers/kerikeri-nz,https://raw.githubusercontent.com/kubaivanov/pictures/main/pinterest/kerikeri--new-zealand--pinterest-pin.png,Kerikeri,Kerikeri,New Zealand,-35.2286099,173.9477921,Northland's largest town has a rich history and is home to New Zealand's oldest buildings,active,New Zealand,Oceania
6395183534,Hamilton,destination,https://daytrip.com/en/transfers/hamilton-nz,https://raw.githubusercontent.com/kubaivanov/pictures/main/pinterest/hamilton--new-zealand--pinterest-pin.png,"Hamilton, New Zealand",Hamilton,New Zealand,-37.7870012,175.279253,This vibrant city sits on the banks of the Majestic Waikato River and offers the perfect blend of tranquility and city life,active,New Zealand,Oceania
6395183535,Fox Glacier,destination,https://daytrip.com/en/transfers/fox-glacier-nz,https://raw.githubusercontent.com/kubaivanov/pictures/main/pinterest/fox-glacier--new-zealand--pinterest-pin.png,Fox Glacier,Fox Glacier,New Zealand,-43.4644799,170.0175878,Visit one of the most accessible glaciers in the world.,active,New Zealand,Oceania
6395183536,Hanmer Springs,destination,https://daytrip.com/en/transfers/hanmer-springs-nz,https://raw.githubusercontent.com/kubaivanov/pictures/main/pinterest/hanmer-springs--new-zealand--pinterest-pin.png,Hanmer Springs nz,Hanmer Springs,New Zealand,-42.5262427,172.8288246,"For a combination of exhilarating outdoor activities and relaxing spa pools, you can't touch this.",active,New Zealand,Oceania
6395183537,Punakaiki,destination,https://daytrip.com/en/transfers/punakaiki-nz,https://raw.githubusercontent.com/kubaivanov/pictures/main/pinterest/punakaiki--new-zealand--pinterest-pin.png,Punakaiki,Punakaiki,New Zealand,-42.1084146,171.3363126,"Take a walk to a beautiful view point to see rare ""pancake"" rock structures that you can't find many places in the world!",active,New Zealand,Oceania
6395183538,Blenheim,destination,https://daytrip.com/en/transfers/blenheim-nz,https://raw.githubusercontent.com/kubaivanov/pictures/main/pinterest/blenheim--new-zealand--pinterest-pin.png,Blenheim nz,Blenheim,New Zealand,-41.5134425,173.9612498,"Sunshine, aviation, parks, history, and lots and lots of great wine!",active,New Zealand,Oceania
6395183539,Paihia,destination,https://daytrip.com/en/transfers/paihia-nz,https://raw.githubusercontent.com/kubaivanov/pictures/main/pinterest/paihia--new-zealand--pinterest-pin.png,Paihia,Paihia,New Zealand,-35.2806679,174.0910345,New Zealand was made a British Colony in this quiet town now better know as a base for exploring the nearby islands.,active,New Zealand,Oceania
6395183540,Waitomo,destination,https://daytrip.com/en/transfers/waitomo-nz,https://raw.githubusercontent.com/kubaivanov/pictures/main/pinterest/waitomo--new-zealand--pinterest-pin.png,Waitomo,Waitomo,New Zealand,-38.2615305,175.1145451,"You can enjoy a variety of exciting activities in this stunning cave system is filled with beautiful formations, glow worms, and an underground river.",active,New Zealand,Oceania
6395183541,Gisborne,destination,https://daytrip.com/en/transfers/gisborne-nz,https://raw.githubusercontent.com/kubaivanov/pictures/main/pinterest/gisborne--new-zealand--pinterest-pin.png,Gisborne,Gisborne,New Zealand,-38.662334,178.017649,"A haven for New Zealand surfers, this sunny city is the first city in the world to see the sun rise every day",active,New Zealand,Oceania
6395183542,Oamaru,destination,https://daytrip.com/en/transfers/oamaru-nz,https://raw.githubusercontent.com/kubaivanov/pictures/main/pinterest/oamaru--new-zealand--pinterest-pin.png,Oamaru,Oamaru,New Zealand,-45.0975118,170.9704148,"A rich heritage with proud traditions, this unique town is filled with activities for the whole family!",active,New Zealand,Oceania
6395183543,Christchurch,destination,https://daytrip.com/en/transfers/christchurch-nz,https://raw.githubusercontent.com/kubaivanov/pictures/main/pinterest/christchurch--new-zealand--pinterest-pin.png,Christchurch,Christchurch,New Zealand,-43.5320544,172.6362254,"A constant regeneration of urban life, this city seems to have a continuous rebirth, keeping locals and visitors on their toes.",active,New Zealand,Oceania
6395183544,Wellington,destination,https://daytrip.com/en/transfers/wellington-nz,https://raw.githubusercontent.com/kubaivanov/pictures/main/pinterest/wellington--new-zealand--pinterest-pin.png,Wellington,Wellington,New Zealand,-41.2864603,174.776236,"This little city by the sea is all at once hip, cosmopolitan, and culturally conscious.",active,New Zealand,Oceania
6395183545,Feilding,destination,https://daytrip.com/en/transfers/feilding-nz,https://raw.githubusercontent.com/kubaivanov/pictures/main/pinterest/feilding--new-zealand--pinterest-pin.png,Feilding,Feilding,New Zealand,-40.2253357,175.5674795,New Zealand's most beautiful town is an escape from modernity.,active,New Zealand,Oceania
6395183546,Franz Josef,destination,https://daytrip.com/en/transfers/franz-josef-nz,https://raw.githubusercontent.com/kubaivanov/pictures/main/pinterest/franz-josef--new-zealand--pinterest-pin.png,Franz Josef nz,Franz Josef,New Zealand,-43.3873293,170.1832884,Māori legend describes this as a glacier formed from the tears of a heartbroken woman,active,New Zealand,Oceania
6395183547,Nelson,destination,https://daytrip.com/en/transfers/nelson-nz,https://raw.githubusercontent.com/kubaivanov/pictures/main/pinterest/nelson--new-zealand--pinterest-pin.png,Nelson nz,Nelson,New Zealand,-41.2706319,173.2839653,"This historic, fair-weather town is alive with events, buskers, and art.",active,New Zealand,Oceania
6395183548,Rustaq,destination,https://daytrip.com/en/transfers/rustaq-om,https://raw.githubusercontent.com/kubaivanov/pictures/main/pinterest/rustaq--oman--pinterest-pin.png,Rustaq,Rustaq,Oman,23.4425277,57.434445099999991,"Once the capital of Oman, this historic town is still watched over by two of the country's finest fortifications.",active,Oman,Asia
6395183549,Qalhat,destination,https://daytrip.com/en/transfers/qalhat-om,https://raw.githubusercontent.com/kubaivanov/pictures/main/pinterest/qalhat--oman--pinterest-pin.png,Qalhat,Qalhat,Oman,22.7002864,59.3713814,This UNESCO World Heritage Site was Oman's first capital - a bustling port visited by Marco Polo.,active,Oman,Asia
6395183550,Nizwa,destination,https://daytrip.com/en/transfers/nizwa-om,https://raw.githubusercontent.com/kubaivanov/pictures/main/pinterest/nizwa--oman--pinterest-pin.png,Nizwa,Nizwa,Oman,22.9171031,57.536292,"One of the oldest settlements in Oman, this ancient town is prides itself on its connection to the introduction of Islam in the region.",active,Oman,Asia
6395183551,Santiago,destination,https://daytrip.com/en/transfers/santiago-pa,https://raw.githubusercontent.com/kubaivanov/pictures/main/pinterest/santiago--panama--pinterest-pin.png,"Santiago, Panama",Santiago,Panama,8.09648204370857,-80.9738240020996,This town's central location has made it a rural commercial center.,active,Panama,North America
6395183552,Portobelo,destination,https://daytrip.com/en/transfers/portobelo-pa,https://raw.githubusercontent.com/kubaivanov/pictures/main/pinterest/portobelo--panama--pinterest-pin.png,Portobelo,Portobelo,Panama,9.5488889,-79.6530174,"This sleepy fishing village was once the greatest Spanish port in Central America, as its UNESCO-listed fort can attest.",active,Panama,North America
6395183554,Cusco,destination,https://daytrip.com/en/transfers/cusco-pe,https://raw.githubusercontent.com/kubaivanov/pictures/main/pinterest/cusco--peru--pinterest-pin.png,Cusco,Cusco,Peru,-13.53195,-71.96746259999999,The Incan Empire's former capital is a UNESCO World Heritage Site where indigenous and colonial cultures collide.,active,Peru,South America
6395183556,Huaraz,destination,https://daytrip.com/en/transfers/huaraz-pe,https://raw.githubusercontent.com/kubaivanov/pictures/main/pinterest/huaraz--peru--pinterest-pin.png,Huaraz,Huaraz,Peru,-9.5261154,-77.5287792,This mountain town is a laid-back home-base for exploring the area's incomparable surroundings.,active,Peru,South America
6395183557,Huacachina,destination,https://daytrip.com/en/transfers/huacachina-pe,https://raw.githubusercontent.com/kubaivanov/pictures/main/pinterest/huacachina--peru--pinterest-pin.png,Huacachina,Huacachina,Peru,-14.0874587,-75.762586,"No, it's not a mirage, this town surrounds a beautiful blue lagoon in the middle of the desert!",active,Peru,South America
6395183558,Ayacucho,destination,https://daytrip.com/en/transfers/ayacucho-pe,https://raw.githubusercontent.com/kubaivanov/pictures/main/pinterest/ayacucho--peru--pinterest-pin.png,Ayacucho,Ayacucho,Peru,-13.1638737,-74.22356409999999,"Despite its cheery colonial buildings and vibrant culture, this highland city has a dark history.",active,Peru,South America
6395183559,Chivay,destination,https://daytrip.com/en/transfers/chivay-pe,https://raw.githubusercontent.com/kubaivanov/pictures/main/pinterest/chivay--peru--pinterest-pin.png,Chivay,Chivay,Peru,-15.6388455,-71.60204379999999,This quaint town at the entrance to the Colca Canyon is a picture-perfect place to explore the Colca Valley.,active,Peru,South America
6395183561,Maras Salt Mines,destination,https://daytrip.com/en/transfers/maras-salt-mines-pe,https://raw.githubusercontent.com/kubaivanov/pictures/main/pinterest/maras-salt-mines--peru--pinterest-pin.png,Maras Salt Mines,Maras Salt Mines,Peru,-13.300833728457615,-72.15192133170774,"This mountain pass has been used to produce salt for over 1,000 years.",active,Peru,South America
6395183562,Piura,destination,https://daytrip.com/en/transfers/piura-pe,https://raw.githubusercontent.com/kubaivanov/pictures/main/pinterest/piura--peru--pinterest-pin.png,Piura,Piura,Peru,-5.1782884,-80.6548882,"As one of the oldest Spanish settlements in South America, this sweltering city is a living fusion of cultures!",active,Peru,South America
6395183563,Ollantaytambo,destination,https://daytrip.com/en/transfers/ollantaytambo-pe,https://raw.githubusercontent.com/kubaivanov/pictures/main/pinterest/ollantaytambo--peru--pinterest-pin.png,Ollantaytambo,Ollantaytambo,Peru,-13.2583689,-72.2642679,The legacy of the once-mighty Incan Empire is still visible in the last bastion.,active,Peru,South America
6395183564,Trujillo,destination,https://daytrip.com/en/transfers/trujillo-pe,https://raw.githubusercontent.com/kubaivanov/pictures/main/pinterest/trujillo--peru--pinterest-pin.png,Trujillo,Trujillo,Peru,-8.1060427999999991,-79.0329727,"Peru's two-time capital boasts exceptional colonial architecture, and two of the country's best archaeological sites, including the UNESCO-listed Chan Chan.",active,Peru,South America
6395183565,Tumbes,destination,https://daytrip.com/en/transfers/tumbes-pe,https://raw.githubusercontent.com/kubaivanov/pictures/main/pinterest/tumbes--peru--pinterest-pin.png,Tumbes,Tumbes,Peru,-3.5564921,-80.4270885,"Surrounded by a nature reserve, this seaside city has a surprisingly eclectic collection of architecture.",active,Peru,South America
6395183567,Otuzco,destination,https://daytrip.com/en/transfers/otuzco-pe,https://raw.githubusercontent.com/kubaivanov/pictures/main/pinterest/otuzco--peru--pinterest-pin.png,Otuzco,Otuzco,Peru,-7.9050794,-78.5605941,"This highland city, with its narrow streets and mixed culture is the religious capital of the region, and maybe even the country.",active,Peru,South America
6395183568,Huarmey,destination,https://daytrip.com/en/transfers/huarmey-pe,https://raw.githubusercontent.com/kubaivanov/pictures/main/pinterest/huarmey--peru--pinterest-pin.png,Huarmey,Huarmey,Peru,-10.0664169,-78.1506824,"A prime destination for surfers, this sleepy village has revealed some amazing archaeological finds, from a mass human sacrifice to a ceremonial pyramid.",active,Peru,South America
6395183570,Tacna,destination,https://daytrip.com/en/transfers/tacna-pe,https://raw.githubusercontent.com/kubaivanov/pictures/main/pinterest/tacna--peru--pinterest-pin.png,Tacna,Tacna,Peru,-18.0065679,-70.2462741,This quiet city is dotted with monuments remembering its dedication to its country.,active,Peru,South America
6395183571,Chinchero,destination,https://daytrip.com/en/transfers/chinchero-pe,https://raw.githubusercontent.com/kubaivanov/pictures/main/pinterest/chinchero--peru--pinterest-pin.png,Chincheros,Chinchero,Peru,-13.3964033,-72.0514291,"This highland town is famous for its Peruvian weaving, which create a rainbow of color in its local markets.",active,Peru,South America
6395183572,Pisac,destination,https://daytrip.com/en/transfers/pisac-pe,https://raw.githubusercontent.com/kubaivanov/pictures/main/pinterest/pisac--peru--pinterest-pin.png,Pisac,Pisac,Peru,-13.4216848,-71.84823879999999,Písac captivates with terraced ruins clinging to mountain slopes and an artisan market pulsing with Andean color and craft.,active,Peru,South America
6395183573,Arequipa,destination,https://daytrip.com/en/transfers/arequipa-pe,https://raw.githubusercontent.com/kubaivanov/pictures/main/pinterest/arequipa--peru--pinterest-pin.png,Arequipa,Arequipa,Peru,-16.4090474,-71.53745099999999,"The volcano El Misti guards this ethereal city, where beautiful baroque buildings and Peruvian history blend seamlessly in its UNESCO-listed historic center.",active,Peru,South America
6395183574,Moquegua,destination,https://daytrip.com/en/transfers/moquegua-pe,https://raw.githubusercontent.com/kubaivanov/pictures/main/pinterest/moquegua--peru--pinterest-pin.png,Moquegua,Moquegua,Peru,-17.1927361,-70.932813799999991,"Sandwiched between the coast and the Andes, this quiet city is filled with authentic colonial charms.",active,Peru,South America
6395183575,Lima,destination,https://daytrip.com/en/transfers/lima-pe,https://raw.githubusercontent.com/kubaivanov/pictures/main/pinterest/lima--peru--pinterest-pin.png,Lima,Lima,Peru,-12.0463731,-77.042754,"From its UNESCO-listed historic center to the famous cultural fusion in Chinatown, Peru's capital is awash with culture.",active,Peru,South America
6395183576,Jauja,destination,https://daytrip.com/en/transfers/jauja-pe,https://raw.githubusercontent.com/kubaivanov/pictures/main/pinterest/jauja--peru--pinterest-pin.png,"Jauja, Peru",Jauja,Peru,-11.7806236,-75.4869033,"Known as ""The Land of Plenty"", this charming, laid-back town was once considered paradise and a place of wealth and abundance.",active,Peru,South America
6395183577,Huancayo,destination,https://daytrip.com/en/transfers/huancayo-pe,https://raw.githubusercontent.com/kubaivanov/pictures/main/pinterest/huancayo--peru--pinterest-pin.png,Huancayo,Huancayo,Peru,-12.0686357,-75.21029759999999,Tradition is alive and well in this bustling highland metropolis.,active,Peru,South America
6395183579,Cajamarca,destination,https://daytrip.com/en/transfers/cajamarca-pe,https://raw.githubusercontent.com/kubaivanov/pictures/main/pinterest/cajamarca--peru--pinterest-pin.png,Cajamarca,Cajamarca,Peru,-7.1617465,-78.512785499999993,This high-in-the-hills Andean city boasts a rich history as one of the final centers of the Inca Empire before its collapse.,active,Peru,South America
6395183580,Huancavelica,destination,https://daytrip.com/en/transfers/huancavelica-pe,https://raw.githubusercontent.com/kubaivanov/pictures/main/pinterest/huancavelica--peru--pinterest-pin.png,Huancavelica,Huancavelica,Peru,-12.7861978,-74.9764024,"Nestled in the central highlands of Peru amongst 4000m high mountains, this colonial city knows how to party.",active,Peru,South America
6395183581,Chiclayo,destination,https://daytrip.com/en/transfers/chiclayo-pe,https://raw.githubusercontent.com/kubaivanov/pictures/main/pinterest/chiclayo--peru--pinterest-pin.png,Chiclayo,Chiclayo,Peru,-6.7700798,-79.8549907,"Colonial architecture and indigenous culture go hand-in-hand in ""The City of Friendship"".",active,Peru,South America
6395183582,Yungay,destination,https://daytrip.com/en/transfers/yungay-pe,https://raw.githubusercontent.com/kubaivanov/pictures/main/pinterest/yungay--peru--pinterest-pin.png,Yungay,Yungay,Peru,-9.1384166,-77.7423469,Much of this town is now a cemetery honoring those who died in the greatest natural disaster in Peru's history.,active,Peru,South America
6395183583,Rainbow Mountain Pitumarca,destination,https://daytrip.com/en/transfers/rainbow-mountain-pitumarca-pe,https://raw.githubusercontent.com/kubaivanov/pictures/main/pinterest/rainbow-mountain-pitumarca--peru--pinterest-pin.png,Rainbow Mountain Pitumarca,Rainbow Mountain Pitumarca,Peru,-13.8830736,-71.2643915,A quirk of geology has created an entire mountain covered in stripes of color.,active,Peru,South America
6395183586,Angeles City,destination,https://daytrip.com/en/transfers/angeles-city-philippines-ph,https://raw.githubusercontent.com/kubaivanov/pictures/main/pinterest/angeles-city--philippines--pinterest-pin.png,"Angeles City, Phillipines",Angeles City,Philippines,15.1449853,120.5887029,The nightlife capital of the Philippines has also managed to preserve its fascinating history.,active,Philippines,Asia
6395183587,Dalaguete,destination,https://daytrip.com/en/transfers/dalaguete-ph,https://raw.githubusercontent.com/kubaivanov/pictures/main/pinterest/dalaguete--philippines--pinterest-pin.png,Dalaguete,Dalaguete,Philippines,9.7609085557701682,123.53332491237791,"Responsible for a huge portion of the region's agriculture, this mountain town is home to some interesting colonial-era monuments.",active,Philippines,Asia
6395183588,Moalboal,destination,https://daytrip.com/en/transfers/moalboal-ph,https://raw.githubusercontent.com/kubaivanov/pictures/main/pinterest/moalboal--philippines--pinterest-pin.png,Moalboal,Moalboal,Philippines,9.9556609000000016,123.4007598,"With a beautiful coral wall and world famous sardine run, this resort area has some of the best snorkelling in Cebu.",active,Philippines,Asia
6395183589,Daanbantayan,destination,https://daytrip.com/en/transfers/daanbantayan-ph,https://raw.githubusercontent.com/kubaivanov/pictures/main/pinterest/daanbantayan--philippines--pinterest-pin.png,Daanbantayan,Daanbantayan,Philippines,11.250872956738494,124.00160158400877,"Named for its anti-pirate watch tower, this sleepy beach town has the most unique church in Cebu.",active,Philippines,Asia
6395183590,Vigan,destination,https://daytrip.com/en/transfers/vigan-ph,https://raw.githubusercontent.com/kubaivanov/pictures/main/pinterest/vigan--philippines--pinterest-pin.png,Vigan,Vigan,Philippines,17.5704898,120.3873299,"With its unique Chinese-influenced architecture, this UNESCO-World Heritage Site is the best-preserved Spanish Colonial settlement in Asia.",active,Philippines,Asia
6395183591,Tuguegarao,destination,https://daytrip.com/en/transfers/tuguegarao-ph,https://raw.githubusercontent.com/kubaivanov/pictures/main/pinterest/tuguegarao--philippines--pinterest-pin.png,Tuguegarao,Tuguegarao,Philippines,17.6131813,121.7270206,This busy provincial capital is home to one of the most beautiful Colonial-era churches in the Philippines.,active,Philippines,Asia
6395183592,Nagtabon Beach,destination,https://daytrip.com/en/transfers/nagtabon-beach-ph,https://raw.githubusercontent.com/kubaivanov/pictures/main/pinterest/nagtabon-beach--philippines--pinterest-pin.png,Nagtabon Beach,Nagtabon Beach,Philippines,9.9341666999999987,118.645,This no-frills local hangout is heaven for anyone who just wants a relaxing day at the beach.,active,Philippines,Asia
6395183593,Twin Beach,destination,https://daytrip.com/en/transfers/twin-beach_palawan-ph,https://raw.githubusercontent.com/kubaivanov/pictures/main/pinterest/twin-beach--philippines--pinterest-pin.png,"Twin Beach, Philippines",Twin Beach,Philippines,11.3107429,119.4162466,These tangent tracks of sand are the perfect place to relax and soak the Philippine's natural beauty.,active,Philippines,Asia
6395183594,Argao,destination,https://daytrip.com/en/transfers/argao-ph,https://raw.githubusercontent.com/kubaivanov/pictures/main/pinterest/argao--philippines--pinterest-pin.png,Argao,Argao,Philippines,9.8791022270464737,123.60465259511716,"This quiet seaside town is famous across Cebu for its pastries, but its historic monuments are equally sweet.",active,Philippines,Asia
6395183595,Baguio,destination,https://daytrip.com/en/transfers/baguio-ph,https://raw.githubusercontent.com/kubaivanov/pictures/main/pinterest/baguio--philippines--pinterest-pin.png,Baguio,Baguio,Philippines,16.4023332,120.5960071,"High in the mountains, this former US military retreat is now the only UNESCO City of Culture in the Philippines.",active,Philippines,Asia
6395183596,Banaue,destination,https://daytrip.com/en/transfers/banaue-rice-terraces-ph,https://raw.githubusercontent.com/kubaivanov/pictures/main/pinterest/banaue--philippines--pinterest-pin.png,Banaue Rice Terraces,Banaue,Philippines,16.937255621899659,121.12533461904297,"Believed to be the world's oldest rice terraces, this UNESCO World Heritage Site is a mind-boggling example of human ingenuity.",active,Philippines,Asia
6395183597,Batangas City,destination,https://daytrip.com/en/transfers/batangas-city-ph,https://raw.githubusercontent.com/kubaivanov/pictures/main/pinterest/batangas-city--philippines--pinterest-pin.png,"Batangas City, Philippines",Batangas City,Philippines,13.7564651,121.0583076,"One of the largest ports in the Philippines, this bustling industrial city is still centered around its historic church.",active,Philippines,Asia
6395183600,Plock,destination,https://daytrip.com/en/transfers/plock-pl,https://raw.githubusercontent.com/kubaivanov/pictures/main/pinterest/plock--poland--pinterest-pin.png,"Plock, Poland",Plock,Poland,52.5463446,19.7065364,"Poland's rich history, including royal sarcophagi are preserved in this persistent Polish city.",active,Poland,Europe
6395183601,Tarnow,destination,https://daytrip.com/en/transfers/tarnow-pl,https://raw.githubusercontent.com/kubaivanov/pictures/main/pinterest/tarnow--poland--pinterest-pin.png,"33-100 Tarnow, Poland",Tarnow,Poland,50.0121011,20.9858407,An eccentric 15th century nobleman had this medieval village reconstructed to suit the style of the time.,active,Poland,Europe
6395183602,Wloclawek,destination,https://daytrip.com/en/transfers/wloclawek-pl,https://raw.githubusercontent.com/kubaivanov/pictures/main/pinterest/wloclawek--poland--pinterest-pin.png,"Wloclawek, Poland",Wloclawek,Poland,52.6483303,19.0677357,The city that gave Copernicus his early education has centuries of history to explore.,active,Poland,Europe
6395183604,Zamosc,destination,https://daytrip.com/en/transfers/zamosc-pl,https://raw.githubusercontent.com/kubaivanov/pictures/main/pinterest/zamosc--poland--pinterest-pin.png,,Zamosc,Poland,50.722415,23.251259,The tranquil and cozy town of Zamosc in Poland still retains its original fortifications and layout while the old town center is a UNESCO World Heritage Site.,active,Poland,Europe
6395183605,Przemysl,destination,https://daytrip.com/en/transfers/przemysl-pl,https://raw.githubusercontent.com/kubaivanov/pictures/main/pinterest/przemysl--poland--pinterest-pin.png,"Przemyśl, Poland",Przemysl,Poland,49.7838623,22.7677908,"Poland's second oldest city has a long history of coming in second, but has distinguished itself as the pipe capital.",active,Poland,Europe
6395183607,Wroclaw,destination,https://daytrip.com/en/transfers/wroclaw-pl,https://raw.githubusercontent.com/kubaivanov/pictures/main/pinterest/wroclaw--poland--pinterest-pin.png,,Wroclaw,Poland,51.106712,17.035809,"One of the three historical capitals of Poland, Wroclaw offers all the modern amenities in a centuries old city.",active,Poland,Europe
6395183608,Poznan,destination,https://daytrip.com/en/transfers/poznan-pl,https://raw.githubusercontent.com/kubaivanov/pictures/main/pinterest/poznan--poland--pinterest-pin.png,,Poznan,Poland,52.406184,16.918145,It's believed that Poland's shift to Christianity began in this charmingly colorful city.,active,Poland,Europe
6395183610,Torun,destination,https://daytrip.com/en/transfers/torun-pl,https://raw.githubusercontent.com/kubaivanov/pictures/main/pinterest/torun--poland--pinterest-pin.png,,Torun,Poland,53.014115,18.59981,The Polish town of Torun survived the devastation of the Second World War and its medieval center is now a UNESCO World Heritage Site.,active,Poland,Europe
6395183613,Warsaw,destination,https://daytrip.com/en/transfers/warsaw-pl,https://raw.githubusercontent.com/kubaivanov/pictures/main/pinterest/warsaw--poland--pinterest-pin.png,,Warsaw,Poland,52.231466,21.019309,"Poland's capital might have a UNESCO-listed Old Town, but it's the highs and lows of its rich history that gave the city its unique personality.",active,Poland,Europe
6395183615,Krakow,destination,https://daytrip.com/en/transfers/krakow-pl,https://raw.githubusercontent.com/kubaivanov/pictures/main/pinterest/krakow--poland--pinterest-pin.png,,Krakow,Poland,50.06451,19.952345,"Centered around the largest medieval town square in Europe, Krakow's historic Old Town offers a huge amount of history in a compact space.",active,Poland,Europe
6395183616,Toro Verde Adventure Park,destination,https://daytrip.com/en/transfers/toro-verde-adventure-park-pr,https://raw.githubusercontent.com/kubaivanov/pictures/main/pinterest/toro-verde-adventure-park--puerto-rico--pinterest-pin.png,"Toro Verde Adventure Park, puerto rico",Toro Verde Adventure Park,Puerto Rico,18.2564827,-66.3902099,Get your heart racing as you fly above the trees on the world's second-longest zip line.,active,Puerto Rico,North America
6395183617,Guayama,destination,https://daytrip.com/en/transfers/guayama-pr,https://raw.githubusercontent.com/kubaivanov/pictures/main/pinterest/guayama--puerto-rico--pinterest-pin.png,"Guayama, puerto rico",Guayama,Puerto Rico,17.9841328,-66.1137767,"Named for their enduring superstitions, there are some enchanting cultural gems to be found in this oft-overlooked seaside city.",active,Puerto Rico,North America
6395183618,Rio Camuy Caves,destination,https://daytrip.com/en/transfers/rio-camuy-caves-pr,https://raw.githubusercontent.com/kubaivanov/pictures/main/pinterest/rio-camuy-caves--puerto-rico--pinterest-pin.png,"Cavernas del Río Camuy, puerto rico",Rio Camuy Caves,Puerto Rico,18.3473749,-66.8281749,Follow one of the largest underground rivers in the world into this massive cave system.,active,Puerto Rico,North America
6395183619,Ponce,destination,https://daytrip.com/en/transfers/ponce-pr,https://raw.githubusercontent.com/kubaivanov/pictures/main/pinterest/ponce--puerto-rico--pinterest-pin.png,"Ponce, puerto rico",Ponce,Puerto Rico,18.0110768,-66.6140616,"From sparkling waters to stunning architecture, there's no shortage of attractions in Puerto Rico's southern capital.",active,Puerto Rico,North America
6395183620,El Yunque - Angelito Trail,destination,https://daytrip.com/en/transfers/el-yunque-national-forest-pr,https://raw.githubusercontent.com/kubaivanov/pictures/main/pinterest/el-yunque-angelito-trail--puerto-rico--pinterest-pin.png,"El Yunque National Forest, puerto rico",El Yunque - Angelito Trail,Puerto Rico,18.323043506066888,-65.747075165209964,"Explore the lush jungle of America's only national tropical rainforest, which was once the native equivalent to Mt. Olympus.",active,Puerto Rico,North America
6395183621,Batalha,destination,https://daytrip.com/en/transfers/batalha-pt,https://raw.githubusercontent.com/kubaivanov/pictures/main/pinterest/batalha--portugal--pinterest-pin.png,"2440 Batalha, Portugal, Portugal",Batalha,Portugal,39.6582957,-8.8241243,"Dominated by the great Dominican monastery of Santa Maria da Vitória, Batalha was developed alongside the Monastery after securing Portugal's independence.",active,Portugal,Europe
6395183622,Monsanto,destination,https://daytrip.com/en/transfers/monsanto-pt,https://raw.githubusercontent.com/kubaivanov/pictures/main/pinterest/monsanto--portugal--pinterest-pin.png,"6060 Monsanto, Portugal",Monsanto,Portugal,40.0388745,-7.115065,"Known by many as ""the most Portuguese village if Portugal"", Monsanto was built as a fusion between man and nature, using the natural caves and boulders as building components.",active,Portugal,Europe
6395183623,Leiria,destination,https://daytrip.com/en/transfers/leiria-pt,https://raw.githubusercontent.com/kubaivanov/pictures/main/pinterest/leiria--portugal--pinterest-pin.png,"Leiria, Portugal",Leiria,Portugal,39.749533100000008,-8.807682999999999,"Mixing medieval and modern, Leiria offers a rich history with modern amenities.",active,Portugal,Europe
6395183624,Barcelos,destination,https://daytrip.com/en/transfers/barcelos-pt,https://raw.githubusercontent.com/kubaivanov/pictures/main/pinterest/barcelos--portugal--pinterest-pin.png,"Barcelos, Portugal",Barcelos,Portugal,41.5320504,-8.6190525,"The birthplace of the iconic Lucky Rooster, Barcelos is known for its pottery, but its rich architecture is just as eye-catching.",active,Portugal,Europe
6395183625,Aveiro,destination,https://daytrip.com/en/transfers/aveiro-pt,https://raw.githubusercontent.com/kubaivanov/pictures/main/pinterest/aveiro--portugal--pinterest-pin.png,"Aveiro, Portugal",Aveiro,Portugal,40.6405055,-8.6537539,"Dubbed ""the Venice of Portugal"" because of its canals and gondola-like boats, visitors will find Aveiro has its own unique identity.",active,Portugal,Europe
6395183626,Guimaraes,destination,https://daytrip.com/en/transfers/guimaraes-pt,https://raw.githubusercontent.com/kubaivanov/pictures/main/pinterest/guimaraes--portugal--pinterest-pin.png,"Guimaraes, Portugal",Guimaraes,Portugal,41.44253,-8.2917857,This UNESCO World Heritage Site is home to the hallmarks of the Portuguese national identity.,active,Portugal,Europe
6395183627,Lisbon,destination,https://daytrip.com/en/transfers/lisbon-pt,https://raw.githubusercontent.com/kubaivanov/pictures/main/pinterest/lisbon--portugal--pinterest-pin.png,"Lisbon, Portugal",Lisbon,Portugal,38.7222524,-9.1393366,"The second oldest capital in Europe, colorful Lisbon stands strong on the edge of the Iberian Peninsula, gazing out over the vastness of the Atlantic Ocean.",active,Portugal,Europe
6395183628,Sines,destination,https://daytrip.com/en/transfers/sines-pt,https://raw.githubusercontent.com/kubaivanov/pictures/main/pinterest/sines--portugal--pinterest-pin.png,"Sines, Portugal",Sines,Portugal,37.9571555,-8.8608906999999988,Vasco da Gama's birthplace has managed to keep its fishing village charms amidst explosive growth.,active,Portugal,Europe
6395183629,Vila Real,destination,https://daytrip.com/en/transfers/vila-real-pt,https://raw.githubusercontent.com/kubaivanov/pictures/main/pinterest/vila-real--portugal--pinterest-pin.png,"5000 Vila Real, Portugal, Portugal",Vila Real,Portugal,41.3010351,-7.7422354,"The historical home to much of Portugal's royalty, this sleepy town is littered with relics of its rich past.",active,Portugal,Europe
6395183630,Obidos,destination,https://daytrip.com/en/transfers/obidos-pt,https://raw.githubusercontent.com/kubaivanov/pictures/main/pinterest/obidos--portugal--pinterest-pin.png,"2510 Óbidos Municipality, Portugal",Obidos,Portugal,39.3604212,-9.1582014,"Traditionally owned by the Queen of Portugal, every house in this hilltop town had to meet the royal aesthetic.",active,Portugal,Europe
6395183631,Lamego,destination,https://daytrip.com/en/transfers/lamego-pt,https://raw.githubusercontent.com/kubaivanov/pictures/main/pinterest/lamego--portugal--pinterest-pin.png,"Lamego, 5100, Portugal",Lamego,Portugal,41.0836212,-7.7960873,"Climbing the terraced slopes of the Douro valley, this baroque town offers stunning architecture and a bubbly break from the region's port wine.",active,Portugal,Europe
6395183632,Tomar,destination,https://daytrip.com/en/transfers/tomar-pt,https://raw.githubusercontent.com/kubaivanov/pictures/main/pinterest/tomar--portugal--pinterest-pin.png,"2300 Tomar, Portugal",Tomar,Portugal,39.6053819,-8.4043125,"The entire city began as a Templar castle, and served as the seat of their rebirth as the 'Order of Christ'.",active,Portugal,Europe
6395183633,Viseu,destination,https://daytrip.com/en/transfers/viseu-pt,https://raw.githubusercontent.com/kubaivanov/pictures/main/pinterest/viseu--portugal--pinterest-pin.png,"Viseu, Portugal",Viseu,Portugal,40.6565861,-7.9124712,This ancient city serves up a history as rich as the region's signature red wine.,active,Portugal,Europe
6395183634,Nazare,destination,https://daytrip.com/en/transfers/nazare-pt,https://raw.githubusercontent.com/kubaivanov/pictures/main/pinterest/nazare--portugal--pinterest-pin.png,"2450 Nazaré, Portugal",Nazare,Portugal,39.6012147,-9.0700991,"This historic fishing village attracts beach-goers, culture-lovers, and surfers, who come to ride its record-breaking waves.",active,Portugal,Europe
6395183636,Benagil,destination,https://daytrip.com/en/transfers/benagil-pt,https://raw.githubusercontent.com/kubaivanov/pictures/main/pinterest/benagil--portugal--pinterest-pin.png,"Benagil, 8400 Lagoa, Portugal",Benagil,Portugal,37.0874068,-8.425912499999999,"The massive grotto with its secluded beach, and many other caves along the rocky Algarve coast, are some of Portugal's most iconic sights.",active,Portugal,Europe
6395183637,Estremoz,destination,https://daytrip.com/en/transfers/estremoz-pt,https://raw.githubusercontent.com/kubaivanov/pictures/main/pinterest/estremoz--portugal--pinterest-pin.png,"Estremoz, 7100, Portugal",Estremoz,Portugal,38.8424149,-7.5888963,"The seat of the king responsible for fortifying Portugal, this authentic village has been a cultural bastion for centuries.",active,Portugal,Europe
6395183638,Seixal,destination,https://daytrip.com/en/transfers/seixal-pt,https://raw.githubusercontent.com/kubaivanov/pictures/main/pinterest/seixal--portugal--pinterest-pin.png,Seixal madeira,Seixal,Portugal,32.8240033,-17.1093151,"On the northern coast of Madeira, this small village is nestled between towering cliffs and rolling hillsides with a black sand beach, delicious gastronomy and beautiful vineyards.",active,Portugal,Europe
6395183639,Braga,destination,https://daytrip.com/en/transfers/braga-pt,https://raw.githubusercontent.com/kubaivanov/pictures/main/pinterest/braga--portugal--pinterest-pin.png,"Braga, Portugal",Braga,Portugal,41.5454486,-8.4265069999999991,"Portugal's ancient religious capital is chock full of churches, baroque architecture, and scenic side streets.",active,Portugal,Europe
6395183640,Valenca,destination,https://daytrip.com/en/transfers/valenca-pt,https://raw.githubusercontent.com/kubaivanov/pictures/main/pinterest/valenca--portugal--pinterest-pin.png,"4930 Valença, Portugal, Portugal",Valenca,Portugal,42.0268751,-8.6421522,"Spanning two hills, this fortified town near the Spanish border was Portugal's first defence against invasion.",active,Portugal,Europe
6395183641,Elvas,destination,https://daytrip.com/en/transfers/elvas-pt,https://raw.githubusercontent.com/kubaivanov/pictures/main/pinterest/elvas--portugal--pinterest-pin.png,"7350 Elvas, Portugal",Elvas,Portugal,38.8802788,-7.1636637,"The premier frontier fortress south of the Tagus, Elvas is a town literally built for battle.",active,Portugal,Europe
6395183642,Beja,destination,https://daytrip.com/en/transfers/beja-pt,https://raw.githubusercontent.com/kubaivanov/pictures/main/pinterest/beja--portugal--pinterest-pin.png,"Beja District, Portugal",Beja,Portugal,38.0153863,-7.8626229,"Famous in 17th century France for a shunned nun's love story, this country village has a lot to offer lovers of art and history.",active,Portugal,Europe
6395183643,Fatima,destination,https://daytrip.com/en/transfers/fatima-pt,https://raw.githubusercontent.com/kubaivanov/pictures/main/pinterest/fatima--portugal--pinterest-pin.png,"Fátima, 2495 Fátima, Portugal",Fatima,Portugal,39.6172063,-8.6521422,"After 3 children had visions of the Virgin Mary, this farm-town transformed into a miraculous mecca.",active,Portugal,Europe
6395183644,Amarante,destination,https://daytrip.com/en/transfers/amarante-pt,https://raw.githubusercontent.com/kubaivanov/pictures/main/pinterest/amarante--portugal--pinterest-pin.png,"4600 Amarante, Portugal",Amarante,Portugal,41.269635699999988,-8.0826488,"Stemming from the Portuguese word for love, visitors are sure to fall for this charming ancient village.",active,Portugal,Europe
6395183645,Braganca,destination,https://daytrip.com/en/transfers/braganca-pt,https://raw.githubusercontent.com/kubaivanov/pictures/main/pinterest/braganca--portugal--pinterest-pin.png,"5300 Bragança, Portugal",Braganca,Portugal,41.8061131,-6.7567379999999986,"In the secluded Tras-os-Montes region (literally 'behind the mountains'), the clusters of ancient stone houses seem unaffected by modernity.",active,Portugal,Europe
6395183646,Santarem,destination,https://daytrip.com/en/transfers/santarem-pt,https://raw.githubusercontent.com/kubaivanov/pictures/main/pinterest/santarem--portugal--pinterest-pin.png,"Santarém, Portugal",Santarem,Portugal,39.2848804,-8.704075,"Favored by Kings and Emperors, Portugal's second-most important city is filled with stunning reminders of its illustrious past.",active,Portugal,Europe
6395183647,Chaves,destination,https://daytrip.com/en/transfers/chaves-pt,https://raw.githubusercontent.com/kubaivanov/pictures/main/pinterest/chaves--portugal--pinterest-pin.png,"Chaves, Portugal",Chaves,Portugal,41.7410586,-7.4706045999999988,"Literally meaning 'Keys', this border town's strategic position made it a frequent battleground.",active,Portugal,Europe
6395183648,Portimao,destination,https://daytrip.com/en/transfers/portimao-pt,https://raw.githubusercontent.com/kubaivanov/pictures/main/pinterest/portimao--portugal--pinterest-pin.png,"8500 Portimão, Portugal",Portimao,Portugal,37.13617,-8.5376926,The second biggest city in the Algarve is a surprisingly scenic seaside hub.,active,Portugal,Europe
6395183649,Coimbra,destination,https://daytrip.com/en/transfers/coimbra-pt,https://raw.githubusercontent.com/kubaivanov/pictures/main/pinterest/coimbra--portugal--pinterest-pin.png,"Coimbra, Portugal",Coimbra,Portugal,40.2033145,-8.4102573,"Halfway between Lisbon and Porto, this varied and captivating city has a long history and vibrant atmosphere built around the country's oldest university.",active,Portugal,Europe
6395183650,Caldas da Rainha,destination,https://daytrip.com/en/transfers/caldas-da-rainha-pt,https://raw.githubusercontent.com/kubaivanov/pictures/main/pinterest/caldas-da-rainha--portugal--pinterest-pin.png,"2500 Caldas da Rainha, Portugal",Caldas da Rainha,Portugal,39.4048977,-9.135404,"Founded at the end of the 15th Century by Queen Leonor, the town's royal history and sulphurous hot springs make for a relaxing combination.",active,Portugal,Europe
6395183651,Sesimbra,destination,https://daytrip.com/en/transfers/sesimbra-pt,https://raw.githubusercontent.com/kubaivanov/pictures/main/pinterest/sesimbra--portugal--pinterest-pin.png,"Sesimbra, Portugal",Sesimbra,Portugal,38.4444674,-9.1020079,"In a quiet bay protected by cliffs, this fishing village serves up fresh seafood, great views, and an ancient citadel.",active,Portugal,Europe
6395183652,Porto,destination,https://daytrip.com/en/transfers/porto-pt,https://raw.githubusercontent.com/kubaivanov/pictures/main/pinterest/porto--portugal--pinterest-pin.png,"Porto, Portugal",Porto,Portugal,41.1579438,-8.6291052999999991,"One of Europe's most charismatic cities, Porto boasts an extensive history, interesting tourist attractions, and of course, its eponymous wine.",active,Portugal,Europe
6395183653,Ponte de Lima,destination,https://daytrip.com/en/transfers/ponte-de-lima-pt,https://raw.githubusercontent.com/kubaivanov/pictures/main/pinterest/ponte-de-lima--portugal--pinterest-pin.png,"4990 Ponte de Lima, Portugal",Ponte de Lima,Portugal,41.7647333,-8.5827407,"While the Limia River won't wipe your memories, the oldest town in Portugal might make you forget about the outside world.",active,Portugal,Europe
6395183654,Evora,destination,https://daytrip.com/en/transfers/evora-pt,https://raw.githubusercontent.com/kubaivanov/pictures/main/pinterest/evora--portugal--pinterest-pin.png,"Evora, Portugal",Evora,Portugal,38.571431,-7.9135019999999994,"Encircled by ancient walls, the entire old town of this ancient city is a UNESCO World Heritage Site.",active,Portugal,Europe
6395183655,Aregua,destination,https://daytrip.com/en/transfers/aregua-py,https://raw.githubusercontent.com/kubaivanov/pictures/main/pinterest/aregua--paraguay--pinterest-pin.png,Aregua,Aregua,Paraguay,-25.2991897,-57.410345100000008,"This charming town on the Circuito de Oro is known for its art galleries, rare natural formations, and sweet offerings.",active,Paraguay,South America
6395183657,Cerro Tres Kandu,destination,https://daytrip.com/en/transfers/cerro-tres-kandu-py,https://raw.githubusercontent.com/kubaivanov/pictures/main/pinterest/cerro-tres-kandu--paraguay--pinterest-pin.png,Cerro Tres Kandu,Cerro Tres Kandu,Paraguay,-25.84755817010064,-56.162048482894875,"At just over 800 meters tall, the highest peak in Paraguay brings travelers to new heights.",active,Paraguay,South America
6395183658,Caaguazu,destination,https://daytrip.com/en/transfers/caaguazu-py,https://raw.githubusercontent.com/kubaivanov/pictures/main/pinterest/caaguazu--paraguay--pinterest-pin.png,Caaguazu,Caaguazu,Paraguay,-25.4645818,-56.013851,This historic city is Paraguay's woodcrafting capital.,active,Paraguay,South America
6395183659,San Cosme y Damian,destination,https://daytrip.com/en/transfers/san-cosme-y-damian-ruins-py,https://raw.githubusercontent.com/kubaivanov/pictures/main/pinterest/san-cosme-y-damian--paraguay--pinterest-pin.png,San Cosme y Damian,San Cosme y Damian,Paraguay,-27.317014335135649,-56.331025874066142,This historic Jesuit mission was the most important astronomical center in Colonial South America.,active,Paraguay,South America
6395183660,Ayolas,destination,https://daytrip.com/en/transfers/ayolas-py,https://raw.githubusercontent.com/kubaivanov/pictures/main/pinterest/ayolas--paraguay--pinterest-pin.png,Ayolas paraguay,Ayolas,Paraguay,-27.3863909,-56.8479781,This idyllic riverside village is a relaxing retreat for those looking to slow things down and get back to nature.,active,Paraguay,South America
6395183662,Concepcion,destination,https://daytrip.com/en/transfers/concepcion-py,https://raw.githubusercontent.com/kubaivanov/pictures/main/pinterest/concepcion--paraguay--pinterest-pin.png,"Concepcion, paraguay",Concepcion,Paraguay,-23.4214264,-57.434445099999991,"With dirt streets, Colonial buildings, and laid-back locals, this riverside village offers a break from the pressures of modern life.",active,Paraguay,South America
6395183664,Villarrica,destination,https://daytrip.com/en/transfers/villarrica-py,https://raw.githubusercontent.com/kubaivanov/pictures/main/pinterest/villarrica--paraguay--pinterest-pin.png,Villarrica paraguay,Villarrica,Paraguay,-25.7760619,-56.4495924,"The birthplace to many of the country's leading writers, artists, and musicians, this city is still a vibrant cultural hub.",active,Paraguay,South America
6395183665,Piribebuy,destination,https://daytrip.com/en/transfers/piribebuy-py,https://raw.githubusercontent.com/kubaivanov/pictures/main/pinterest/piribebuy--paraguay--pinterest-pin.png,Piribebuy,Piribebuy,Paraguay,-25.4648258,-57.0421483,"While it's past is turbulent and bloody, today this quiet town has something much sweeter to offer.",active,Paraguay,South America
6395183666,Tobati,destination,https://daytrip.com/en/transfers/tobati-py,https://raw.githubusercontent.com/kubaivanov/pictures/main/pinterest/tobati--paraguay--pinterest-pin.png,Tobatí,Tobati,Paraguay,-25.27224773260826,-57.086522980703762,"Located on the Circuito de Oro, the charming town of Tobati has a rich history etched in its rocks and wood.",active,Paraguay,South America
6395183667,Encarnacion,destination,https://daytrip.com/en/transfers/encarnacion-py,https://raw.githubusercontent.com/kubaivanov/pictures/main/pinterest/encarnacion--paraguay--pinterest-pin.png,Encarnacion,Encarnacion,Paraguay,-27.2522918,-55.9135867,"With constantly pleasant weather, a riverside boardwalk, and a wide, sandy beach, it's no wonder this historic city is becoming a popular retreat.",active,Paraguay,South America
6395183668,Saint Pierre,destination,https://daytrip.com/en/transfers/saint-pierre-re,https://raw.githubusercontent.com/kubaivanov/pictures/main/pinterest/saint-pierre--reunion--pinterest-pin.png,"Saint Pierre, Reunion",Saint Pierre,Réunion,-21.3408775,55.4776663,"With its charming streets lined with colorful buildings, bustling markets, and lively atmosphere, Saint Pierre is a captivating destination for travelers seeking an authentic island experience.",active,Réunion,Africa
6395183669,Cilaos,destination,https://daytrip.com/en/transfers/cilaos-re,https://raw.githubusercontent.com/kubaivanov/pictures/main/pinterest/cilaos--reunion--pinterest-pin.png,"Cilaos, Reunion",Cilaos,Réunion,-21.1344903,55.4711507,"Tucked away within the island's volcanic interior, this charming village exudes an aura of tranquility and natural beauty that beckons visitors seeking an escape from the ordinary.",active,Réunion,Africa
6395183670,Le Port,destination,https://daytrip.com/en/transfers/le-port-re,https://raw.githubusercontent.com/kubaivanov/pictures/main/pinterest/le-port--reunion--pinterest-pin.png,"Le Port, Reunion",Le Port,Réunion,-20.9357423,55.2903451,This bustling port town serves as a gateway to both the island's maritime adventures and its rich cultural heritage.,active,Réunion,Africa
6395183671,Saint Paul,destination,https://daytrip.com/en/transfers/saint-paul-re,https://raw.githubusercontent.com/kubaivanov/pictures/main/pinterest/saint-paul--reunion--pinterest-pin.png,"Saint Paul, Reunion",Saint Paul,Réunion,-21.0093476,55.2701702,"Renowned for its vibrant markets, rich history, and stunning coastal vistas, this coastal town offers a captivating blend of culture and relaxation for visitors to explore.",active,Réunion,Africa
6395183672,Saint-Leu,destination,https://daytrip.com/en/transfers/saint-leu-re,https://raw.githubusercontent.com/kubaivanov/pictures/main/pinterest/saint-leu--reunion--pinterest-pin.png,"Saint-Leu, Reunion",Saint-Leu,Réunion,-21.1747552,55.2878651,"Blessed with azure waters, golden beaches, and rugged cliffs, this coastal gem is a haven for water enthusiasts and nature lovers alike.",active,Réunion,Africa
6395183673,Saint Denis,destination,https://daytrip.com/en/transfers/saint-denis-re,https://raw.githubusercontent.com/kubaivanov/pictures/main/pinterest/saint-denis--reunion--pinterest-pin.png,"Saint-Denis, Reunion",Saint Denis,Réunion,-20.8784675,55.4484856,"This charming city offers a blend of French colonial heritage, Creole culture, and stunning natural beauty, making it a captivating destination for travelers seeking both adventure and relaxation.",active,Réunion,Africa
6395183674,Turda,destination,https://daytrip.com/en/transfers/turda-ro,https://raw.githubusercontent.com/kubaivanov/pictures/main/pinterest/turda--romania--pinterest-pin.png,"Turda, Romania",Turda,Romania,46.564676,23.7971063,This historic town was one of the first places in Europe to guarantee religious freedom.,active,Romania,Europe
6395183675,Sibiu,destination,https://daytrip.com/en/transfers/sibiu-ro,https://raw.githubusercontent.com/kubaivanov/pictures/main/pinterest/sibiu--romania--pinterest-pin.png,"Sibiu, Romania",Sibiu,Romania,45.7983273,24.1255826,"The largest and wealthiest of the walled cities made by German settlers, Sibiu has maintained its rich cultural heritage.",active,Romania,Europe
6395183676,Timisoara,destination,https://daytrip.com/en/transfers/timisoara-ro,https://raw.githubusercontent.com/kubaivanov/pictures/main/pinterest/timisoara--romania--pinterest-pin.png,"Timișoara, Romania",Timisoara,Romania,45.7488716,21.2086793,"While the first record of the city of Timisoara dates back to 1212, the area has been inhabited since 200 BC, and is home to a vibrant cultural scene and buzzing nightlife.",active,Romania,Europe
6395183677,Bucharest,destination,https://daytrip.com/en/transfers/bucharest-ro,https://raw.githubusercontent.com/kubaivanov/pictures/main/pinterest/bucharest--romania--pinterest-pin.png,"Bucharest, Romania",Bucharest,Romania,44.4267674,26.1025384,"Once home to Vlad the Impaler, Romania's vibrant capital offers both elegant belle époque architecture and a Socialist palace that's the largest building in Europe.",active,Romania,Europe
6395183678,Sighisoara,destination,https://daytrip.com/en/transfers/sighisoara-ro,https://raw.githubusercontent.com/kubaivanov/pictures/main/pinterest/sighisoara--romania--pinterest-pin.png,"Sighișoara, Romania",Sighisoara,Romania,46.2197025,24.7963878,"Though Vlad the Impaler was born here, it's the beautiful medieval architecture that steals the show at this UNESCO World Heritage Site.",active,Romania,Europe
6395183679,Oradea,destination,https://daytrip.com/en/transfers/oradea-ro,https://raw.githubusercontent.com/kubaivanov/pictures/main/pinterest/oradea--romania--pinterest-pin.png,"Oradea, Romania",Oradea,Romania,47.046500500000008,21.9189438,"This medieval city was almost completely destroyed in the 19th century, giving rise to a new breed of architecture.",active,Romania,Europe
6395183680,Brasov,destination,https://daytrip.com/en/transfers/brasov-ro,https://raw.githubusercontent.com/kubaivanov/pictures/main/pinterest/brasov--romania--pinterest-pin.png,"Brașov, Romania",Brasov,Romania,45.6579755,25.6011977,"Complete with its own Hollywood-esque sign, this medieval city's well-preserved historic core has made it a popular setting for period-pieces.",active,Romania,Europe
6395183681,Targoviste,destination,https://daytrip.com/en/transfers/targoviste-ro,https://raw.githubusercontent.com/kubaivanov/pictures/main/pinterest/targoviste--romania--pinterest-pin.png,"Târgoviște, Romania",Targoviste,Romania,44.9118218,25.4558274,"As the former Wallachian capital, princely seat of Dracula, and execution site of the oppressive Communist leader, this small city has an outsized history.",active,Romania,Europe
6395183683,Arad,destination,https://daytrip.com/en/transfers/arad-ro,https://raw.githubusercontent.com/kubaivanov/pictures/main/pinterest/arad--romania--pinterest-pin.png,"Arad, Romania",Arad,Romania,46.1865606,21.3122677,"While it's over 1000 years old, Arad stayed relatively small until experiencing an economic boom in the 19th century.",active,Romania,Europe
6395183684,Constanta,destination,https://daytrip.com/en/transfers/constanta-ro,https://raw.githubusercontent.com/kubaivanov/pictures/main/pinterest/constanta--romania--pinterest-pin.png,"Constanța, Romania",Constanta,Romania,44.1598013,28.6348138,"Dating back over 2000 years, Romania's premier port is a haven for history lovers, filled with archaeological treasures and beautiful architecture.",active,Romania,Europe
6395183686,Alba Iulia,destination,https://daytrip.com/en/transfers/alba-iulia-ro,https://raw.githubusercontent.com/kubaivanov/pictures/main/pinterest/alba-iulia--romania--pinterest-pin.png,"Alba Iulia, Romania",Alba Iulia,Romania,46.073272499999987,23.5804886,"A tentative UNESCO Site, this ancient city within a Baroque Star Fort has been center stage for nearly every major point in Transylvanian history.",active,Romania,Europe
6395183688,Subotica,destination,https://daytrip.com/en/transfers/subotica-rs,https://raw.githubusercontent.com/kubaivanov/pictures/main/pinterest/subotica--serbia--pinterest-pin.png,"Subotica, Serbia",Subotica,Serbia,46.1005467,19.6650593,"Although it has a quaint feel, Subotica is the second largest city in Vojvodina of Serbia.",active,Serbia,Europe
6395183689,Novi Sad,destination,https://daytrip.com/en/transfers/novi-sad-rs,https://raw.githubusercontent.com/kubaivanov/pictures/main/pinterest/novi-sad--serbia--pinterest-pin.png,"Novi Sad, Serbia",Novi Sad,Serbia,45.2671352,19.8335496,"Situated on the Danube River between Budapest and Belgrade, the city of Novi Sad is a center of culture and elegance, known for its tolerance and open-mindedness.",active,Serbia,Europe
6395183690,Sremski Karlovci,destination,https://daytrip.com/en/transfers/sremski-karlovaci-rs,https://raw.githubusercontent.com/kubaivanov/pictures/main/pinterest/sremski-karlovci--serbia--pinterest-pin.png,"Sremski Karlovci, Serbia",Sremski Karlovci,Serbia,45.183486472719281,19.945728521704041,This ancient town is famous for its wine and bounty of beautiful buildings.,active,Serbia,Europe
6395183692,Zrenjanin,destination,https://daytrip.com/en/transfers/zrenjanin-rs,https://raw.githubusercontent.com/kubaivanov/pictures/main/pinterest/zrenjanin--serbia--pinterest-pin.png,"Zrenjanin, Serbia",Zrenjanin,Serbia,45.3815612,20.3685737,This quiet Serbian city is looking to move forward while preserving its long history.,active,Serbia,Europe
6395183693,Vrsac,destination,https://daytrip.com/en/transfers/vrsac-rs,https://raw.githubusercontent.com/kubaivanov/pictures/main/pinterest/vrsac--serbia--pinterest-pin.png,"Vršac, Serbia",Vrsac,Serbia,45.1181926,21.2944883,"Watched over by the ruins of a medieval castle, this historic city is best known for its beautiful baroque architecture and its Vinik winery.",active,Serbia,Europe
6395183694,Huye,destination,https://daytrip.com/en/transfers/huye-rw,https://raw.githubusercontent.com/kubaivanov/pictures/main/pinterest/huye--rwanda--pinterest-pin.png,Huye,Huye,Rwanda,-2.5921868830540586,29.743633968261733,"One of Rwanda's most important cities and cultural hubs is alive with museums, aesthetic sites of interest and historical tributes.",active,Rwanda,Africa
6395183696,Akagera National Park,destination,https://daytrip.com/en/transfers/akagera-national-park-rw,https://raw.githubusercontent.com/kubaivanov/pictures/main/pinterest/akagera-national-park--rwanda--pinterest-pin.png,Akagera National Park,Akagera National Park,Rwanda,-1.8749796304642852,30.714105005895991,"Located in the east of Rwanda, this wildlife-rich savannah landscape is jam-packed with safari adventures and African animals.",active,Rwanda,Africa
6395183697,Rwamagana,destination,https://daytrip.com/en/transfers/rwamagana-rw,https://raw.githubusercontent.com/kubaivanov/pictures/main/pinterest/rwamagana--rwanda--pinterest-pin.png,Rwamagana,Rwamagana,Rwanda,-1.9535133,30.4386437,"This district in the Eastern Province of Rwanda is home to an amalgam of agriculture, livestock farming and tourist attractions, including the impressive Rwamagana Parish Church.",active,Rwanda,Africa
6395183700,Duba,destination,https://daytrip.com/en/transfers/duba-sa,https://raw.githubusercontent.com/kubaivanov/pictures/main/pinterest/duba--saudi-arabia--pinterest-pin.png,Duba,Duba,Saudi Arabia,27.3457474,35.7243073,"Nestled along Saudi Arabia's northern Red Sea coast, Duba emerges as a gem in the Tabuk Province, affectionately known as the Pearl of the Red Sea.",active,Saudi Arabia,Asia
6395183705,Al Wajh,destination,https://daytrip.com/en/transfers/al-wajh-sa,https://raw.githubusercontent.com/kubaivanov/pictures/main/pinterest/al-wajh--saudi-arabia--pinterest-pin.png,Al Wajh,Al Wajh,Saudi Arabia,26.2366058,36.4688958,"This city is a prominent hub in the Tabuk region, once pivotal during the Arab Revolt in World War I.",active,Saudi Arabia,Asia
6395183708,Sakakah,destination,https://daytrip.com/en/transfers/sakakah-sa,https://raw.githubusercontent.com/kubaivanov/pictures/main/pinterest/sakakah--saudi-arabia--pinterest-pin.png,Sakakah,Sakakah,Saudi Arabia,29.87800309999999,40.1043057,"The capital of Al Jawf Province in northwestern Saudi Arabia rests on the cusp of the An Nafud desert, tracing the historical journeys of caravans across the peninsula.",active,Saudi Arabia,Asia
6395183710,Rabigh,destination,https://daytrip.com/en/transfers/rabigh-sa,https://raw.githubusercontent.com/kubaivanov/pictures/main/pinterest/rabigh--saudi-arabia--pinterest-pin.png,Rabigh,Rabigh,Saudi Arabia,22.7906701,39.0189623,"Located on the enchanting Red Sea coast, Rabigh, a city and governorate in the Makkah Province of Saudi Arabia, beckons travelers with its coastal allure.",active,Saudi Arabia,Asia
6395183714,Al Hofuf,destination,https://daytrip.com/en/transfers/al-hofuf-sa,https://raw.githubusercontent.com/kubaivanov/pictures/main/pinterest/al-hofuf--saudi-arabia--pinterest-pin.png,Al Hofuf,Al Hofuf,Saudi Arabia,25.380026,49.5887652,"Nestled in Saudi Arabia's Al-Ahsa Governorate within the Eastern Province, this vibrant urban hub stands amidst the expansive Al-Ahsa Oasis.",active,Saudi Arabia,Asia
6395183715,Al Khobar,destination,https://daytrip.com/en/transfers/al-khobar-sa,https://raw.githubusercontent.com/kubaivanov/pictures/main/pinterest/al-khobar--saudi-arabia--pinterest-pin.png,Al Khobar,Al Khobar,Saudi Arabia,26.2171906,50.1971381,"Forming part of the dynamic ""Triplet Cities"" area on the coast of the Persian Gulf, this vibrant city is known as the residential core of the region and offers a diverse range of attractions and experiences.",active,Saudi Arabia,Asia
6395183716,Al Jubail,destination,https://daytrip.com/en/transfers/al-jubail-sa,https://raw.githubusercontent.com/kubaivanov/pictures/main/pinterest/al-jubail--saudi-arabia--pinterest-pin.png,Al Jubail,Al Jubail,Saudi Arabia,26.998321833021343,49.655258933984371,"The world's largest industrial city sits on the Arabian Gulf coast of Saudi Arabia, offering a mix of history and stunning beaches along with its impressive industry achievements.",active,Saudi Arabia,Asia
6395183717,Umluj,destination,https://daytrip.com/en/transfers/umluj-sa,https://raw.githubusercontent.com/kubaivanov/pictures/main/pinterest/umluj--saudi-arabia--pinterest-pin.png,Umluj,Umluj,Saudi Arabia,25.0500064,37.2651084,"As part of the ambitious Red Sea Project, this Northwestern Saudi Arabian town is destined to become a premier resort destination.",active,Saudi Arabia,Asia
6395183719,Taif,destination,https://daytrip.com/en/transfers/taif-sa,https://raw.githubusercontent.com/kubaivanov/pictures/main/pinterest/taif--saudi-arabia--pinterest-pin.png,Taif,Taif,Saudi Arabia,21.2840782,40.424819199999988,This captivating gem situated in the Makkah Region of Saudi Arabia is often hailed as the unofficial summer capital of the country.,active,Saudi Arabia,Asia
6395183720,Al Qunfudhah,destination,https://daytrip.com/en/transfers/al-qunfudhah-sa,https://raw.githubusercontent.com/kubaivanov/pictures/main/pinterest/al-qunfudhah--saudi-arabia--pinterest-pin.png,Al Qunfudhah,Al Qunfudhah,Saudi Arabia,19.1281398,41.0787392,"This coastal city graces the shores of the Red Sea within the Tihamah region, standing as a historic gem and thriving commercial hub.",active,Saudi Arabia,Asia
6395183722,Anse Boileau,destination,https://daytrip.com/en/transfers/anse-boileau-seychelles-sc,https://raw.githubusercontent.com/kubaivanov/pictures/main/pinterest/anse-boileau--seychelles--pinterest-pin.png,"Anse Boileau, Seychelles",Anse Boileau,Seychelles,-4.716667,55.483332999999988,"This charming coastal village, located on the southwestern coast of Mahé, the largest island in the Seychelles archipelago, captivates visitors with its tranquil ambiance, pristine beaches, and lush landscapes.",active,Seychelles,Africa
6395183723,Mare Anglaise,destination,https://daytrip.com/en/transfers/mare-anglaise-seychelles-sc,https://raw.githubusercontent.com/kubaivanov/pictures/main/pinterest/mare-anglaise--seychelles--pinterest-pin.png,"Mare Anglaise, Seychelles",Mare Anglaise,Seychelles,-4.6075288,55.437470200000007,"Situated on the northwest coast of Mahé, the largest island in the Seychelles archipelago, this charming locale invites visitors to unwind amidst pristine beaches, azure waters, and a relaxed island atmosphere.",active,Seychelles,Africa
6395183724,Victoria,destination,https://daytrip.com/en/transfers/victoria-seychelles-sc,https://raw.githubusercontent.com/kubaivanov/pictures/main/pinterest/victoria--seychelles--pinterest-pin.png,"Victoria, Seychelles",Victoria,Seychelles,-4.6211297999999994,55.4522153,"With its colorful markets, historical landmarks, and stunning natural surroundings, Victoria beckons travelers to immerse themselves in the Seychellois way of life.",active,Seychelles,Africa
6395183725,Quatre Bornes,destination,https://daytrip.com/en/transfers/quatre-bornes-seychelles-sc,https://raw.githubusercontent.com/kubaivanov/pictures/main/pinterest/quatre-bornes--seychelles--pinterest-pin.png,"Quatre Bornes, Seychelles",Quatre Bornes,Seychelles,-4.7779887,55.510872199999987,One of the island's most vibrant towns presents a captivating tapestry of experiences for travelers seeking to immerse themselves in Mauritian life.,active,Seychelles,Africa
6395183726,Vaxholm,destination,https://daytrip.com/en/transfers/vaxholm-se,https://raw.githubusercontent.com/kubaivanov/pictures/main/pinterest/vaxholm--sweden--pinterest-pin.png,Vaxholm,Vaxholm,Sweden,59.403296799999993,18.3263804,"This beautiful town located in the Stockholm archipelago of Sweden, dotted with candy-coloured houses, is known for its picturesque landscapes, historic buildings, and tranquil atmosphere.",active,Sweden,Europe
6395183727,Falun,destination,https://daytrip.com/en/transfers/falun-se,https://raw.githubusercontent.com/kubaivanov/pictures/main/pinterest/falun--sweden--pinterest-pin.png,Falun,Falun,Sweden,60.606460000000013,15.6355,Characteristic wooden houses dot this UNESCO World Heritage Site listed Swedish village steeped in rich mining history.,active,Sweden,Europe
6395183728,Karlskrona,destination,https://daytrip.com/en/transfers/karlskrona-se,https://raw.githubusercontent.com/kubaivanov/pictures/main/pinterest/karlskrona--sweden--pinterest-pin.png,Karlskrona,Karlskrona,Sweden,56.161224,15.5869001,"Sweden's only Baroque city sprawls across the east coast of the Baltic Sea, connected by bridges and ferries, and is home to a thriving, UNESCO World Heritage listed naval base.",active,Sweden,Europe
6395183729,Vasteras,destination,https://daytrip.com/en/transfers/vasteras-se,https://raw.githubusercontent.com/kubaivanov/pictures/main/pinterest/vasteras--sweden--pinterest-pin.png,"Vasteras, Sweden",Vasteras,Sweden,59.609900499999988,16.5448092,"With its scenic lakefront location and remnants of the Viking Age, one can get swept away in nature and history in this beautiful city in central Sweden.",active,Sweden,Europe
6395183730,Lund,destination,https://daytrip.com/en/transfers/lund-se,https://raw.githubusercontent.com/kubaivanov/pictures/main/pinterest/lund--sweden--pinterest-pin.png,Lund,Lund,Sweden,55.7046601,13.1910073,"Boasting the finest Romanesque cathedral in the country and a charming historic quarter, this medieval town still has a lively atmosphere courtesy of its prestigious university.",active,Sweden,Europe
6395183732,Kristianstad,destination,https://daytrip.com/en/transfers/kristianstad-se,https://raw.githubusercontent.com/kubaivanov/pictures/main/pinterest/kristianstad--sweden--pinterest-pin.png,Kristianstad,Kristianstad,Sweden,56.0293936,14.1566778,"Home to Sweden's oldest UNESCO biosphere reserve, this city is surrounded by natural wonders and stunning Renaissance buildings.",active,Sweden,Europe
6395183733,Sigtuna,destination,https://daytrip.com/en/transfers/sigtuna-se,https://raw.githubusercontent.com/kubaivanov/pictures/main/pinterest/sigtuna--sweden--pinterest-pin.png,"Sigtuna, Sweden",Sigtuna,Sweden,59.6191463,17.7234191,"Just 4 kilometers from the mythological hometown of Nordic god Odin, this medieval-style harbor town reveals historical events from millennia ago and is populated by quaint winding streets.",active,Sweden,Europe
6395183734,Orebro,destination,https://daytrip.com/en/transfers/orebro-se,https://raw.githubusercontent.com/kubaivanov/pictures/main/pinterest/orebro--sweden--pinterest-pin.png,Orebro,Orebro,Sweden,59.2752626,15.2134105,"Known for its colossal castle that sparkles in the evening, this city in central sweden is jam-packed with beautiful parks and modern amenities.",active,Sweden,Europe
6395183735,Jonkoping,destination,https://daytrip.com/en/transfers/jonkoping-se,https://raw.githubusercontent.com/kubaivanov/pictures/main/pinterest/jonkoping--sweden--pinterest-pin.png,Jonkoping,Jonkoping,Sweden,57.782613700000013,14.1617876,"Located on the sixth largest lake in Europe, this city is known for its calm vibes, woodlands, churches, scattered ruins, and match museum.",active,Sweden,Europe
6395183736,Uppsala,destination,https://daytrip.com/en/transfers/uppsala-se,https://raw.githubusercontent.com/kubaivanov/pictures/main/pinterest/uppsala--sweden--pinterest-pin.png,Uppsala,Uppsala,Sweden,59.858563800000013,17.6389267,"The intellectual hub of Sweden lies in this vibrant university city, home to a prestigious university and significant ecclesiastical monuments.",active,Sweden,Europe
6395183737,Gothenburg,destination,https://daytrip.com/en/transfers/gothenburg-se,https://raw.githubusercontent.com/kubaivanov/pictures/main/pinterest/gothenburg--sweden--pinterest-pin.png,"Gothenburg, Sweden",Gothenburg,Sweden,57.70887,11.97456,"Beloved by Jimi Hendix, history is made hip in this bustling port city.",active,Sweden,Europe
6395183738,Malmo,destination,https://daytrip.com/en/transfers/malmo-se,https://raw.githubusercontent.com/kubaivanov/pictures/main/pinterest/malmo--sweden--pinterest-pin.png,Malmo,Malmo,Sweden,55.604981,13.003822,Historic charms and modern innovation mesh seamlessly in this hip seaside city.,active,Sweden,Europe
6395183739,Ystad,destination,https://daytrip.com/en/transfers/ystad-se,https://raw.githubusercontent.com/kubaivanov/pictures/main/pinterest/ystad--sweden--pinterest-pin.png,Ystad,Ystad,Sweden,55.4295051,13.8200308,"This bustling ferry port in Scania County is home to a popular fictional TV series, and envelops cultural attractions and 15th century monuments in its quaint streets.",active,Sweden,Europe
6395183740,Norrkoping,destination,https://daytrip.com/en/transfers/norrkoping-se,https://raw.githubusercontent.com/kubaivanov/pictures/main/pinterest/norrkoping--sweden--pinterest-pin.png,Norrkoping,Norrkoping,Sweden,58.587745,16.192421,This historic industrial city has reinvented itself into an up-and-coming cultural center.,active,Sweden,Europe
6395183741,Singapore,destination,https://daytrip.com/en/transfers/singapore-sg,https://raw.githubusercontent.com/kubaivanov/pictures/main/pinterest/singapore--singapore--pinterest-pin.png,Singapore,Singapore,Singapore,1.3308028230732245,103.86172137597657,"With its glittering skyline, UNESCO-listed botanical gardens, and unparalleled food-scene, this cityscape is a treat.",active,Singapore,Asia
6395183742,Celje,destination,https://daytrip.com/en/transfers/celje-si,https://raw.githubusercontent.com/kubaivanov/pictures/main/pinterest/celje--slovenia--pinterest-pin.png,"Celje, Slovenia",Celje,Slovenia,46.2397495,15.2677063,"Home to 50,000 inhabitants, Celje is a quaint city that celebrates its long history and rich cultural heritage.",active,Slovenia,Europe
6395183743,Lendava,destination,https://daytrip.com/en/transfers/lendava-si,https://raw.githubusercontent.com/kubaivanov/pictures/main/pinterest/lendava--slovenia--pinterest-pin.png,"9220 Lendava, Slovenia",Lendava,Slovenia,46.5644783,16.453063,The small town of Lendava lies at the foothills of vineyards in a wine-growing region near the Hungarian border. Its multicultural traditions serve as an ode to the past.,active,Slovenia,Europe
6395183744,Portoroz,destination,https://daytrip.com/en/transfers/portoroz-si,https://raw.githubusercontent.com/kubaivanov/pictures/main/pinterest/portoroz--slovenia--pinterest-pin.png,"Portorož, Slovenia",Portoroz,Slovenia,45.5142898,13.5908455,"Slovenia's top resort town with rich, deep-rooted spa traditions. Portoroz encompasses a laid-back holiday atmosphere.",active,Slovenia,Europe
6395183745,Koper,destination,https://daytrip.com/en/transfers/koper-si,https://raw.githubusercontent.com/kubaivanov/pictures/main/pinterest/koper--slovenia--pinterest-pin.png,"6000 Koper, Slovenia",Koper,Slovenia,45.548058999999988,13.7301877,"Koper is the largest town on Slovenia's Adriatic coast. At first glance, this port town is often overlooked. However, Koper's main square (about 300 meters from the port) reveals a delightfully medieval city center.",active,Slovenia,Europe
6395183747,Bled,destination,https://daytrip.com/en/transfers/bled-si,https://raw.githubusercontent.com/kubaivanov/pictures/main/pinterest/bled--slovenia--pinterest-pin.png,"Lake Bled, 4260 Bled, Slovenia",Bled,Slovenia,46.36997025087274,14.105415344238283,Lake Bled naturally formed from the waters released by the melting Bohinj glacier. This emerald-green lake offers a picture-perfect natural beauty that you won't want to miss.,active,Slovenia,Europe
6395183748,Kranj,destination,https://daytrip.com/en/transfers/kranj-si,https://raw.githubusercontent.com/kubaivanov/pictures/main/pinterest/kranj--slovenia--pinterest-pin.png,"4000 Kranj, Slovenia",Kranj,Slovenia,46.2428344,14.3555417,Kranj is Slovenia's 4th largest and most industrialized city. It's a modern town where old meets new.,active,Slovenia,Europe
6395183750,Lake Bohinj,destination,https://daytrip.com/en/transfers/lake-bohinj-si,https://raw.githubusercontent.com/kubaivanov/pictures/main/pinterest/lake-bohinj--slovenia--pinterest-pin.png,"Municipality of Bohinj, Slovenia",Lake Bohinj,Slovenia,46.277563414224176,13.885688781738281,Bohinj is Slovenia's largest permanent lake. The natural beauty of Lake Bohinj remains unspoiled by mass tourism and is a fairytale waiting to be discovered.,active,Slovenia,Europe
6395183751,Ptuj,destination,https://daytrip.com/en/transfers/ptuj-si,https://raw.githubusercontent.com/kubaivanov/pictures/main/pinterest/ptuj--slovenia--pinterest-pin.png,"2250 Ptuj, Slovenia",Ptuj,Slovenia,46.4199535,15.8696884,"Ptuj is the oldest city in Slovenia, dating back to the Stone Age, and has maintained its medieval roots.",active,Slovenia,Europe
6395183753,Izola,destination,https://daytrip.com/en/transfers/izola-si,https://raw.githubusercontent.com/kubaivanov/pictures/main/pinterest/izola--slovenia--pinterest-pin.png,"6310 Izola, Slovenia",Izola,Slovenia,45.5374048,13.6600802,Explore the natural beauty of the Istrian hills and the Gulf of Trieste in this romantic old town.,active,Slovenia,Europe
6395183755,Bovec,destination,https://daytrip.com/en/transfers/bovec-si,https://raw.githubusercontent.com/kubaivanov/pictures/main/pinterest/bovec--slovenia--pinterest-pin.png,"5230 Bovec, Slovenia",Bovec,Slovenia,46.3376387,13.551683,"Revel in the unspoiled nature of this quaint mountain town, surrounded by the Julian Alps.",active,Slovenia,Europe
6395183756,Ljubljana,destination,https://daytrip.com/en/transfers/ljubljana-si,https://raw.githubusercontent.com/kubaivanov/pictures/main/pinterest/ljubljana--slovenia--pinterest-pin.png,"Ljubljana, Slovenia",Ljubljana,Slovenia,46.0569465,14.5057515,"The capital and largest city in Slovenia, Ljubljana is high on the list of the world's most sustainable tourist destinations.",active,Slovenia,Europe
6395183758,Maribor,destination,https://daytrip.com/en/transfers/maribor-si,https://raw.githubusercontent.com/kubaivanov/pictures/main/pinterest/maribor--slovenia--pinterest-pin.png,"2000 Maribor, Slovenia",Maribor,Slovenia,46.5546503,15.6458812,Maribor is the perfect destination for those searching for the perfect mix of city life and a relaxed countryside ambience.,active,Slovenia,Europe
6395183759,Kranjska Gora - Zelenci Lake,destination,https://daytrip.com/en/transfers/kranjska-gora-zelenci-lake-si,https://raw.githubusercontent.com/kubaivanov/pictures/main/pinterest/kranjska-gora-zelenci-lake--slovenia--pinterest-pin.png,"4280 Kranjska Gora, Slovenia",Kranjska Gora - Zelenci Lake,Slovenia,46.4845293,13.7857145,"A peaceful resort town full of Slovenian charm and culture in every season. Enclosed by mountains, it is only fitting that Kranjska Gora is home to Slovenia's best ski resort.",active,Slovenia,Europe
6395183761,Bardejov,destination,https://daytrip.com/en/transfers/bardejov-sk,https://raw.githubusercontent.com/kubaivanov/pictures/main/pinterest/bardejov--slovakia--pinterest-pin.png,,Bardejov,Slovakia,49.29201,21.277204,The picturesque town of Bardejov in North-East Slovakia is famous for its fully intact medieval center and is a UNESCO World Heritage Site.,active,Slovakia,Europe
6395183762,Bratislava,destination,https://daytrip.com/en/transfers/bratislava-sk,https://raw.githubusercontent.com/kubaivanov/pictures/main/pinterest/bratislava--slovakia--pinterest-pin.png,,Bratislava,Slovakia,48.1458923,17.1071373,"Today's exciting and dynamic capital of Slovakia is steeped in the history and influence of the Romans, the Celts, and the Slavs and is well-known for its role in Jewish history",active,Slovakia,Europe
6395183763,Banska Stiavnica,destination,https://daytrip.com/en/transfers/banska-stiavnica-sk,https://raw.githubusercontent.com/kubaivanov/pictures/main/pinterest/banska-stiavnica--slovakia--pinterest-pin.png,,Banska Stiavnica,Slovakia,48.457623,18.89162,The completely preserved medieval town of Banka Stiavnica is famous for its silver mining and was declared a UNESCO World Heritage Site in 1993.,active,Slovakia,Europe
6395183764,Levoca,destination,https://daytrip.com/en/transfers/levoca-sk,https://raw.githubusercontent.com/kubaivanov/pictures/main/pinterest/levoca--slovakia--pinterest-pin.png,"Levoča, Slovakia",Levoca,Slovakia,49.0202097,20.5843112,"This fortified medieval village is earned a spot on the UNESCO list for its rich history, amazing architecture, and 'cage of shame'.",active,Slovakia,Europe
6395183765,Kosice,destination,https://daytrip.com/en/transfers/kosice-sk,https://raw.githubusercontent.com/kubaivanov/pictures/main/pinterest/kosice--slovakia--pinterest-pin.png,"Košice, Slovakia",Kosice,Slovakia,48.7163857,21.2610746,"Kosice is the largest city in eastern Slovakia. With its lively past and distinguished street art scene, it's no wonder why the city was named the European Capital of Culture in 2013.",active,Slovakia,Europe
6395183766,Strbske Pleso Mountain Lake,destination,https://daytrip.com/en/transfers/strbske-pleso-sk,https://raw.githubusercontent.com/kubaivanov/pictures/main/pinterest/strbske-pleso-mountain-lake--slovakia--pinterest-pin.png,"Štrbské Pleso, 059 85 Vysoké Tatry-Štrbské Pleso, Slovakia",Strbske Pleso Mountain Lake,Slovakia,49.1193882,20.0630114,Štrbské Pleso is a local favorite and the largest glacial mountain lake in High Tatras Slovakia.,active,Slovakia,Europe
6395183767,Totness,destination,https://daytrip.com/en/transfers/totness-sr,https://raw.githubusercontent.com/kubaivanov/pictures/main/pinterest/totness--suriname--pinterest-pin.png,"Totness, Suriname",Totness,Suriname,5.8719379,-56.332077299999987,"Photo (1) by Fanieza, CC BY-SA 4.0 , via Wikimedia Commons Photo (2) by Rob Oo from NL - Church on Sunday, CC BY 2.0, https://commons.wikimedia.org/w/index.php?curid=66546414",active,Suriname,South America
6395183769,Santa Ana,destination,https://daytrip.com/en/transfers/santa-ana-sv,https://raw.githubusercontent.com/kubaivanov/pictures/main/pinterest/santa-ana--el-salvador--pinterest-pin.png,"Santa Ana, salvador",Santa Ana,El Salvador,13.9778279,-89.563911900000008,"Made rich from coffee, this city built itself up as one of the most magnificent in Latin America.",active,El Salvador,North America
6395183770,San Salvador,destination,https://daytrip.com/en/transfers/san-salvador-sv,https://raw.githubusercontent.com/kubaivanov/pictures/main/pinterest/san-salvador--el-salvador--pinterest-pin.png,San Salvador,San Salvador,El Salvador,13.6929403,-89.2181911,"El Salvador's capital has a bad rap, but it's downtown area has received a visitor-friendly face-lift.",active,El Salvador,North America
6395183771,Phitsanulok,destination,https://daytrip.com/en/transfers/phitsanulok-th,https://raw.githubusercontent.com/kubaivanov/pictures/main/pinterest/phitsanulok--thailand--pinterest-pin.png,Phitsanulok,Phitsanulok,Thailand,16.8211238,100.2658516,"The birthplace of kings and former Thai capital, this historic city has a wealth of heritage sites.",active,Thailand,Asia
6395183772,Phraya Nakhon Cave,destination,https://daytrip.com/en/transfers/phraya-nakhon-cave-th,https://raw.githubusercontent.com/kubaivanov/pictures/main/pinterest/phraya-nakhon-cave--thailand--pinterest-pin.png,Phraya Nakhon cave,Phraya Nakhon Cave,Thailand,12.1959274,100.0116231,"One of the most beautiful caves in Thailand, an opening in this giant cavern illuminates an intricate royal pavilion.",active,Thailand,Asia
6395183773,Lopburi,destination,https://daytrip.com/en/transfers/lopburi-th,https://raw.githubusercontent.com/kubaivanov/pictures/main/pinterest/lopburi--thailand--pinterest-pin.png,Lopburi,Lopburi,Thailand,14.802163549511084,100.61491845156252,"Sure there's a wealth of historic monuments, but it's the troops of monkeys that steal the show (and whatever else they can grab).",active,Thailand,Asia
6395183774,Khao Yai,destination,https://daytrip.com/en/transfers/khao-yai-national-park-th,https://raw.githubusercontent.com/kubaivanov/pictures/main/pinterest/khao-yai--thailand--pinterest-pin.png,Khao Yai National Park,Khao Yai,Thailand,14.4391748,101.3724849,"One of the largest and finest parks in Thailand, this UNESCO World Heritage site lets visitors immerse themselves in a monsoon forest.",active,Thailand,Asia
6395183775,Pattaya,destination,https://daytrip.com/en/transfers/pattaya-th,https://raw.githubusercontent.com/kubaivanov/pictures/main/pinterest/pattaya--thailand--pinterest-pin.png,Pattaya,Pattaya,Thailand,12.9235557,100.8824551,"Though best known for its nightlife, this beach resort city offers plenty of more low-key attractions.",active,Thailand,Asia
6395183776,Chiang Mai,destination,https://daytrip.com/en/transfers/chiang-mai-th,https://raw.githubusercontent.com/kubaivanov/pictures/main/pinterest/chiang-mai--thailand--pinterest-pin.png,Chiang Mai,Chiang Mai,Thailand,18.789291516872066,98.990986014355485,"Recently voted the best city in Asia, this ancient capital has retained its rich heritage and laid-back attitude.",active,Thailand,Asia
6395183777,Chiang Rai,destination,https://daytrip.com/en/transfers/chiang-rai-th,https://raw.githubusercontent.com/kubaivanov/pictures/main/pinterest/chiang-rai--thailand--pinterest-pin.png,Chiang Rai,Chiang Rai,Thailand,19.9104798,99.840576,"One of Thailand's oldest settlements, this provincial city boasts a laid-back atmosphere and some eye-opening attractions.",active,Thailand,Asia
6395183778,Ubon Ratchathani,destination,https://daytrip.com/en/transfers/ubon-ratchathani-th,https://raw.githubusercontent.com/kubaivanov/pictures/main/pinterest/ubon-ratchathani--thailand--pinterest-pin.png,Ubon Ratchathani,Ubon Ratchathani,Thailand,15.228116935748169,104.85656921435543,"This charming city is one of the most hospitable in the country, with friendly people, great food, and a wealth of temples.",active,Thailand,Asia
6395183779,Erawan,destination,https://daytrip.com/en/transfers/erawan-th,https://raw.githubusercontent.com/kubaivanov/pictures/main/pinterest/erawan--thailand--pinterest-pin.png,"Erewan, Thailand",Erawan,Thailand,14.375542197378584,99.144081188360587,The beautiful waterfalls in this national park are a favourite swimming spot for locals and visitors alike.,active,Thailand,Asia
6395183780,Lampang,destination,https://daytrip.com/en/transfers/lampang-th,https://raw.githubusercontent.com/kubaivanov/pictures/main/pinterest/lampang--thailand--pinterest-pin.png,Lampang,Lampang,Thailand,18.2855395,99.5127895,This charming riverside city is the last place in Thailand where you can still ride a horse-drawn carriage.,active,Thailand,Asia
6395183782,Sukhothai,destination,https://daytrip.com/en/transfers/sukhothai-th,https://raw.githubusercontent.com/kubaivanov/pictures/main/pinterest/sukhothai--thailand--pinterest-pin.png,"Sukhothai, Thailand",Sukhothai,Thailand,17.018558815865234,99.704864329772931,This UNESCO World Heritage Site is considered the cradle of Thai civilization.,active,Thailand,Asia
6395183783,Ayutthaya,destination,https://daytrip.com/en/transfers/ayutthaya-th,https://raw.githubusercontent.com/kubaivanov/pictures/main/pinterest/ayutthaya--thailand--pinterest-pin.png,Ayutthaya,Ayutthaya,Thailand,14.351937544739449,100.55590604526367,"These amazing UNESCO-listed ruins are all that remain of Thailand's former capital, which was once the largest city in the world.",active,Thailand,Asia
6395183784,Nakhon Ratchasima,destination,https://daytrip.com/en/transfers/nakhon-ratchasima-th,https://raw.githubusercontent.com/kubaivanov/pictures/main/pinterest/nakhon-ratchasima--thailand--pinterest-pin.png,Nakhon Ratchasima,Nakhon Ratchasima,Thailand,14.9738493,102.083652,"With its own local folk hero, wealth of shrines, and fusion cuisine, this historic city marks the start of Isaan.",active,Thailand,Asia
6395183785,Surin,destination,https://daytrip.com/en/transfers/surin-th,https://raw.githubusercontent.com/kubaivanov/pictures/main/pinterest/surin--thailand--pinterest-pin.png,"Surin, Thailand",Surin,Thailand,14.882905,103.4937107,This quiet city celebrates its time-honored relationship with elephants with vibrant festivals.,active,Thailand,Asia
6395183786,Chanthaburi,destination,https://daytrip.com/en/transfers/chanthaburi-th,https://raw.githubusercontent.com/kubaivanov/pictures/main/pinterest/chanthaburi--thailand--pinterest-pin.png,Chanthaburi,Chanthaburi,Thailand,12.6112485,102.1037806,"Even though it's home to Thailand's largest cathedral, a booming gem market, and a historic waterfront, this riverside city is still overlooked by many tourists.",active,Thailand,Asia
6395183787,Nakhon Pathom,destination,https://daytrip.com/en/transfers/nakhon-pathom-th,https://raw.githubusercontent.com/kubaivanov/pictures/main/pinterest/nakhon-pathom--thailand--pinterest-pin.png,Nakhon Pathom,Nakhon Pathom,Thailand,13.8199206,100.0621676,"Thailand's oldest city might be sleepy, but it has some fantastic cultural attractions, including the world's tallest chedi and a royal summer palace.",active,Thailand,Asia
6395183788,Khon Kaen,destination,https://daytrip.com/en/transfers/khon-kaen-th,https://raw.githubusercontent.com/kubaivanov/pictures/main/pinterest/khon-kaen--thailand--pinterest-pin.png,Khon Kaen,Khon Kaen,Thailand,16.4321938,102.8236214,"The most youthful city in the region is modernizing to keep up with its large student population, but it still honors its history.",active,Thailand,Asia
6395183789,Sai Yok,destination,https://daytrip.com/en/transfers/sai-yok-th,https://raw.githubusercontent.com/kubaivanov/pictures/main/pinterest/sai-yok--thailand--pinterest-pin.png,Sai Yok National Park,Sai Yok,Thailand,14.4376053,98.850588399999992,The prince of Thailand himself wrote a song about this park's natural beauty.,active,Thailand,Asia
6395183790,Khao Sok,destination,https://daytrip.com/en/transfers/khao-sok-national-park-th,https://raw.githubusercontent.com/kubaivanov/pictures/main/pinterest/khao-sok--thailand--pinterest-pin.png,Khao Sok National Park,Khao Sok,Thailand,8.9154549,98.528404099999989,"The rainforest protected by this park is older and more diverse than the Amazon, containing over five percent of the world's species.",active,Thailand,Asia
6395183792,Surat Thani,destination,https://daytrip.com/en/transfers/surat-thani-th,https://raw.githubusercontent.com/kubaivanov/pictures/main/pinterest/surat-thani--thailand--pinterest-pin.png,Surat Thani,Surat Thani,Thailand,9.1341948999999989,99.3334198,"This riverfront city is a great place to immerse yourself in the sights, sounds, and flavors of a Thai working city.",active,Thailand,Asia
6395183793,Phuket,destination,https://daytrip.com/en/transfers/phuket-th,https://raw.githubusercontent.com/kubaivanov/pictures/main/pinterest/phuket--thailand--pinterest-pin.png,Phuket,Phuket,Thailand,7.8818827021868119,98.389243490332092,The hip capital of Thailand's largest island offers an intoxicating blend of natural beauty and cultural heritage.,active,Thailand,Asia
6395183794,Khujand,destination,https://daytrip.com/en/transfers/khujand-tj,https://raw.githubusercontent.com/kubaivanov/pictures/main/pinterest/khujand--tajikistan--pinterest-pin.png,Khujand,Khujand,Tajikistan,40.2735091,69.63923539999999,"Situated on the banks of the Syr Darya River, this ancient city boasts a legacy dating back over 2,500 years, making it one of Central Asia's oldest continuously inhabited settlements.",active,Tajikistan,Asia
6395183795,Sfax,destination,https://daytrip.com/en/transfers/sfax-tn,https://raw.githubusercontent.com/kubaivanov/pictures/main/pinterest/sfax--tunisia--pinterest-pin.png,Sfax,Sfax,Tunisia,34.739822,10.7600196,Tunisia's second largest city offers an authentic and unsullied look at the country's culture.,active,Tunisia,Africa
6395183796,El Jem,destination,https://daytrip.com/en/transfers/el-jem-tn,https://raw.githubusercontent.com/kubaivanov/pictures/main/pinterest/el-jem--tunisia--pinterest-pin.png,"El Jem, Tunisia",El Jem,Tunisia,35.2977634801058,10.708013280981504,The UNESCO-listed Roman amphitheater in this sleepy town is second only to the colosseum in Rome itself.,active,Tunisia,Africa
6395183797,Dougga,destination,https://daytrip.com/en/transfers/dougga-tn,https://raw.githubusercontent.com/kubaivanov/pictures/main/pinterest/dougga--tunisia--pinterest-pin.png,Dougga,Dougga,Tunisia,36.4229381,9.2193481999999989,"The best-preserved Roman town in North Africa, this UNESCO World Heritage Site is filled with temples funded by its rich residents.",active,Tunisia,Africa
6395183798,Monastir,destination,https://daytrip.com/en/transfers/monastir-tn,https://raw.githubusercontent.com/kubaivanov/pictures/main/pinterest/monastir--tunisia--pinterest-pin.png,Monastir,Monastir,Tunisia,35.7642515,10.8112885,"The birthplace of Tunisia's first president, this resort city is watched over by a medieval fort, which famously appeared in Monty Python's Life of Brian.",active,Tunisia,Africa
6395183801,Carthage,destination,https://daytrip.com/en/transfers/carthage-tn,https://raw.githubusercontent.com/kubaivanov/pictures/main/pinterest/carthage--tunisia--pinterest-pin.png,Carthage,Carthage,Tunisia,36.8529199,10.3217245,"These UNESCO-listed ruins mark the remains of ancient Rome's greatest rival, and the empire's third largest city.",active,Tunisia,Africa
6395183802,Mahdia,destination,https://daytrip.com/en/transfers/mahdia-tn,https://raw.githubusercontent.com/kubaivanov/pictures/main/pinterest/mahdia--tunisia--pinterest-pin.png,Mahdia,Mahdia,Tunisia,35.5024461,11.045721,Tunisia's medieval capital is a cultural treasure-trove by the sea.,active,Tunisia,Africa
6395183803,Hammamet,destination,https://daytrip.com/en/transfers/hammamet-tn,https://raw.githubusercontent.com/kubaivanov/pictures/main/pinterest/hammamet--tunisia--pinterest-pin.png,Hammamet,Hammamet,Tunisia,36.4072574,10.6224706,Tunisia's original resort town is a laid-back retreat that has preserved its historic roots.,active,Tunisia,Africa
6395183804,Sousse,destination,https://daytrip.com/en/transfers/sousse-tn,https://raw.githubusercontent.com/kubaivanov/pictures/main/pinterest/sousse--tunisia--pinterest-pin.png,Sousse,Sousse,Tunisia,35.8245029,10.634584,This ancient city and its UNESCO-listed medina offers a fascinating look at Tunisia's rich history.,active,Tunisia,Africa
6395183805,Kairouan,destination,https://daytrip.com/en/transfers/kairouan-tn,https://raw.githubusercontent.com/kubaivanov/pictures/main/pinterest/kairouan--tunisia--pinterest-pin.png,Kairouan,Kairouan,Tunisia,35.6711663,10.1005469,"The fourth most holy city in the Muslim world, the UNESCO-listed medina is centered around North Africa's oldest and most influential mosque.",active,Tunisia,Africa
6395183806,Edirne,destination,https://daytrip.com/en/transfers/edirne-tr,https://raw.githubusercontent.com/kubaivanov/pictures/main/pinterest/edirne--turkey--pinterest-pin.png,"Edirne, Edirne Merkez/Edirne, Turkey",Edirne,Turkey,41.677129699999988,26.5557145,"Once the capital of the Ottoman Empire, this border city is renowned for its European atmosphere and UNESCO-listed mosque.",active,Turkey,Asia
6395183807,Bursa,destination,https://daytrip.com/en/transfers/bursa-tr,https://raw.githubusercontent.com/kubaivanov/pictures/main/pinterest/bursa--turkey--pinterest-pin.png,Bursa,Bursa,Turkey,40.1885281,29.0609636,"This UNESCO-listed ancient city birthed the Ottoman Empire, and is still filled with monument memorializing this era.",active,Turkey,Asia
6395183808,Istanbul - East,destination,https://daytrip.com/en/transfers/istanbul-east-tr,https://raw.githubusercontent.com/kubaivanov/pictures/main/pinterest/istanbul-east--turkey--pinterest-pin.png,Istanbul - East,Istanbul - East,Turkey,40.91386964198535,29.316572142578121,"Position: 40.901415,29.353651 Radius: 18000.00 Meters",active,Turkey,Asia
6395183809,Hopa,destination,https://daytrip.com/en/transfers/hopa-tr,https://raw.githubusercontent.com/kubaivanov/pictures/main/pinterest/hopa--turkey--pinterest-pin.png,Hopa,Hopa,Turkey,41.394618000000008,41.419843,"Hopa is where history meets sea-spray, and taste buds tango with the Black Sea's bounty",active,Turkey,Asia
6395183810,Izmir,destination,https://daytrip.com/en/transfers/izmir-tr,https://raw.githubusercontent.com/kubaivanov/pictures/main/pinterest/izmir--turkey--pinterest-pin.png,Izmir,Izmir,Turkey,38.423734,27.142826,This ancient coastal city offers a laid-back sampling of Turkish culture.,active,Turkey,Asia
6395183811,Kars,destination,https://daytrip.com/en/transfers/kars-tr,https://raw.githubusercontent.com/kubaivanov/pictures/main/pinterest/kars--turkey--pinterest-pin.png,Kars,Kars,Turkey,40.6013378,43.0974525,"Kars, a city deeply steeped in history, emanates a unique charm from centuries of Armenian influence, interwoven with a tapestry of other cultures, each leaving its mark on the city's cultural and architectural essence.",active,Turkey,Asia
6395183812,Artvin,destination,https://daytrip.com/en/transfers/artvin-tr,https://raw.githubusercontent.com/kubaivanov/pictures/main/pinterest/artvin--turkey--pinterest-pin.png,Artvin,Artvin,Turkey,41.180937,41.820819,"This city serves as a breath of fresh air, providing a tranquil sanctuary nestled within a stunning tableau of mountains, forests, lakes, and waterfalls.",active,Turkey,Asia
6395183813,Sirince Koyu,destination,https://daytrip.com/en/transfers/sirince-koyu-tr,https://raw.githubusercontent.com/kubaivanov/pictures/main/pinterest/sirince-koyu--turkey--pinterest-pin.png,Sirince Koyu,Sirince Koyu,Turkey,37.944101,27.431625,"This tiny village is so charming that doomsdayers flocked here in 2012 believing its ""positive energy"" would save them from the Mayan Apocalypse.",active,Turkey,Asia
6395183814,Safranbolu,destination,https://daytrip.com/en/transfers/safranbolu-tr,https://raw.githubusercontent.com/kubaivanov/pictures/main/pinterest/safranbolu--turkey--pinterest-pin.png,Safranbolu,Safranbolu,Turkey,41.249306,32.683128,"Once a major saffron producer, Turks and tourists alike come to this UNESCO-listed town to immerse themselves in its Ottoman culture.",active,Turkey,Asia
6395183815,Iznik,destination,https://daytrip.com/en/transfers/iznik-tr,https://raw.githubusercontent.com/kubaivanov/pictures/main/pinterest/iznik--turkey--pinterest-pin.png,Iznik,Iznik,Turkey,40.429524,29.719743,"Once the pottery capital of the world, this sleepy lakeside town is a tentative UNESCO site for its 2000 years of history.",active,Turkey,Asia
6395183816,Eskisehir,destination,https://daytrip.com/en/transfers/eskisehir-tr,https://raw.githubusercontent.com/kubaivanov/pictures/main/pinterest/eskisehir--turkey--pinterest-pin.png,Eskisehir,Eskisehir,Turkey,39.7667061,30.525631099999991,"Outside of its preserved old town, a huge student population and modern revamping have transformed this ancient city into one of the most vibrant in Turkey.",active,Turkey,Asia
6395183817,Trabzon,destination,https://daytrip.com/en/transfers/trabzon-tr,https://raw.githubusercontent.com/kubaivanov/pictures/main/pinterest/trabzon--turkey--pinterest-pin.png,Trabzon,Trabzon,Turkey,41.0026969,39.7167633,"Embracing authenticity and charm, Trabzon appeals to visitors with its stunning natural landscapes, delectable seafood, and a rich cultural heritage steeped in history and local traditions.",active,Turkey,Asia
6395183818,Fethiye,destination,https://daytrip.com/en/transfers/fethiye-tr,https://raw.githubusercontent.com/kubaivanov/pictures/main/pinterest/fethiye--turkey--pinterest-pin.png,Fethiye,Fethiye,Turkey,36.659246,29.126347,This laid-back resort town is unlike any other - here you'll find ancient sarcophagi in the streets and tombs in the hills.,active,Turkey,Asia
6395183819,Ankara,destination,https://daytrip.com/en/transfers/ankara-tr,https://raw.githubusercontent.com/kubaivanov/pictures/main/pinterest/ankara--turkey--pinterest-pin.png,Ankara,Ankara,Turkey,39.9333635,32.8597419,Turkey's often-overlooked capital is an increasingly sophisticated metropolis with a variety of historic attractions.,active,Turkey,Asia
6395183820,Ephesus,destination,https://daytrip.com/en/transfers/ephesus-tr,https://raw.githubusercontent.com/kubaivanov/pictures/main/pinterest/ephesus--turkey--pinterest-pin.png,Ephesus Turkey,Ephesus,Turkey,37.9484155,27.3680552,"Surpassed only by Ancient Rome, this UNESCO World Heritage Site was home to one of the Seven Wonders of the World.",active,Turkey,Asia
6395183821,Konya,destination,https://daytrip.com/en/transfers/konya-tr,https://raw.githubusercontent.com/kubaivanov/pictures/main/pinterest/konya--turkey--pinterest-pin.png,Konya,Konya,Turkey,37.8746429,32.4931554,"The birthplace of the famed Whirling Dervishes, this ancient city is proudly conservative and brimming with monuments.",active,Turkey,Asia
6395183822,Pamukkale,destination,https://daytrip.com/en/transfers/pamukkale-tr,https://raw.githubusercontent.com/kubaivanov/pictures/main/pinterest/pamukkale--turkey--pinterest-pin.png,Hierapolis and Pamukkale,Pamukkale,Turkey,37.9136957,29.1187097,"At this UNESCO World Heritage Site, tremendous travertine terraces are crowned by the ruins of a Grecco-Roman spa town.",active,Turkey,Asia
6395183823,Rize,destination,https://daytrip.com/en/transfers/rize-tr,https://raw.githubusercontent.com/kubaivanov/pictures/main/pinterest/rize--turkey--pinterest-pin.png,Rize,Rize,Turkey,41.025511,40.517666,"Untouched by mass tourism, Rize is the perfect tea-loving, traditonal, authentic spot to discover in the Black Sea region.",active,Turkey,Asia
6395183824,Taoyuan,destination,https://daytrip.com/en/transfers/taoyuan-tw,https://raw.githubusercontent.com/kubaivanov/pictures/main/pinterest/taoyuan--taiwan--pinterest-pin.png,Taoyuan District,Taoyuan,Taiwan,24.9917033,121.2989587,"Translating to ""peach garden"" in Chinese due to its historical abundance of peach trees, this city has evolved from a satellite city of the Taipei metropolitan area into Taiwan's fifth-largest populated city.",active,Taiwan,Asia
6395183826,Nantou,destination,https://daytrip.com/en/transfers/nantou-tw,https://raw.githubusercontent.com/kubaivanov/pictures/main/pinterest/nantou--taiwan--pinterest-pin.png,Nantou,Nantou,Taiwan,23.9179593,120.6775164,"The second-largest county in Taiwan is celebrated for its vast tea plantations that seem to stretch on endlessly, along with picturesque lakes and cultural heritage.",active,Taiwan,Asia
6395183827,Tainan,destination,https://daytrip.com/en/transfers/tainan-tw,https://raw.githubusercontent.com/kubaivanov/pictures/main/pinterest/tainan--taiwan--pinterest-pin.png,Tainan,Tainan,Taiwan,22.9998999,120.2268758,"Also affectionately known as the ""Capital City,"" Taiwan's oldest and most historically significant city boasts over 200 years of rich heritage.",active,Taiwan,Asia
6395183828,Chiayi,destination,https://daytrip.com/en/transfers/chiayi-tw,https://raw.githubusercontent.com/kubaivanov/pictures/main/pinterest/chiayi--taiwan--pinterest-pin.png,Chiayi,Chiayi,Taiwan,23.4800751,120.4491113,"Bordered by mountains on one side and the sea on the other, this city is surrounded by natural splendor and has become a popular summer destination.",active,Taiwan,Asia
6395183829,Qingjing Farm,destination,https://daytrip.com/en/transfers/qingjing-farm-tw,https://raw.githubusercontent.com/kubaivanov/pictures/main/pinterest/qingjing-farm--taiwan--pinterest-pin.png,Qingjing Farm,Qingjing Farm,Taiwan,24.059000539964938,121.16390128360598,"Enjoy beautiful mountain views, stunning nature and get yourself acquainted with this farm's adorable animals",active,Taiwan,Asia
6395183830,Hsinchu,destination,https://daytrip.com/en/transfers/hsinchu-tw,https://raw.githubusercontent.com/kubaivanov/pictures/main/pinterest/hsinchu--taiwan--pinterest-pin.png,Hsinchu,Hsinchu,Taiwan,24.8138287,120.9674798,"Hsinchu, with its rich culture, delightful cuisine, and historical treasures, invites travelers to uncover its hidden charms and unique character.",active,Taiwan,Asia
6395183831,Miaoli,destination,https://daytrip.com/en/transfers/miaoli-tw,https://raw.githubusercontent.com/kubaivanov/pictures/main/pinterest/miaoli--taiwan--pinterest-pin.png,Miaoli,Miaoli,Taiwan,24.561095778746857,120.82056819311526,"Miaoli is a thriving hub of Hakka culture, Taiwan's largest ethnic minority, and has gained recognition as a slow-living and slow-travel destination with a leisurely pace of life.",active,Taiwan,Asia
6395183832,Arusha,destination,https://daytrip.com/en/transfers/arusha-tz,https://raw.githubusercontent.com/kubaivanov/pictures/main/pinterest/arusha--tanzania--pinterest-pin.png,Arusha,Arusha,Tanzania,-3.3722738774449112,36.694494012255845,"In the shadow of Tanzania's second highest peak, the city's safari capital is well known for its local products.",active,Tanzania,Africa
6395183833,Ivano-Frankivsk,destination,https://daytrip.com/en/transfers/ivano-frankivsk-ua,https://raw.githubusercontent.com/kubaivanov/pictures/main/pinterest/ivano-frankivsk--ukraine--pinterest-pin.png,"Ivano-Frankivsk, Ivano-Frankivs'ka oblast, Ukraine, 76000",Ivano-Frankivsk,Ukraine,48.922633,24.711117,This town's charming buildings and laid-back atmosphere provide a pleasant place to prepare for the health and ski resorts of Zakarpattia.,active,Ukraine,Europe
6395183834,Chernivtsi,destination,https://daytrip.com/en/transfers/chernivtsi-ua,https://raw.githubusercontent.com/kubaivanov/pictures/main/pinterest/chernivtsi--ukraine--pinterest-pin.png,"Chernivtsi, Chernivets'ka oblast, Ukraine, 58000",Chernivtsi,Ukraine,48.2920787,25.9358367,"With its UNESCO-listed university and generous serving of Austrian-designed architecture, this little city is one of the most important cultural centers in Western Ukraine.",active,Ukraine,Europe
6395183835,Lviv,destination,https://daytrip.com/en/transfers/lviv-ua,https://raw.githubusercontent.com/kubaivanov/pictures/main/pinterest/lviv--ukraine--pinterest-pin.png,"Lviv, Lviv Oblast, Ukraine, 79000",Lviv,Ukraine,49.839683,24.029717,"With its UNESCO-listed town center, Lviv has the historic charm of western Europe's better-known capitals.",active,Ukraine,Europe
6395183836,Moroto Town,destination,https://daytrip.com/en/transfers/moroto-town-ug,https://raw.githubusercontent.com/kubaivanov/pictures/main/pinterest/moroto-town--uganda--pinterest-pin.png,Moroto Town uganda,Moroto Town,Uganda,2.5282234,34.6579985,"This cattle keeping town may strike you as simple, but it is anything but. From cultural museums to welcoming locals, you'll be surprised at every turn.",active,Uganda,Africa
6395183837,Jinja,destination,https://daytrip.com/en/transfers/jinja-ug,https://raw.githubusercontent.com/kubaivanov/pictures/main/pinterest/jinja--uganda--pinterest-pin.png,Jinja uganda,Jinja,Uganda,0.44785659999999988,33.2026122,"An area full of somber and contentious history has reinvented itself as a thrill seekers paradise, all located in a gorgeous natural setting covered in colonial relics.",active,Uganda,Africa
6395183838,Murchison Falls,destination,https://daytrip.com/en/transfers/murchison-falls-ug,https://raw.githubusercontent.com/kubaivanov/pictures/main/pinterest/murchison-falls--uganda--pinterest-pin.png,Kabalega Falls,Murchison Falls,Uganda,2.2784825,31.6854957,Tourism helps protect this stunning cascade where the Nile rushes through a narrow gorge from development.,active,Uganda,Africa
6395183839,Lake Bunyonyi,destination,https://daytrip.com/en/transfers/lake-bunyonyi-ug,https://raw.githubusercontent.com/kubaivanov/pictures/main/pinterest/lake-bunyonyi--uganda--pinterest-pin.png,"Lake Bunyonyi, lost paradise beach",Lake Bunyonyi,Uganda,-1.2969032092696473,29.943062089965807,Africa's deepest crater lake contains more than 25 islands in this beautiful hillside setting,active,Uganda,Africa
6395183840,Fort Portal,destination,https://daytrip.com/en/transfers/fort-portal-ug,https://raw.githubusercontent.com/kubaivanov/pictures/main/pinterest/fort-portal--uganda--pinterest-pin.png,Fort Portal,Fort Portal,Uganda,0.6546257,30.2801166,The seat of the Toro Kingdom is the friendly gateway to some of Uganda's most spectacular natural attractions.,active,Uganda,Africa
6395183841,Ziwa Rhino Sanctuary,destination,https://daytrip.com/en/transfers/ziwa-rhino-sanctuary-ug,https://raw.githubusercontent.com/kubaivanov/pictures/main/pinterest/ziwa-rhino-sanctuary--uganda--pinterest-pin.png,Ziwa Rhino Sanctuary,Ziwa Rhino Sanctuary,Uganda,1.4481099,32.0790482,The only wild rhinos in Uganda reside in this sanctuary - see them in their natural habitat with an on-foot trek!,active,Uganda,Africa
6395183842,Gulu,destination,https://daytrip.com/en/transfers/gulu-ug,https://raw.githubusercontent.com/kubaivanov/pictures/main/pinterest/gulu--uganda--pinterest-pin.png,Gulu uganda,Gulu,Uganda,2.7724038,32.2880726,"Once a city of turmoil, a decade of peace has seen this place truly thrive",active,Uganda,Africa
6395183843,Lake Mburo National Park,destination,https://daytrip.com/en/transfers/lake-mburo-national-park-ug,https://raw.githubusercontent.com/kubaivanov/pictures/main/pinterest/lake-mburo-national-park--uganda--pinterest-pin.png,Lake Mburo National Park,Lake Mburo National Park,Uganda,-0.5805323,30.9919254,The smallest savannah in Uganda houses a large variety of local wildlife in this microcosm of the continent's most iconic landscape,active,Uganda,Africa
6395183844,Mbale Town,destination,https://daytrip.com/en/transfers/mbale-town-ug,https://raw.githubusercontent.com/kubaivanov/pictures/main/pinterest/mbale-town--uganda--pinterest-pin.png,Mbale Town,Mbale Town,Uganda,1.0784436,34.1810057,This almost-city will prove why it is becoming a lively place with special sites around every corner.,active,Uganda,Africa
6395183845,Kampala,destination,https://daytrip.com/en/transfers/kampala-ug,https://raw.githubusercontent.com/kubaivanov/pictures/main/pinterest/kampala--uganda--pinterest-pin.png,"Kampala, uganda",Kampala,Uganda,0.3475964,32.5825197,"Discover the culture that is full of life and sure to surprise you, from the welcoming locals to the rich history, this capital is Uganda's gem.",active,Uganda,Africa
6395183846,Kabale,destination,https://daytrip.com/en/transfers/kabale-ug,https://raw.githubusercontent.com/kubaivanov/pictures/main/pinterest/kabale--uganda--pinterest-pin.png,Kabale uganda,Kabale,Uganda,-1.241956,29.9856157,"Surrounded by green hills, this is a pleasant stop on the way to the national parks",active,Uganda,Africa
6395183847,Acadia National Park,destination,https://daytrip.com/en/transfers/acadia-national-park-us,https://raw.githubusercontent.com/kubaivanov/pictures/main/pinterest/acadia-national-park--united-states--pinterest-pin.png,Beehive Trailhead,Acadia National Park,United States,44.3315741,-68.185321,"With the highest headlands on the Atlantic coast, this dramatic landscape is one of the most beautiful in the Northeast.",active,United States,North America
6395183848,"Monument Valley, AZ",destination,https://daytrip.com/en/transfers/monument-valley-az-us,https://raw.githubusercontent.com/kubaivanov/pictures/main/pinterest/monument-valley-az--united-states--pinterest-pin.png,Monument Valley,"Monument Valley, AZ",United States,36.982397673297349,-110.11296278635254,"The embodiment of the American Southwest, these dramatic buttes and mesas are the sacred heart of the Navajo Nation.",active,United States,North America
6395183849,"Montgomery, AL",destination,https://daytrip.com/en/transfers/montgomery-al-us,https://raw.githubusercontent.com/kubaivanov/pictures/main/pinterest/montgomery-al--united-states--pinterest-pin.png,"Montgomery, AL","Montgomery, AL",United States,32.3792233,-86.3077368,The Alabama state capital has turned a turbulent history into a lesson in progress.,active,United States,North America
6395183850,"Pensacola, FL",destination,https://daytrip.com/en/transfers/pensacola-fl-us,https://raw.githubusercontent.com/kubaivanov/pictures/main/pinterest/pensacola-fl--united-states--pinterest-pin.png,"Pensacola, FL","Pensacola, FL",United States,30.42130899999999,-87.2169149,Experience the beauty of the gulf while soaking in the history of the (sort of) oldest settlement in the US.,active,United States,North America
6395183851,Six Flags Great Adventure,destination,https://daytrip.com/en/transfers/six-flags-great-adventure-us,https://raw.githubusercontent.com/kubaivanov/pictures/main/pinterest/six-flags-great-adventure--united-states--pinterest-pin.png,Six Flags Great Adventure,Six Flags Great Adventure,United States,40.1370678,-74.4402149,The world's second largest theme park has everything from thrill rides to a drive-through safari!,active,United States,North America
6395183853,"Jekyll Island, GA",destination,https://daytrip.com/en/transfers/jekyll-island-ga-us,https://raw.githubusercontent.com/kubaivanov/pictures/main/pinterest/jekyll-island-ga--united-states--pinterest-pin.png,"Jekyll Island, GA","Jekyll Island, GA",United States,31.07349189999999,-81.4114142,"This idyllic island was home to Native American tribes, European soldiers, and even some of the country's most illustrious citizens!",active,United States,North America
6395183854,"Springfield, MA",destination,https://daytrip.com/en/transfers/springfield-ma-us,https://raw.githubusercontent.com/kubaivanov/pictures/main/pinterest/springfield-ma--united-states--pinterest-pin.png,"Springfield, MA","Springfield, MA",United States,42.1014831,-72.589811,"From the Titanic to Dr. Seuss, this little city is mad for museums.",active,United States,North America
6395183855,Trees of Mystery,destination,https://daytrip.com/en/transfers/trees-of-mystery-us,https://raw.githubusercontent.com/kubaivanov/pictures/main/pinterest/trees-of-mystery--united-states--pinterest-pin.png,Trees of Mystery,Trees of Mystery,United States,41.584849,-124.086106,"This extraordinary park is a testament to the grandeur of nature, featuring trails that wind through ancient Giant Redwoods and a unique assortment of tree formations.",active,United States,North America
6395183856,"Providence, RI",destination,https://daytrip.com/en/transfers/providence-ri-us,https://raw.githubusercontent.com/kubaivanov/pictures/main/pinterest/providence-ri--united-states--pinterest-pin.png,"Providence, RI","Providence, RI",United States,41.8239891,-71.4128343,"One of the oldest cities in the United States, the Rhode Island capital is a vibrant blend of old and new. where a rich history awaits your visit!",active,United States,North America
6395183857,"Sedona, AZ",destination,https://daytrip.com/en/transfers/sedona-az-us,https://raw.githubusercontent.com/kubaivanov/pictures/main/pinterest/sedona-az--united-states--pinterest-pin.png,"Sedona, United States","Sedona, AZ",United States,34.8697395,-111.7609896,"Surrounded by stunning red rock formations, this desert city embodies the Southwest.",active,United States,North America
6395183858,"St. Augustine, FL",destination,https://daytrip.com/en/transfers/st-augustine-fl-us,https://raw.githubusercontent.com/kubaivanov/pictures/main/pinterest/st-augustine-fl--united-states--pinterest-pin.png,"St. Augustine, FL, United States","St. Augustine, FL",United States,29.9012437,-81.31243409999999,"Immerse yourself in the past, stroll into the present, and get a feel of wonders of America's oldest city.",active,United States,North America
6395183859,"Crater Lake National Park, OR",destination,https://daytrip.com/en/transfers/crater-lake-national-park-or-us,https://raw.githubusercontent.com/kubaivanov/pictures/main/pinterest/crater-lake-national-park-or--united-states--pinterest-pin.png,Crater Lake National Park,"Crater Lake National Park, OR",United States,42.8684411,-122.1684785,"Located inside a collapsed volcano, America's deepest lake is impossibly pure and unimaginably beautiful.",active,United States,North America
6395183860,"Mendocino, CA",destination,https://daytrip.com/en/transfers/mendocino-ca-us,https://raw.githubusercontent.com/kubaivanov/pictures/main/pinterest/mendocino-ca--united-states--pinterest-pin.png,Mendocino,"Mendocino, CA",United States,39.3076744,-123.7994591,"One of the most scenic and isolated towns in Northern California, this little coastal community is also a surprisingly vibrant cultural center.",active,United States,North America
6395183861,"Pebble Beach, CA",destination,https://daytrip.com/en/transfers/pebble-beach-ca-us,https://raw.githubusercontent.com/kubaivanov/pictures/main/pinterest/pebble-beach-ca--united-states--pinterest-pin.png,Pebble Beach,"Pebble Beach, CA",United States,36.5725286,-121.9485937,"Take in the sea, sky and posh community in this isolated town famous for its golf courses.",active,United States,North America
6395183862,"Monterey, CA",destination,https://daytrip.com/en/transfers/monterey-ca-us,https://raw.githubusercontent.com/kubaivanov/pictures/main/pinterest/monterey-ca--united-states--pinterest-pin.png,Monterey,"Monterey, CA",United States,36.6002378,-121.8946761,This famously amphibious city paved the way for culture in California.,active,United States,North America
6395183863,"Los Angeles, CA",destination,https://daytrip.com/en/transfers/los-angeles-ca-us,https://raw.githubusercontent.com/kubaivanov/pictures/main/pinterest/los-angeles-ca--united-states--pinterest-pin.png,Los Angeles,"Los Angeles, CA",United States,34.0522342,-118.2436849,"The backdrop for over 100 years of movies; you'll find glitz and glamor galore in Los Angeles, where everyone's a star!",active,United States,North America
6395183864,"Memphis, TN",destination,https://daytrip.com/en/transfers/memphis-tn-us,https://raw.githubusercontent.com/kubaivanov/pictures/main/pinterest/memphis-tn--united-states--pinterest-pin.png,"Memphis, TN","Memphis, TN",United States,35.1495343,-90.0489801,"A tumultuous history, revolutionary music, and killer BBQ; this vibrant city is a feast for the senses.",active,United States,North America
6395183865,"Branson, MO",destination,https://daytrip.com/en/transfers/branson-mo-us,https://raw.githubusercontent.com/kubaivanov/pictures/main/pinterest/branson-mo--united-states--pinterest-pin.png,"Branson, MO","Branson, MO",United States,36.6436731,-93.218514399999989,Dozens of theaters and attractions have made this little city one of the top destinations in the Ozarks.,active,United States,North America
6395183866,"Jamestown, NY",destination,https://daytrip.com/en/transfers/jamestown-ny-us,https://raw.githubusercontent.com/kubaivanov/pictures/main/pinterest/jamestown-ny--united-states--pinterest-pin.png,"Jamestown, NY","Jamestown, NY",United States,42.0970023,-79.235325899999992,"The birthplace of Lucille Ball, this former industrial hub has become a mecca for comedy lovers.",active,United States,North America
6395183867,"Fredericksburg, VA",destination,https://daytrip.com/en/transfers/fredericksburg-va-us,https://raw.githubusercontent.com/kubaivanov/pictures/main/pinterest/fredericksburg-va--united-states--pinterest-pin.png,"Fredericksburg, VA","Fredericksburg, VA",United States,38.3031837,-77.4605399,"From the quaint historic district to the Civil War battlefields, you can immerse yourself in American history in the charming riverside city.",active,United States,North America
6395183868,"Santa Barbara, CA",destination,https://daytrip.com/en/transfers/santa-barbara-ca-us,https://raw.githubusercontent.com/kubaivanov/pictures/main/pinterest/santa-barbara-ca--united-states--pinterest-pin.png,Santa barbara,"Santa Barbara, CA",United States,34.4208305,-119.6981901,"Perfect weather, beautiful scenery and upscale living make for an enchanting trifecta in this coastal city.",active,United States,North America
6395183869,"Helen, GA",destination,https://daytrip.com/en/transfers/helen-ga-us,https://raw.githubusercontent.com/kubaivanov/pictures/main/pinterest/helen-ga--united-states--pinterest-pin.png,"Helen, GA","Helen, GA",United States,34.7014839,-83.7315675,Get a taste of Europe in this alpine-inspired Appalachian town.,active,United States,North America
6395183870,"Eureka, CA",destination,https://daytrip.com/en/transfers/eureka-ca-us,https://raw.githubusercontent.com/kubaivanov/pictures/main/pinterest/eureka-ca--united-states--pinterest-pin.png,Eureka,"Eureka, CA",United States,40.8020712,-124.1636729,Victorian charm and contemporary cool make up two harmonious halves of this historic seaport.,active,United States,North America
6395183871,Jedediah Smith Redwoods State Park,destination,https://daytrip.com/en/transfers/jedediah-smith-redwoods-state-park-us,https://raw.githubusercontent.com/kubaivanov/pictures/main/pinterest/jedediah-smith-redwoods-state-park--united-states--pinterest-pin.png,Jedediah Smith Redwoods State Park,Jedediah Smith Redwoods State Park,United States,41.7955087,-124.1046827,"The final gem in a string of redwood parks along California's northern coast offers a pristine wilderness experience, representing a remarkable seven percent of the world's remaining old-growth redwoods.",active,United States,North America
6395183872,"Las Vegas, NV",destination,https://daytrip.com/en/transfers/las-vegas-nv-us,https://raw.githubusercontent.com/kubaivanov/pictures/main/pinterest/las-vegas-nv--united-states--pinterest-pin.png,Las Vegas,"Las Vegas, NV",United States,36.1699412,-115.1398296,"Under the blinding lights of the Las Vegas Strip, you can risk it all in the gambling capital of the world!",active,United States,North America
6395183873,"Portsmouth, NH",destination,https://daytrip.com/en/transfers/portsmouth-nh-us,https://raw.githubusercontent.com/kubaivanov/pictures/main/pinterest/portsmouth-nh--united-states--pinterest-pin.png,Portsmouth,"Portsmouth, NH",United States,43.0717552,-70.7625532,Catch the spirit of New England in this charming port town.,active,United States,North America
6395183875,"Daytona Beach, FL",destination,https://daytrip.com/en/transfers/daytona-beach-fl-us,https://raw.githubusercontent.com/kubaivanov/pictures/main/pinterest/daytona-beach-fl--united-states--pinterest-pin.png,"Daytona Beach, FL","Daytona Beach, FL",United States,29.2108147,-81.0228331,"From sunbathing to car races, America's most famous beach destination has non-stop entertainment.",active,United States,North America
6395183876,Hersheypark,destination,https://daytrip.com/en/transfers/hersheypark-us,https://raw.githubusercontent.com/kubaivanov/pictures/main/pinterest/hersheypark--united-states--pinterest-pin.png,Hersheypark,Hersheypark,United States,40.2887809,-76.654746899999992,"Coasters and candy await at this epic family theme park, run by the nation's favorite chocolatiers!",active,United States,North America
6395183877,"Niagara Falls, NY",destination,https://daytrip.com/en/transfers/niagara-falls-ny-us,https://raw.githubusercontent.com/kubaivanov/pictures/main/pinterest/niagara-falls-ny--united-states--pinterest-pin.png,"Niagara Falls, NY","Niagara Falls, NY",United States,43.0962143,-79.0377388,North America's most powerful waterfall will leave you stunned and soaked.,active,United States,North America
6395183879,Keuka Lake,destination,https://daytrip.com/en/transfers/keuka-lake-us,https://raw.githubusercontent.com/kubaivanov/pictures/main/pinterest/keuka-lake--united-states--pinterest-pin.png,Keuka Lake,Keuka Lake,United States,42.592576449985792,-77.12903108984375,"From sparkling glacial waters, to one of the world's prettiest wine regions, the ""Crooked Lake"" is a pristine place to relax and recharge.",active,United States,North America
6395183880,"Pigeon Forge, TN",destination,https://daytrip.com/en/transfers/pigeon-forge-tn-us,https://raw.githubusercontent.com/kubaivanov/pictures/main/pinterest/pigeon-forge-tn--united-states--pinterest-pin.png,"Pigeon Forge, TN","Pigeon Forge, TN",United States,35.7884241,-83.554332899999991,"From Dollywood to a Titanic museum, this sleepy town has become the go-to escape in the Smoky Mountains.",active,United States,North America
6395183881,"Hyde Park, NY",destination,https://daytrip.com/en/transfers/hyde-park-ny-us,https://raw.githubusercontent.com/kubaivanov/pictures/main/pinterest/hyde-park-ny--united-states--pinterest-pin.png,"Hyde Park, NY, United States","Hyde Park, NY",United States,41.7691288184615,-73.933196124047853,"Home of some of the most influential names in modern American history, this little town is big on personality.",active,United States,North America
6395183882,Everglades National Park,destination,https://daytrip.com/en/transfers/everglades-national-park-us,https://raw.githubusercontent.com/kubaivanov/pictures/main/pinterest/everglades-national-park--united-states--pinterest-pin.png,Ernest F. Coe Visitor Center,Everglades National Park,United States,25.3953191,-80.583072199999989,Immerse yourself in the amazing natural beauty of this UNESCO-listed environment - the only one of its kind!,active,United States,North America
6395183884,"Huntington Beach, CA",destination,https://daytrip.com/en/transfers/huntington-beach-ca-us,https://raw.githubusercontent.com/kubaivanov/pictures/main/pinterest/huntington-beach-ca--united-states--pinterest-pin.png,Huntington Beach,"Huntington Beach, CA",United States,33.6594835,-117.9988026,"With its year-round swells rolling beneath its world-famous pier, this beach city lives and breathes surfing.",active,United States,North America
6395183885,"Spokane, WA",destination,https://daytrip.com/en/transfers/spokane-wa-us,https://raw.githubusercontent.com/kubaivanov/pictures/main/pinterest/spokane-wa--united-states--pinterest-pin.png,Spokane,"Spokane, WA",United States,47.6587802,-117.4260465,This quaint and sustainable city is the perfect place to acclimate yourself to the mighty Rockies.,active,United States,North America
6395183886,"Sleepy Hollow, NY",destination,https://daytrip.com/en/transfers/sleepy-hollow-ny-us,https://raw.githubusercontent.com/kubaivanov/pictures/main/pinterest/sleepy-hollow-ny--united-states--pinterest-pin.png,"Sleepy Hollow, NY","Sleepy Hollow, NY",United States,41.085652,-73.858468399999992,"From the headless horseman to the Rockefellers, legends abound in America's ""most haunted town"".",active,United States,North America
6395183887,"Redwood National Park, CA",destination,https://daytrip.com/en/transfers/redwood-national-park-ca-us,https://raw.githubusercontent.com/kubaivanov/pictures/main/pinterest/redwood-national-park-ca--united-states--pinterest-pin.png,Prairie Creek Visitor Center,"Redwood National Park, CA",United States,41.363993,-124.023146,"From towering trees, ancient forests, and even swaths of rugged coast, this UNESCO-listed landscape is as stunning as it is diverse.",active,United States,North America
6395183888,"Lakeland, FL",destination,https://daytrip.com/en/transfers/lakeland-fl-us,https://raw.githubusercontent.com/kubaivanov/pictures/main/pinterest/lakeland-fl--united-states--pinterest-pin.png,"Lakeland, FL","Lakeland, FL",United States,28.0394654,-81.9498042,"This waterfront city is bubbling with history, scenic views, and the world's largest ensemble of Frank Lloyd Wright architecture.",active,United States,North America
6395183889,"Yuma, AZ",destination,https://daytrip.com/en/transfers/yuma-az-us,https://raw.githubusercontent.com/kubaivanov/pictures/main/pinterest/yuma-az--united-states--pinterest-pin.png,Yuma,"Yuma, AZ",United States,32.6926512,-114.6276916,The law and order of the Old West remain staples of this historic river-crossing city.,active,United States,North America
6395183890,"Dana Point, CA",destination,https://daytrip.com/en/transfers/dana-point-harbor-us,https://raw.githubusercontent.com/kubaivanov/pictures/main/pinterest/dana-point-ca--united-states--pinterest-pin.png,Dana Point Harbor,"Dana Point, CA",United States,33.4622825,-117.6972051,"This quiet seaside city and its small beach are still largely undeveloped, leaving it the only romantic place left on the coast.",active,United States,North America
6395183891,"Grand Canyon Village, AZ",destination,https://daytrip.com/en/transfers/grand-canyon-village-az-us,https://raw.githubusercontent.com/kubaivanov/pictures/main/pinterest/grand-canyon-village-az--united-states--pinterest-pin.png,Grand Canyon,"Grand Canyon Village, AZ",United States,36.055148021563348,-112.12115111540525,This historic town built on the edge of the Grand Canyon combines pioneer history with mind boggling views.,active,United States,North America
6395183892,"Shreveport, LA",destination,https://daytrip.com/en/transfers/shreveport-la-us,https://raw.githubusercontent.com/kubaivanov/pictures/main/pinterest/shreveport-la--united-states--pinterest-pin.png,"Shreveport, LA","Shreveport, LA",United States,32.5251516,-93.7501789,"Nestled along the banks of the Red River, this bustling city offers a delightful mix of modern attractions and historic landmarks.",active,United States,North America
6395183893,Six Flags New England,destination,https://daytrip.com/en/transfers/six-flags-new-england-us,https://raw.githubusercontent.com/kubaivanov/pictures/main/pinterest/six-flags-new-england--united-states--pinterest-pin.png,Six Flags New England,Six Flags New England,United States,42.0380332,-72.6135054,"From wave pools to hypercoasters, this award-winning amusement park is a thrill for the young and young-at-heart.",active,United States,North America
6395183894,"Panama City, FL",destination,https://daytrip.com/en/transfers/panama-city-fl-us,https://raw.githubusercontent.com/kubaivanov/pictures/main/pinterest/panama-city-fl--united-states--pinterest-pin.png,"Panama City, FL, United States","Panama City, FL",United States,30.1588129,-85.6602058,"Miles of picturesque beaches, a wealth of parks, and no shortage of activities, you can find your own slice of paradise in this vibrant city.",active,United States,North America
6395183895,"Flagstaff, AZ",destination,https://daytrip.com/en/transfers/flagstaff-az-us,https://raw.githubusercontent.com/kubaivanov/pictures/main/pinterest/flagstaff-az--united-states--pinterest-pin.png,"Flagstaff, California","Flagstaff, AZ",United States,35.1982836,-111.651302,"From the Grand Canyon to the discovery of Pluto, this little city has big attractions.",active,United States,North America
6395183896,Great Falls Park,destination,https://daytrip.com/en/transfers/great-falls-park-us,https://raw.githubusercontent.com/kubaivanov/pictures/main/pinterest/great-falls-park--united-states--pinterest-pin.png,Great Falls Overlook,Great Falls Park,United States,38.9951903,-77.255405799999991,"Rushing along the banks of the famous Potomac River, Great Falls Park is a fine example of Virginian nature!",active,United States,North America
6395183897,"Manchester, VT",destination,https://daytrip.com/en/transfers/manchester-vt-us,https://raw.githubusercontent.com/kubaivanov/pictures/main/pinterest/manchester-vt--united-states--pinterest-pin.png,"Manchester, VT","Manchester, VT",United States,43.163687499999988,-73.0723268,Beautiful natural surroundings and a rich history have made this charming town a favorite escape for centuries.,active,United States,North America
6395183898,"Salem, MA",destination,https://daytrip.com/en/transfers/salem-ma-us,https://raw.githubusercontent.com/kubaivanov/pictures/main/pinterest/salem-ma--united-states--pinterest-pin.png,"Salem, MA","Salem, MA",United States,42.51954,-70.8967155,"While Salem is synonymous with its infamous witch trials, it's also a historic town dripping with charm.",active,United States,North America
6395183900,"Lake George, NY",destination,https://daytrip.com/en/transfers/lake-george-ny-us,https://raw.githubusercontent.com/kubaivanov/pictures/main/pinterest/lake-george-ny--united-states--pinterest-pin.png,"Lake George, ny","Lake George, NY",United States,43.4261809,-73.712340799999993,"A favorite escape for New York's elite, this beautiful lake is surrounded by jaw-dropping mansions.",active,United States,North America
6395183901,"Chattanooga, TN",destination,https://daytrip.com/en/transfers/chattanooga-tn-us,https://raw.githubusercontent.com/kubaivanov/pictures/main/pinterest/chattanooga-tn--united-states--pinterest-pin.png,"Chattanooga, TN","Chattanooga, TN",United States,35.0456297,-85.3096801,"From the world's largest freshwater aquarium to museums and natural attractions, there's no shortage of things to do in this vibrant riverside city.",active,United States,North America
6395183902,"Wilmington, DE",destination,https://daytrip.com/en/transfers/wilmington-de-us,https://raw.githubusercontent.com/kubaivanov/pictures/main/pinterest/wilmington-de--united-states--pinterest-pin.png,"Wilmington, DE","Wilmington, DE",United States,39.744655,-75.5483909,"Delaware's culture capital is a delightful blend of history, heritage, modernity, and nature.",active,United States,North America
6395183903,"Ventura, CA",destination,https://daytrip.com/en/transfers/ventura-ca-us,https://raw.githubusercontent.com/kubaivanov/pictures/main/pinterest/ventura-ca--united-states--pinterest-pin.png,Ventura,"Ventura, CA",United States,34.2804923,-119.2945199,This seaside city together brings the charm of a village with the beauty and lifestyle of the European Riviera town.,active,United States,North America
6395183904,"Joshua Tree, CA",destination,https://daytrip.com/en/transfers/joshua-tree-ca-us,https://raw.githubusercontent.com/kubaivanov/pictures/main/pinterest/joshua-tree-ca--united-states--pinterest-pin.png,Joshua Tree,"Joshua Tree, CA",United States,33.747900495756063,-115.82460298725586,"Bridging two deserts, this vast national park is bewitching with its barren beauty.",active,United States,North America
6395183905,"Newport, RI",destination,https://daytrip.com/en/transfers/newport-mansions-us,https://raw.githubusercontent.com/kubaivanov/pictures/main/pinterest/newport-ri--united-states--pinterest-pin.png,Newport Mansions,"Newport, RI",United States,41.469757924289873,-71.29808741633299,"Once the destination of choice for the nation's elite, this seaside retreat is packed with history, opulence and quaint coastal charm.",active,United States,North America
6395183906,Kennedy Space Center Visitor Complex,destination,https://daytrip.com/en/transfers/kennedy-space-center-visitor-complex-us,https://raw.githubusercontent.com/kubaivanov/pictures/main/pinterest/kennedy-space-center-visitor-complex--united-states--pinterest-pin.png,Kennedy Space Center Visitor Complex,Kennedy Space Center Visitor Complex,United States,28.5232962,-80.6818342,Find out what it takes to get a man into space at NASA's primary launch sight.,active,United States,North America
6395183907,Maldonado,destination,https://daytrip.com/en/transfers/maldonado-uy,https://raw.githubusercontent.com/kubaivanov/pictures/main/pinterest/maldonado--uruguay--pinterest-pin.png,Maldonado uruguay,Maldonado,Uruguay,-34.9018717,-54.9634343,"From the architecture to the artifacts, this city's historic atmosphere will cast a spell on you.",active,Uruguay,South America
6395183908,Punta del Este,destination,https://daytrip.com/en/transfers/punta-del-este-uy,https://raw.githubusercontent.com/kubaivanov/pictures/main/pinterest/punta-del-este--uruguay--pinterest-pin.png,Punta del Este,Punta del Este,Uruguay,-34.9363205,-54.9377826,The historic architecture of this seaside resort city is surrounded by an air of luxury.,active,Uruguay,South America
6395183909,Mercedes,destination,https://daytrip.com/en/transfers/mercedes-uy,https://raw.githubusercontent.com/kubaivanov/pictures/main/pinterest/mercedes--uruguay--pinterest-pin.png,mercedes uruguay,Mercedes,Uruguay,-33.2604441,-58.0185646,"Famous for its colonial architecture and pleasant riverfront, this historic city led Uruguay against Spanish rule.",active,Uruguay,South America
6395183910,Piriapolis,destination,https://daytrip.com/en/transfers/piriapolis-uy,https://raw.githubusercontent.com/kubaivanov/pictures/main/pinterest/piriapolis--uruguay--pinterest-pin.png,Piriapolis,Piriapolis,Uruguay,-34.8643645,-55.2716278,This lively seaside city is famous for its historic monuments and personal moments.,active,Uruguay,South America
6395183911,Carmelo,destination,https://daytrip.com/en/transfers/carmelo-uy,https://raw.githubusercontent.com/kubaivanov/pictures/main/pinterest/carmelo--uruguay--pinterest-pin.png,Carmelo uruguay,Carmelo,Uruguay,-33.9953859,-58.286154200000013,"Spawned by Italian immigrants, Urugay's second-largest wine producer enjoys an climate perfectly suited for viticulture and revitalization.",active,Uruguay,South America
6395183912,Punta del Diablo,destination,https://daytrip.com/en/transfers/punta-del-diablo-uy,https://raw.githubusercontent.com/kubaivanov/pictures/main/pinterest/punta-del-diablo--uruguay--pinterest-pin.png,Punta del Diablo,Punta del Diablo,Uruguay,-34.0423394,-53.5473322,This beach-lover's paradise is one of the best places to visit in Uruguay to enjoy a slower pace of life.,active,Uruguay,South America
6395183913,Colonia del Sacramento,destination,https://daytrip.com/en/transfers/colonia-del-sacramento-uy,https://raw.githubusercontent.com/kubaivanov/pictures/main/pinterest/colonia-del-sacramento--uruguay--pinterest-pin.png,Colonia del Sacramento,Colonia del Sacramento,Uruguay,-34.4607189,-57.833909899999988,Colonial Portuguese and Spanish styles combine for old-world charm at this UNESCO World Heritage Site.,active,Uruguay,South America
6395183914,Kokand,destination,https://daytrip.com/en/transfers/koland-uz,https://raw.githubusercontent.com/kubaivanov/pictures/main/pinterest/kokand--uzbekistan--pinterest-pin.png,"Kokand, Uzbekistan",Kokand,Uzbekistan,40.5341079,70.9309024,"This vibrant city, nestled in the Fergana Valley, boasts a captivating blend of ancient palaces, bustling bazaars, and modern Uzbek life.",active,Uzbekistan,Asia
6395183915,Bukhara,destination,https://daytrip.com/en/transfers/bukhara-uz,https://raw.githubusercontent.com/kubaivanov/pictures/main/pinterest/bukhara--uzbekistan--pinterest-pin.png,Bukkhara,Bukhara,Uzbekistan,39.776526713185184,64.466563228125011,"This UNESCO World Heritage Site, nestled along the Silk Road, boasts a dazzling array of architectural wonders that will leave you breathless.",active,Uzbekistan,Asia
6395183916,Samarkand,destination,https://daytrip.com/en/transfers/samarkand-uz,https://raw.githubusercontent.com/kubaivanov/pictures/main/pinterest/samarkand--uzbekistan--pinterest-pin.png,Samarkand,Samarkand,Uzbekistan,39.6507963,66.9653502,"Revered as the ""Pearl of the Orient"" and a UNESCO World Heritage Site, this ancient city beckons travelers with its timeless allure and storied past.",active,Uzbekistan,Asia
6395183917,Margilan,destination,https://daytrip.com/en/transfers/margilan-uz,https://raw.githubusercontent.com/kubaivanov/pictures/main/pinterest/margilan--uzbekistan--pinterest-pin.png,"Margilan, Uzbekistan",Margilan,Uzbekistan,40.4801251,71.726659,"This city nestled in the fertile Fergana Valley, boasts a rich heritage of silk weaving, a tradition passed down through generations",active,Uzbekistan,Asia
6395183918,Rishtan,destination,https://daytrip.com/en/transfers/rishtan-uz,https://raw.githubusercontent.com/kubaivanov/pictures/main/pinterest/rishtan--uzbekistan--pinterest-pin.png,"Rishtan, Uzbekistan",Rishtan,Uzbekistan,40.3662148,71.2755422,"Nestled in the fertile Fergana Valley, this charming town boasts a rich heritage of pottery making, a craft passed down through generations.",active,Uzbekistan,Asia
6395183919,Brewers Bay,destination,https://daytrip.com/en/transfers/brewers-bay-vg,https://raw.githubusercontent.com/kubaivanov/pictures/main/pinterest/brewers-bay--british-virgin-islands--pinterest-pin.png,Brewers Bay,Brewers Bay,British Virgin Islands,18.442238183885706,-64.647321285675034,Visitors to this gorgeous bay will be greeted by a captivating panorama of lush greenery and swaying palms.,active,British Virgin Islands,North America
6395183920,Long Bay Beach,destination,https://daytrip.com/en/transfers/long-bay-beach-vg,https://raw.githubusercontent.com/kubaivanov/pictures/main/pinterest/long-bay-beach--british-virgin-islands--pinterest-pin.png,"Long Bay Beach, British Virgin Islands",Long Bay Beach,British Virgin Islands,18.3966331,-64.688831499999992,"This stretch of shoreline captivates visitors with its powdery white sands and tranquil turquoise waters, on Tortola's eastern tip.",active,British Virgin Islands,North America
6395183921,Road Town,destination,https://daytrip.com/en/transfers/road-town-vg,https://raw.githubusercontent.com/kubaivanov/pictures/main/pinterest/road-town--british-virgin-islands--pinterest-pin.png,Road Town,Road Town,British Virgin Islands,18.4286115,-64.6184657,"Stroll along this lively waterfront promenade, with pastel-colored buildings lining the streets and sailboats gently swaying in the turquoise harbor.",active,British Virgin Islands,North America
6395183922,Cane Garden Bay,destination,https://daytrip.com/en/transfers/cane-garden-bay-tortola-vg,https://raw.githubusercontent.com/kubaivanov/pictures/main/pinterest/cane-garden-bay--british-virgin-islands--pinterest-pin.png,Cane Garden Bay Tortola,Cane Garden Bay,British Virgin Islands,18.426266842714444,-64.657346942297366,"Enjoy a shoreline dotted with colorful bars and restaurants, the aroma of grilled seafood wafting through the air.",active,British Virgin Islands,North America
6395183923,Perfume Pagoda,destination,https://daytrip.com/en/transfers/perfume-pagoda-vn,https://raw.githubusercontent.com/kubaivanov/pictures/main/pinterest/perfume-pagoda--vietnam--pinterest-pin.png,Perfume Pagoda,Perfume Pagoda,Vietnam,20.608890654928324,105.77964252883294,"This popular cliff-side temple complex is an adventure to reach, requiring both a scenic boat-ride, and a hike (or cablecar) up a mountain.",active,Vietnam,Asia
6395183924,Quang Tri,destination,https://daytrip.com/en/transfers/quang-tri-vn,https://raw.githubusercontent.com/kubaivanov/pictures/main/pinterest/quang-tri--vietnam--pinterest-pin.png,Quang Tri,Quang Tri,Vietnam,16.7943472,106.963409,"Devastated during the Vietnam War, the remains of this 19th century citadel now serve as a memorial to the many who died here.",active,Vietnam,Asia
6395183925,Hue,destination,https://daytrip.com/en/transfers/hue-vn,https://raw.githubusercontent.com/kubaivanov/pictures/main/pinterest/hue--vietnam--pinterest-pin.png,Hue,Hue,Vietnam,16.4637117,107.5908628,This historic city is recognized as a UNESCO World Heritage Sit for the unique identity it developed as Vietnam's imperial capital.,active,Vietnam,Asia
6395183926,Lang Son,destination,https://daytrip.com/en/transfers/lang-son-vn,https://raw.githubusercontent.com/kubaivanov/pictures/main/pinterest/lang-son--vietnam--pinterest-pin.png,Lang Son,Lang Son,Vietnam,21.853708,106.761519,"Sitting on the Chinese border, this strategically important city is still watched over by a historic citadel.",active,Vietnam,Asia
6395183927,Pleiku,destination,https://daytrip.com/en/transfers/pleiku-vn,https://raw.githubusercontent.com/kubaivanov/pictures/main/pinterest/pleiku--vietnam--pinterest-pin.png,Pleiku,Pleiku,Vietnam,13.9718356,108.0150796,"Though it has a decidedly Soviet appearance, this provincial capital still has an authentic highlands culture.",active,Vietnam,Asia
6395183928,Da Nang,destination,https://daytrip.com/en/transfers/da-nang-vn,https://raw.githubusercontent.com/kubaivanov/pictures/main/pinterest/da-nang--vietnam--pinterest-pin.png,Da Nang,Da Nang,Vietnam,16.064799418288715,108.22396769487307,"With Vietnam's tallest Buddha statue and longest bridge, this rapidly-developing still still honors its ancient heritage.",active,Vietnam,Asia
6395183929,Ba Ho Waterfalls,destination,https://daytrip.com/en/transfers/ba-ho-waterfalls-vn,https://raw.githubusercontent.com/kubaivanov/pictures/main/pinterest/ba-ho-waterfalls--vietnam--pinterest-pin.png,Ba Ho Waterfalls,Ba Ho Waterfalls,Vietnam,12.3900044,109.1379261,"A boulder-hopping jungle trek brings you to these 3-tiered waterfalls, which are popular for rock diving.",active,Vietnam,Asia
6395183930,Paradise Cave,destination,https://daytrip.com/en/transfers/paradise-cave-vn,https://raw.githubusercontent.com/kubaivanov/pictures/main/pinterest/paradise-cave--vietnam--pinterest-pin.png,"Paradise Cave, Viet Nam",Paradise Cave,Vietnam,17.530459812479791,106.22785538416133,"To it first explorers, this cave's amazing formations were absolutely heavenly.",active,Vietnam,Asia
6395183931,Vung Tau,destination,https://daytrip.com/en/transfers/vung-tau-vn,https://raw.githubusercontent.com/kubaivanov/pictures/main/pinterest/vung-tau--vietnam--pinterest-pin.png,Vung Tau,Vung Tau,Vietnam,10.353970500131146,107.08644220068356,"Literally meaning 'anchorage', this beachfront city is a popular weekend escape.",active,Vietnam,Asia
6395183932,My Son,destination,https://daytrip.com/en/transfers/my-son-vn,https://raw.githubusercontent.com/kubaivanov/pictures/main/pinterest/my-son--vietnam--pinterest-pin.png,"My Son, Vietnam",My Son,Vietnam,15.788725979607731,108.10717627882082,The ancient Champa temples of this UNESCO World Heritage Site are some of the most important in Southeast Asia.,active,Vietnam,Asia
6395183933,Ban Gioc - Detian Falls,destination,https://daytrip.com/en/transfers/ban-gioc-detian-falls-vn,https://raw.githubusercontent.com/kubaivanov/pictures/main/pinterest/ban-gioc-detian-falls--vietnam--pinterest-pin.png,Ban Gioc Waterfall,Ban Gioc - Detian Falls,Vietnam,22.8553194,106.7225925,Vietnam's widest waterfall tumbles into the stunning blue waters of the river that marks the border with China.,active,Vietnam,Asia
6395183934,Nha Trang,destination,https://daytrip.com/en/transfers/nha-trang-vn,https://raw.githubusercontent.com/kubaivanov/pictures/main/pinterest/nha-trang--vietnam--pinterest-pin.png,Nha Trang,Nha Trang,Vietnam,12.2387911,109.1967488,"Chic hotels, bars, and boutiques sidle up next to centuries-old landmarks on this 6-kilometer stretch of coast.",active,Vietnam,Asia
6395183935,Hoi An,destination,https://daytrip.com/en/transfers/hoi-an-vn,https://raw.githubusercontent.com/kubaivanov/pictures/main/pinterest/hoi-an--vietnam--pinterest-pin.png,Hoi An,Hoi An,Vietnam,15.8800584,108.3380469,This city's UNESCO-listed Old Town is an enchanting example of a historic South-East Asian trading port.,active,Vietnam,Asia
6395183936,Trang An,destination,https://daytrip.com/en/transfers/trang-an-vn,https://raw.githubusercontent.com/kubaivanov/pictures/main/pinterest/trang-an--vietnam--pinterest-pin.png,Ecotourism Trang An Boat Tour,Trang An,Vietnam,20.2526718,105.918173,"The karst mountains and subterranean waterways of this dramatic landscape are so singular, they're listed as a UNESCO World Heritage Site.",active,Vietnam,Asia
6395183937,Vinh Moc Tunnels,destination,https://daytrip.com/en/transfers/vinh-moc-tunnels-vn,https://raw.githubusercontent.com/kubaivanov/pictures/main/pinterest/vinh-moc-tunnels--vietnam--pinterest-pin.png,Vinh Moc Tunnels,Vinh Moc Tunnels,Vietnam,17.07416930823949,107.10985892698363,"During the Vietnam War, an entire village moved underground to avoid the constant American bombing.",active,Vietnam,Asia
6395183938,Ba Na Hills,destination,https://daytrip.com/en/transfers/ba-na-hills-vn,https://raw.githubusercontent.com/kubaivanov/pictures/main/pinterest/ba-na-hills--vietnam--pinterest-pin.png,Ba Na Hills,Ba Na Hills,Vietnam,16.026074236754173,108.03369621092531,This resort and theme park embraces the French colonization of Vietnam in a fantastical way.,active,Vietnam,Asia
6395183939,Prizren,destination,https://daytrip.com/en/transfers/prizren-xk,https://raw.githubusercontent.com/kubaivanov/pictures/main/pinterest/prizren--kosovo--pinterest-pin.png,,Prizren,Kosovo,42.2092891,20.738789,"With its Ottoman-era charm and stunning mountain backdrop, Prizren is a breathtaking blend of history and culture where every street tells a story and every landmark reveals a legacy.",active,Kosovo,Europe
6395183940,Pietermaritzburg,destination,https://daytrip.com/en/transfers/pietermaritzburg-za,https://raw.githubusercontent.com/kubaivanov/pictures/main/pinterest/pietermaritzburg--south-africa--pinterest-pin.png,Pietermaritzburg,Pietermaritzburg,South Africa,-29.6006068,30.3794118,"This charming city is filled with historic sights harkening back to the days of British rule, right down to the trees in its garden.",active,South Africa,Africa
6395183941,Knysna,destination,https://daytrip.com/en/transfers/knysna-za,https://raw.githubusercontent.com/kubaivanov/pictures/main/pinterest/knysna--south-africa--pinterest-pin.png,Knysna,Knysna,South Africa,-34.0350856,23.0464693,"Perpetually warm and pleasant, this coast town on the Western Cape is a treat for nature lovers.",active,South Africa,Africa
6395183942,Graaff-Reinet,destination,https://daytrip.com/en/transfers/graaff-reinet-za,https://raw.githubusercontent.com/kubaivanov/pictures/main/pinterest/graaff-reinet--south-africa--pinterest-pin.png,Graaff-Reinet,Graaff-Reinet,South Africa,-32.2547052,24.5480227,"Filled with historic buildings, this sleepy town is one of the oldest in the country.",active,South Africa,Africa
6395183943,Hermanus,destination,https://daytrip.com/en/transfers/hermanus-za,https://raw.githubusercontent.com/kubaivanov/pictures/main/pinterest/hermanus--south-africa--pinterest-pin.png,Hermanus South Africa,Hermanus,South Africa,-34.4092004,19.2504436,Southern Right whales coming close to shore to mate make this coastal town one of the best places in the world for land-based whale-watching.,active,South Africa,Africa
6395183944,George,destination,https://daytrip.com/en/transfers/george-za,https://raw.githubusercontent.com/kubaivanov/pictures/main/pinterest/george--south-africa--pinterest-pin.png,"George, South Africa",George,South Africa,-33.9881281,22.4529878,"Offering the only botanical garden on the Garden Route, this quiet city is world-renowned for its golf courses.",active,South Africa,Africa
6395183945,East London,destination,https://daytrip.com/en/transfers/east-london-za,https://raw.githubusercontent.com/kubaivanov/pictures/main/pinterest/east-london--south-africa--pinterest-pin.png,"East London, South Africa",East London,South Africa,-33.0291582,27.8545867,South Africa's only river port is all about sandy beaches with a healthy splash of history.,active,South Africa,Africa
6395183946,Newcastle,destination,https://daytrip.com/en/transfers/newcastle-za,https://raw.githubusercontent.com/kubaivanov/pictures/main/pinterest/newcastle--south-africa--pinterest-pin.png,Newcastle South Africa,Newcastle,South Africa,-27.776132222413683,29.946021809667968,This historic city is a major junction in the beautiful KwaZulu-Natal Battlefields region.,active,South Africa,Africa
6395183947,Franschhoek,destination,https://daytrip.com/en/transfers/franschhoek-za,https://raw.githubusercontent.com/kubaivanov/pictures/main/pinterest/franschhoek--south-africa--pinterest-pin.png,Franschhoek,Franschhoek,South Africa,-33.906886808402362,19.115593665331971,South Africa's world-renowned food and wine capital is a charming town surrounded by historic vineyards.,active,South Africa,Africa
6395184357,Kefalos,destination,https://daytrip.com/en/transfers/kefalos-gr,https://raw.githubusercontent.com/kubaivanov/pictures/main/pinterest/kefalos--greece--pinterest-pin.png,Kefalos,Kefalos,Greece,36.744652154042079,26.960291298950203,"Walk castle ruins, glimpse early Christian mosaics, and pause by quiet shores in Kefalos.",active,Greece,Europe
6395184360,Agios Stefanos Beach,destination,https://daytrip.com/en/transfers/agios-stefanos-kos-gr,https://raw.githubusercontent.com/kubaivanov/pictures/main/pinterest/agios-stefanos-beach--greece--pinterest-pin.png,"Agios Stefanos Kos, Greece",Agios Stefanos Beach,Greece,36.7525814,26.9887865,"Escape into calm waters, ancient basilica ruins, and views of the Kastri islet.",active,Greece,Europe
6395184361,Thermes Beach,destination,https://daytrip.com/en/transfers/thermes-beach-gr,https://raw.githubusercontent.com/kubaivanov/pictures/main/pinterest/thermes-beach--greece--pinterest-pin.png,Thermes Beach,Thermes Beach,Greece,36.8445246,27.3163686,"At Therma Beach, warm natural springs blend into the sea, inviting a soothing soak and quiet moments by the volcanic pebble shore.",active,Greece,Europe
6395184362,Antimachia,destination,https://daytrip.com/en/transfers/antimachia-gr,https://raw.githubusercontent.com/kubaivanov/pictures/main/pinterest/antimachia--greece--pinterest-pin.png,Antimachia,Antimachia,Greece,36.80870814589553,27.098273261376953,"Visit a traditional windmill, step inside a folk museum, and walk the ruins of a quiet Venetian-era castle in Antimachia.",active,Greece,Europe
6395184365,Palio Pyli,destination,https://daytrip.com/en/transfers/palio-pyli-gr,https://raw.githubusercontent.com/kubaivanov/pictures/main/pinterest/palio-pyli--greece--pinterest-pin.png,Palio Pyli,Palio Pyli,Greece,36.8375583,27.1859183,"Journey through medieval ruins, Byzantine churches, and panoramic views atop Kos's central hills.",active,Greece,Europe
6395184366,Asclepieion at Kos,destination,https://daytrip.com/en/transfers/asclepieion-at-kos-gr,https://raw.githubusercontent.com/kubaivanov/pictures/main/pinterest/asclepieion-at-kos--greece--pinterest-pin.png,"Asclepieion at Kos, Greece",Asclepieion at Kos,Greece,36.8763106,27.2592862,"Explore the ancient Asclepieion of Kos in just two hours - an atmospheric hilltop sanctuary where healing, history, and early medicine come vividly to life.",active,Greece,Europe
6395184372,Juticalpa,destination,https://daytrip.com/en/transfers/juticalpa-hn,https://raw.githubusercontent.com/kubaivanov/pictures/main/pinterest/juticalpa--honduras--pinterest-pin.png,Juticalpa,Juticalpa,Honduras,14.6572108,-86.210767199999992,"As the capital of Olancho Department, Juticalpa has a charming rural feel yet has all the amenities of a modern city.",active,Honduras,North America
6395184376,Siguatepeque,destination,https://daytrip.com/en/transfers/siguatepeque-hn,https://raw.githubusercontent.com/kubaivanov/pictures/main/pinterest/siguatepeque--honduras--pinterest-pin.png,Siguatepeque,Siguatepeque,Honduras,14.5963866,-87.8402405,"Away from the heat of the coastal plains, Siguatepeque enjoys year-round moderate temperatures between 20-30 degrees Celsius - a refreshing pause from heat elsewhere.",active,Honduras,North America
6395184386,Puerto Cortés,destination,https://daytrip.com/en/transfers/puerto-cortes-hn,https://raw.githubusercontent.com/kubaivanov/pictures/main/pinterest/puerto-cortes--honduras--pinterest-pin.png,Puerto Cortes,Puerto Cortés,Honduras,15.825072,-87.928577699999991,,active,Honduras,North America
6395184421,Bamburi Beach,destination,https://daytrip.com/en/transfers/bamburi-beach-ke,https://raw.githubusercontent.com/kubaivanov/pictures/main/pinterest/bamburi-beach--kenya--pinterest-pin.png,Bamburi Beach,Bamburi Beach,Kenya,-3.9951098883826912,39.733816742016607,,active,Kenya,Africa
6395184434,Desaru Coast,destination,https://daytrip.com/en/transfers/desaru-coast-my,https://raw.githubusercontent.com/kubaivanov/pictures/main/pinterest/desaru-coast--malaysia--pinterest-pin.png,Desaru Coast,Desaru Coast,Malaysia,1.5621075012111854,104.25067237354126,,active,Malaysia,Asia
6395184462,Playa Costa del Sol,destination,https://daytrip.com/en/transfers/playa-costa-del-sol-sv,https://raw.githubusercontent.com/kubaivanov/pictures/main/pinterest/playa-costa-del-sol--el-salvador--pinterest-pin.png,Playa Costa del Sol,Playa Costa del Sol,El Salvador,13.344446234147965,-89.006356713491826,"Playa Costa del Sol in El Salvador is a stunning stretch of golden sand, offering a 15-kilometer paradise along the Pacific coast.",active,El Salvador,North America
6395184466,El Sunzal,destination,https://daytrip.com/en/transfers/el-sunzal-sv,https://raw.githubusercontent.com/kubaivanov/pictures/main/pinterest/el-sunzal--el-salvador--pinterest-pin.png,El Sunzal,El Sunzal,El Salvador,13.495244,-89.3902411,"The long, right-hand point break at El Sunzal attracts surfers of all levels, offering consistent waves year-round.",active,El Salvador,North America
6395184468,San Miguel,destination,https://daytrip.com/en/transfers/san-miguel-sv,https://raw.githubusercontent.com/kubaivanov/pictures/main/pinterest/san-miguel--el-salvador--pinterest-pin.png,San Miguel el salvafor,San Miguel,El Salvador,13.479292199999996,-88.184612993701165,"Founded in 1530, San Miguel preserves history alongside modern progress.",active,El Salvador,North America
6395184469,Atami,destination,https://daytrip.com/en/transfers/atami-sv,https://raw.githubusercontent.com/kubaivanov/pictures/main/pinterest/atami--el-salvador--pinterest-pin.png,Atami el salvador,Atami,El Salvador,13.498181035046947,-89.418990622753881,"Nestled in the lush beauty of Tamanique, this pristine beach is known for its dramatic cliffs, perfect waves, and serene atmosphere.",active,El Salvador,North America
6395184473,Playa San Blas,destination,https://daytrip.com/en/transfers/playa-san-blas-sv,https://raw.githubusercontent.com/kubaivanov/pictures/main/pinterest/playa-san-blas--el-salvador--pinterest-pin.png,Playa San Blas,Playa San Blas,El Salvador,13.4893801,-89.3570749,"The consistent waves at this beach attract surfers year-round, while calmer areas provide ideal conditions for swimming and relaxing by the water.",active,El Salvador,North America
6395184478,El Zonte,destination,https://daytrip.com/en/transfers/el-zonte-sv,https://raw.githubusercontent.com/kubaivanov/pictures/main/pinterest/el-zonte--el-salvador--pinterest-pin.png,El Zonte,El Zonte,El Salvador,13.497750382512242,-89.441787601852411,"Known for its laid-back atmosphere, this paradise features stunning beaches with consistent surf breaks.",active,El Salvador,North America
6395184514,Gundogan,destination,https://daytrip.com/en/transfers/gundogan-tr,https://raw.githubusercontent.com/kubaivanov/pictures/main/pinterest/gundogan--turkey--pinterest-pin.png,"Gündoğan, turkey",Gundogan,Turkey,37.118333,27.345,,active,Turkey,Asia
6395184529,Al Marjan Island,destination,https://daytrip.com/en/transfers/al-marjan-island-ae,https://raw.githubusercontent.com/kubaivanov/pictures/main/pinterest/al-marjan-island--united-arab-emirates--pinterest-pin.png,,Al Marjan Island,United Arab Emirates,25.6766071,55.7397801,,active,United Arab Emirates,Asia
6395184532,Ras Al Khaimah,destination,https://daytrip.com/en/transfers/ras-al-khaimah-ae,https://raw.githubusercontent.com/kubaivanov/pictures/main/pinterest/ras-al-khaimah--united-arab-emirates--pinterest-pin.png,Ras Al Khaimah,Ras Al Khaimah,United Arab Emirates,25.786712610058885,55.969945956005859,,active,United Arab Emirates,Asia
6395184535,Bab Al Shams,destination,https://daytrip.com/en/transfers/bab-al-shams-ae,https://raw.githubusercontent.com/kubaivanov/pictures/main/pinterest/bab-al-shams--united-arab-emirates--pinterest-pin.png,Bab Al Shams,Bab Al Shams,United Arab Emirates,24.8168206,55.2312872,,active,United Arab Emirates,Asia
6395184536,Al Aqah,destination,https://daytrip.com/en/transfers/al-aqah-ae,https://raw.githubusercontent.com/kubaivanov/pictures/main/pinterest/al-aqah--united-arab-emirates--pinterest-pin.png,"Al Aqah, United Arab Emirates",Al Aqah,United Arab Emirates,25.4940198,56.3572467,,active,United Arab Emirates,Asia
6395184541,Darkwood Beach,destination,https://daytrip.com/en/transfers/darkwood-beach-ag,https://raw.githubusercontent.com/kubaivanov/pictures/main/pinterest/darkwood-beach--antigua-and-barbuda--pinterest-pin.png,Darkwood Beach antigua,Darkwood Beach,Antigua and Barbuda,17.0405279,-61.893858699999988,,active,Antigua and Barbuda,North America
6395184545,Runaway Bay,destination,https://daytrip.com/en/transfers/runaway-bay-ag,https://raw.githubusercontent.com/kubaivanov/pictures/main/pinterest/runaway-bay--antigua-and-barbuda--pinterest-pin.png,Runaway Bay antigua,Runaway Bay,Antigua and Barbuda,17.143438,-61.857549,,active,Antigua and Barbuda,North America
6395184550,Hodges Bay,destination,https://daytrip.com/en/transfers/hodges-bay-ag,https://raw.githubusercontent.com/kubaivanov/pictures/main/pinterest/hodges-bay--antigua-and-barbuda--pinterest-pin.png,Hodges Bay,Hodges Bay,Antigua and Barbuda,17.1699249,-61.8028881,,active,Antigua and Barbuda,North America
6395184553,Turners Beach,destination,https://daytrip.com/en/transfers/turners-beach-ag,https://raw.githubusercontent.com/kubaivanov/pictures/main/pinterest/turners-beach--antigua-and-barbuda--pinterest-pin.png,Turners Beach antigua,Turners Beach,Antigua and Barbuda,17.0285788,-61.889743800000012,,active,Antigua and Barbuda,North America
6395184554,Dutchman's Bay,destination,https://daytrip.com/en/transfers/dutchman-s-bay-ag,https://raw.githubusercontent.com/kubaivanov/pictures/main/pinterest/dutchman-s-bay--antigua-and-barbuda--pinterest-pin.png,Dutchman's Bay antigua,Dutchman's Bay,Antigua and Barbuda,17.15318212774638,-61.78988369521484,,active,Antigua and Barbuda,North America
6395184557,Long Bay Beach,destination,https://daytrip.com/en/transfers/long-bay-beach-ag,https://raw.githubusercontent.com/kubaivanov/pictures/main/pinterest/long-bay-beach--antigua-and-barbuda--pinterest-pin.png,Long Bay Beach antigua,Long Bay Beach,Antigua and Barbuda,17.0991067,-61.6893724,,active,Antigua and Barbuda,North America
6395184561,Hermitage Bay,destination,https://daytrip.com/en/transfers/hermitage-bay-ag,https://raw.githubusercontent.com/kubaivanov/pictures/main/pinterest/hermitage-bay--antigua-and-barbuda--pinterest-pin.png,Hermitage Bay antigua,Hermitage Bay,Antigua and Barbuda,17.0848439,-61.893306900000013,,active,Antigua and Barbuda,North America
6395184565,Island Harbour,destination,https://daytrip.com/en/transfers/island-harbour-ai,https://raw.githubusercontent.com/kubaivanov/pictures/main/pinterest/island-harbour--anguilla--pinterest-pin.png,Island Harbour Anguilla,Island Harbour,Anguilla,18.2558969,-63.009607,,active,Anguilla,North America
6395184569,Mount Fortune,destination,https://daytrip.com/en/transfers/mount-fortune-ai,https://raw.githubusercontent.com/kubaivanov/pictures/main/pinterest/mount-fortune--anguilla--pinterest-pin.png,Mount Fortune Anguilla,Mount Fortune,Anguilla,18.245936257922025,-62.99566981534425,,active,Anguilla,North America
6395184572,The Valley,destination,https://daytrip.com/en/transfers/the-valley-ai,https://raw.githubusercontent.com/kubaivanov/pictures/main/pinterest/the-valley--anguilla--pinterest-pin.png,The Valley Anguilla,The Valley,Anguilla,18.2148129,-63.0574406,,active,Anguilla,North America
6395184573,Long Bay Village,destination,https://daytrip.com/en/transfers/long-bay-village-ai,https://raw.githubusercontent.com/kubaivanov/pictures/main/pinterest/long-bay-village--anguilla--pinterest-pin.png,Long Bay Village Anguilla,Long Bay Village,Anguilla,18.1877777,-63.131051799999987,,active,Anguilla,North America
6395184575,Shoal Bay Village,destination,https://daytrip.com/en/transfers/shoal-bay-village-ai,https://raw.githubusercontent.com/kubaivanov/pictures/main/pinterest/shoal-bay-village--anguilla--pinterest-pin.png,Shoal Bay Village Anguilla,Shoal Bay Village,Anguilla,18.2535731,-63.030210900000007,,active,Anguilla,North America
6395184631,Buenos Aires,destination,https://daytrip.com/en/transfers/buenos-aires-ar,https://raw.githubusercontent.com/kubaivanov/pictures/main/pinterest/buenos-aires--argentina--pinterest-pin.png,Buenos Aires,Buenos Aires,Argentina,-34.6036844,-58.3815591,,active,Argentina,South America
6395184656,Cordoba,destination,https://daytrip.com/en/transfers/cordoba-ar,https://raw.githubusercontent.com/kubaivanov/pictures/main/pinterest/cordoba--argentina--pinterest-pin.png,Cordoba argentina,Cordoba,Argentina,-31.420083299999991,-64.1887761,,active,Argentina,South America
6395184690,Vienna,destination,https://daytrip.com/en/transfers/vienna-at,https://raw.githubusercontent.com/kubaivanov/pictures/main/pinterest/vienna--austria--pinterest-pin.png,,Vienna,Austria,48.2081743,16.3738189,"From grand palaces and world-class museums to its legendary coffeehouses and opera, Vienna is one of the most elegant and iconic European cities.",active,Austria,Europe
6395184720,Palm Beach,destination,https://daytrip.com/en/transfers/palm-beach-aw,https://raw.githubusercontent.com/kubaivanov/pictures/main/pinterest/palm-beach--aruba--pinterest-pin.png,Palm Beach aruba,Palm Beach,Aruba,12.570819841801468,-70.046746518029778,,active,Aruba,North America
6395184723,Manchebo Beach,destination,https://daytrip.com/en/transfers/manchebo-beach-aw,https://raw.githubusercontent.com/kubaivanov/pictures/main/pinterest/manchebo-beach--aruba--pinterest-pin.png,Manchebo Beach,Manchebo Beach,Aruba,12.5422043,-70.062781399999992,,active,Aruba,North America
6395184725,Andicuri Beach,destination,https://daytrip.com/en/transfers/andicuri-beach-aw,https://raw.githubusercontent.com/kubaivanov/pictures/main/pinterest/andicuri-beach--aruba--pinterest-pin.png,Andicuri Beach,Andicuri Beach,Aruba,12.5373812,-69.9559644,,active,Aruba,North America
6395184731,Eagle Beach,destination,https://daytrip.com/en/transfers/eagle-beach-aw,https://raw.githubusercontent.com/kubaivanov/pictures/main/pinterest/eagle-beach--aruba--pinterest-pin.png,Eagle Beach,Eagle Beach,Aruba,12.5512755,-70.0564547,,active,Aruba,North America
6395184733,Druif Beach,destination,https://daytrip.com/en/transfers/druif-beach-aw,https://raw.githubusercontent.com/kubaivanov/pictures/main/pinterest/druif-beach--aruba--pinterest-pin.png,Druif Beach,Druif Beach,Aruba,12.531144079221921,-70.053463078479,,active,Aruba,North America
6395184734,Divi Beach,destination,https://daytrip.com/en/transfers/divi-beach-aw,https://raw.githubusercontent.com/kubaivanov/pictures/main/pinterest/divi-beach--aruba--pinterest-pin.png,Divi Beach,Divi Beach,Aruba,12.5368268,-70.059432,,active,Aruba,North America
6395184761,Long Bay,destination,https://daytrip.com/en/transfers/long-bay-bb,https://raw.githubusercontent.com/kubaivanov/pictures/main/pinterest/long-bay--barbados--pinterest-pin.png,Long Bay barbados,Long Bay,Barbados,13.0624034,-59.4936813,,active,Barbados,North America
6395184762,Crane Beach,destination,https://daytrip.com/en/transfers/crane-beach-bb,https://raw.githubusercontent.com/kubaivanov/pictures/main/pinterest/crane-beach--barbados--pinterest-pin.png,Crane Beach barbados,Crane Beach,Barbados,13.1067438,-59.4435781,,active,Barbados,North America
6395184773,Mount Standfast,destination,https://daytrip.com/en/transfers/mount-standfast-bb,https://raw.githubusercontent.com/kubaivanov/pictures/main/pinterest/mount-standfast--barbados--pinterest-pin.png,Mount Standfast,Mount Standfast,Barbados,13.2064902,-59.634831200000008,,active,Barbados,North America
6395184817,Sunny Beach,destination,https://daytrip.com/en/transfers/sunny-beach-bg,https://raw.githubusercontent.com/kubaivanov/pictures/main/pinterest/sunny-beach--bulgaria--pinterest-pin.png,,Sunny Beach,Bulgaria,42.6883305,27.7139182,,active,Bulgaria,Europe
6395184839,John Smith's Bay Beach,destination,https://daytrip.com/en/transfers/john-smith-s-bay-beach-bm,https://raw.githubusercontent.com/kubaivanov/pictures/main/pinterest/john-smith-s-bay-beach--bermuda--pinterest-pin.png,John Smith's Bay Beach,John Smith's Bay Beach,Bermuda,32.3192953,-64.713021099999992,,active,Bermuda,North America
6395184844,Cooper's Island Nature Reserve,destination,https://daytrip.com/en/transfers/cooper-s-island-nature-reserve-bm,https://raw.githubusercontent.com/kubaivanov/pictures/main/pinterest/cooper-s-island-nature-reserve--bermuda--pinterest-pin.png,Cooper's Island Nature Reserve,Cooper's Island Nature Reserve,Bermuda,32.3526139,-64.6591826,,active,Bermuda,North America
6395184846,Hog Bay,destination,https://daytrip.com/en/transfers/hog-bay-bm,https://raw.githubusercontent.com/kubaivanov/pictures/main/pinterest/hog-bay--bermuda--pinterest-pin.png,"Hog Bay, Bermuda",Hog Bay,Bermuda,32.269318,-64.876319999999993,,active,Bermuda,North America
6395184850,Caroline Bay Marina,destination,https://daytrip.com/en/transfers/caroline-bay-marina-bm,https://raw.githubusercontent.com/kubaivanov/pictures/main/pinterest/caroline-bay-marina--bermuda--pinterest-pin.png,Caroline Bay Marina,Caroline Bay Marina,Bermuda,32.271460438911561,-64.861251150926208,,active,Bermuda,North America
6395184870,Puerto Quijarro,destination,https://daytrip.com/en/transfers/puerto-quijarro-bo,https://raw.githubusercontent.com/kubaivanov/pictures/main/pinterest/puerto-quijarro--bolivia--pinterest-pin.png,Puerto Quijarro Hotel Liloko,Puerto Quijarro,Bolivia,-19.003908507071795,-57.721380424853542,,active,Bolivia,South America
6395184874,Puerto Suarez,destination,https://daytrip.com/en/transfers/puerto-suarez-bo,https://raw.githubusercontent.com/kubaivanov/pictures/main/pinterest/puerto-suarez--bolivia--pinterest-pin.png,Puerto Suarez,Puerto Suarez,Bolivia,-18.9720085,-57.8140428,,active,Bolivia,South America
6395184883,Cabo de Santo Agostinho,destination,https://daytrip.com/en/transfers/cabo-de-santo-agostinho-br,https://raw.githubusercontent.com/kubaivanov/pictures/main/pinterest/cabo-de-santo-agostinho--brazil--pinterest-pin.png,Cabo de Santo Agostinho,Cabo de Santo Agostinho,Brazil,-8.2869133,-35.0372522,,active,Brazil,South America
6395184884,Torres,destination,https://daytrip.com/en/transfers/torres-br,https://raw.githubusercontent.com/kubaivanov/pictures/main/pinterest/torres--brazil--pinterest-pin.png,Torres brazil,Torres,Brazil,-29.337895071842272,-49.728954883642587,,active,Brazil,South America
6395184891,Itacare,destination,https://daytrip.com/en/transfers/itacare-br,https://raw.githubusercontent.com/kubaivanov/pictures/main/pinterest/itacare--brazil--pinterest-pin.png,Itacare,Itacare,Brazil,-14.2801238,-38.9946356,,active,Brazil,South America
6395184894,Sao Paulo,destination,https://daytrip.com/en/transfers/sao-paulo-br,https://raw.githubusercontent.com/kubaivanov/pictures/main/pinterest/sao-paulo--brazil--pinterest-pin.png,Sao Paulo,Sao Paulo,Brazil,-23.5557714,-46.6395571,,active,Brazil,South America
6395184899,Macae,destination,https://daytrip.com/en/transfers/macae-br,https://raw.githubusercontent.com/kubaivanov/pictures/main/pinterest/macae--brazil--pinterest-pin.png,Macae,Macae,Brazil,-22.3837126,-41.7827578,,active,Brazil,South America
6395184902,Visconde de Mauá,destination,https://daytrip.com/en/transfers/visconde-de-maua-br,https://raw.githubusercontent.com/kubaivanov/pictures/main/pinterest/visconde-de-maua--brazil--pinterest-pin.png,Visconde de Mauá,Visconde de Mauá,Brazil,-22.3308242,-44.5324395,,active,Brazil,South America
6395184904,Paracuru,destination,https://daytrip.com/en/transfers/paracuru-br,https://raw.githubusercontent.com/kubaivanov/pictures/main/pinterest/paracuru--brazil--pinterest-pin.png,Paracuru,Paracuru,Brazil,-3.4104618,-39.030153299999988,,active,Brazil,South America
6395184905,Praia do Rosa,destination,https://daytrip.com/en/transfers/praia-do-rosa-br,https://raw.githubusercontent.com/kubaivanov/pictures/main/pinterest/praia-do-rosa--brazil--pinterest-pin.png,Praia do Rosa,Praia do Rosa,Brazil,-28.1300744,-48.642100199999987,,active,Brazil,South America
6395184918,Barra do Sahy,destination,https://daytrip.com/en/transfers/barra-do-sahy-br,https://raw.githubusercontent.com/kubaivanov/pictures/main/pinterest/barra-do-sahy--brazil--pinterest-pin.png,Barra do Sahy,Barra do Sahy,Brazil,-23.7731085,-45.6927932,,active,Brazil,South America
6395184921,Erechim,destination,https://daytrip.com/en/transfers/erechim-br,https://raw.githubusercontent.com/kubaivanov/pictures/main/pinterest/erechim--brazil--pinterest-pin.png,Erechim,Erechim,Brazil,-27.6348823,-52.273781700000008,,active,Brazil,South America
6395184929,Aparecida,destination,https://daytrip.com/en/transfers/aparecida-br,https://raw.githubusercontent.com/kubaivanov/pictures/main/pinterest/aparecida--brazil--pinterest-pin.png,Aparecida,Aparecida,Brazil,-22.8469227,-45.2316701,,active,Brazil,South America
6395184932,Sao Sebastiao,destination,https://daytrip.com/en/transfers/sao-sebastiao-br,https://raw.githubusercontent.com/kubaivanov/pictures/main/pinterest/sao-sebastiao--brazil--pinterest-pin.png,"Sao Sebastiao, Brazil",Sao Sebastiao,Brazil,-23.8010769,-45.402614,,active,Brazil,South America
6395184933,Paulo Afonso,destination,https://daytrip.com/en/transfers/paulo-afonso-br,https://raw.githubusercontent.com/kubaivanov/pictures/main/pinterest/paulo-afonso--brazil--pinterest-pin.png,Paulo Afonso,Paulo Afonso,Brazil,-9.4000779999999988,-38.2176498,,active,Brazil,South America
6395184936,Porto de Galinhas,destination,https://daytrip.com/en/transfers/porto-de-galinhas-br,https://raw.githubusercontent.com/kubaivanov/pictures/main/pinterest/porto-de-galinhas--brazil--pinterest-pin.png,Porto de Galinhas,Porto de Galinhas,Brazil,-8.5065261,-35.0059569,,active,Brazil,South America
6395184940,Ipitangas,destination,https://daytrip.com/en/transfers/ipitangas-br,https://raw.githubusercontent.com/kubaivanov/pictures/main/pinterest/ipitangas--brazil--pinterest-pin.png,Ipitangas saquarema,Ipitangas,Brazil,-22.9107253,-42.3987547,,active,Brazil,South America
6395184948,Pontal do Peba,destination,https://daytrip.com/en/transfers/pontal-do-peba-br,https://raw.githubusercontent.com/kubaivanov/pictures/main/pinterest/pontal-do-peba--brazil--pinterest-pin.png,Pontal do Peba,Pontal do Peba,Brazil,-10.3542827,-36.2996503,,active,Brazil,South America
6395184957,Sao Carlos,destination,https://daytrip.com/en/transfers/sao-carlos-br,https://raw.githubusercontent.com/kubaivanov/pictures/main/pinterest/sao-carlos--brazil--pinterest-pin.png,Sao Carlos,Sao Carlos,Brazil,-22.0123357,-47.8908108,,active,Brazil,South America
6395184970,Caraguatatuba,destination,https://daytrip.com/en/transfers/caraguatatuba-br,https://raw.githubusercontent.com/kubaivanov/pictures/main/pinterest/caraguatatuba--brazil--pinterest-pin.png,Caraguatatuba,Caraguatatuba,Brazil,-23.6200504,-45.4120869,,active,Brazil,South America
6395184975,Campinas,destination,https://daytrip.com/en/transfers/campinas-br,https://raw.githubusercontent.com/kubaivanov/pictures/main/pinterest/campinas--brazil--pinterest-pin.png,Campinas,Campinas,Brazil,-22.9099384,-47.0626332,,active,Brazil,South America
6395184980,Porto Seguro,destination,https://daytrip.com/en/transfers/porto-seguro-br,https://raw.githubusercontent.com/kubaivanov/pictures/main/pinterest/porto-seguro--brazil--pinterest-pin.png,Porto Seguro Aeroporto de Porto Seguro - SBPS - (BPS),Porto Seguro,Brazil,-16.4409312,-39.079934000000009,,active,Brazil,South America
6395184994,Mambucaba,destination,https://daytrip.com/en/transfers/mambucaba-br,https://raw.githubusercontent.com/kubaivanov/pictures/main/pinterest/mambucaba--brazil--pinterest-pin.png,Mambucaba,Mambucaba,Brazil,-23.0244429,-44.5152062,,active,Brazil,South America
6395185003,Arraial do Cabo,destination,https://daytrip.com/en/transfers/arraial-do-cabo-br,https://raw.githubusercontent.com/kubaivanov/pictures/main/pinterest/arraial-do-cabo--brazil--pinterest-pin.png,"Arraial do Cabo, brazil",Arraial do Cabo,Brazil,-22.9667613,-42.0277716,,active,Brazil,South America
6395185005,Criciuma,destination,https://daytrip.com/en/transfers/criciuma-br,https://raw.githubusercontent.com/kubaivanov/pictures/main/pinterest/criciuma--brazil--pinterest-pin.png,Criciúma,Criciuma,Brazil,-28.6774765,-49.3703765,,active,Brazil,South America
6395185007,Itatiaia,destination,https://daytrip.com/en/transfers/itatiaia-br,https://raw.githubusercontent.com/kubaivanov/pictures/main/pinterest/itatiaia--brazil--pinterest-pin.png,Itatiaia National Park,Itatiaia,Brazil,-22.492317594396855,-44.568730740820321,,active,Brazil,South America
6395185008,Sobral,destination,https://daytrip.com/en/transfers/sobral-br,https://raw.githubusercontent.com/kubaivanov/pictures/main/pinterest/sobral--brazil--pinterest-pin.png,Sobral,Sobral,Brazil,-3.6844057,-40.356179399999988,,active,Brazil,South America
6395185013,Diamantina,destination,https://daytrip.com/en/transfers/diamantina-br,https://raw.githubusercontent.com/kubaivanov/pictures/main/pinterest/diamantina--brazil--pinterest-pin.png,Diamantina,Diamantina,Brazil,-18.2441852,-43.598022,,active,Brazil,South America
6395185014,Cabo Frio,destination,https://daytrip.com/en/transfers/cabo-frio-br,https://raw.githubusercontent.com/kubaivanov/pictures/main/pinterest/cabo-frio--brazil--pinterest-pin.png,"Cabo Frio, brazil",Cabo Frio,Brazil,-22.8868932,-42.0266621,,active,Brazil,South America
6395185021,Pipa Beach,destination,https://daytrip.com/en/transfers/pipa-beach-br,https://raw.githubusercontent.com/kubaivanov/pictures/main/pinterest/pipa-beach--brazil--pinterest-pin.png,Pipa Beach,Pipa Beach,Brazil,-6.2289957,-35.0491825,,active,Brazil,South America
6395185028,Aracatuba,destination,https://daytrip.com/en/transfers/aracatuba-br,https://raw.githubusercontent.com/kubaivanov/pictures/main/pinterest/aracatuba--brazil--pinterest-pin.png,Araçatuba,Aracatuba,Brazil,-21.206685,-50.438747,,active,Brazil,South America
6395185034,Sao Roque,destination,https://daytrip.com/en/transfers/sao-roque-br,https://raw.githubusercontent.com/kubaivanov/pictures/main/pinterest/sao-roque--brazil--pinterest-pin.png,Sao Roque,Sao Roque,Brazil,-23.5298156,-47.137400199999988,,active,Brazil,South America
6395185036,Tamandare,destination,https://daytrip.com/en/transfers/tamandare-br,https://raw.githubusercontent.com/kubaivanov/pictures/main/pinterest/tamandare--brazil--pinterest-pin.png,Tamandare,Tamandare,Brazil,-8.7578663,-35.1050712,,active,Brazil,South America
6395185038,Sandyport Beach,destination,https://daytrip.com/en/transfers/sandyport-beach-bs,https://raw.githubusercontent.com/kubaivanov/pictures/main/pinterest/sandyport-beach--bahamas--pinterest-pin.png,"Sandyport Beach, bahamas",Sandyport Beach,Bahamas,25.0773451,-77.4287016,,active,Bahamas,North America
6395185040,West End,destination,https://daytrip.com/en/transfers/west-end-bs,https://raw.githubusercontent.com/kubaivanov/pictures/main/pinterest/west-end--bahamas--pinterest-pin.png,"West End, Bahamas",West End,Bahamas,26.6866896,-78.97124509999999,,active,Bahamas,North America
6395185041,Coral Harbour Beach,destination,https://daytrip.com/en/transfers/coral-harbour-beach-bs,https://raw.githubusercontent.com/kubaivanov/pictures/main/pinterest/coral-harbour-beach--bahamas--pinterest-pin.png,Coral Harbour Beach,Coral Harbour Beach,Bahamas,24.9805398,-77.456707,,active,Bahamas,North America
6395185044,Rokers Point Settlement,destination,https://daytrip.com/en/transfers/rokers-point-settlement-bs,https://raw.githubusercontent.com/kubaivanov/pictures/main/pinterest/rokers-point-settlement--bahamas--pinterest-pin.png,Rokers Point Settlement,Rokers Point Settlement,Bahamas,23.6176362,-75.920194,,active,Bahamas,North America
6395185045,Paradise Island,destination,https://daytrip.com/en/transfers/paradise-island-bs,https://raw.githubusercontent.com/kubaivanov/pictures/main/pinterest/paradise-island--bahamas--pinterest-pin.png,Paradise Island,Paradise Island,Bahamas,25.0821287,-77.3134431,,active,Bahamas,North America
6395185046,Mount Pleasant Village,destination,https://daytrip.com/en/transfers/mount-pleasant-village-bs,https://raw.githubusercontent.com/kubaivanov/pictures/main/pinterest/mount-pleasant-village--bahamas--pinterest-pin.png,"Mount Pleasant Village, Bahamas",Mount Pleasant Village,Bahamas,25.0274891,-77.5121366,,active,Bahamas,North America
6395185051,Adelaide,destination,https://daytrip.com/en/transfers/adelaide-bs,https://raw.githubusercontent.com/kubaivanov/pictures/main/pinterest/adelaide--bahamas--pinterest-pin.png,"Adelaide, Bahamas",Adelaide,Bahamas,25.007476,-77.543885,,active,Bahamas,North America
6395185053,Old Fort Bay,destination,https://daytrip.com/en/transfers/old-fort-bay-bs,https://raw.githubusercontent.com/kubaivanov/pictures/main/pinterest/old-fort-bay--bahamas--pinterest-pin.png,Old Fort Bay,Old Fort Bay,Bahamas,25.0445877,-77.5031764,,active,Bahamas,North America
6395185054,George Town,destination,https://daytrip.com/en/transfers/george-town-bs,https://raw.githubusercontent.com/kubaivanov/pictures/main/pinterest/george-town--bahamas--pinterest-pin.png,"George Town, Bahamas",George Town,Bahamas,23.5057729,-75.780752499999991,,active,Bahamas,North America
6395185061,Lyford Cay,destination,https://daytrip.com/en/transfers/lyford-cay-bs,https://raw.githubusercontent.com/kubaivanov/pictures/main/pinterest/lyford-cay--bahamas--pinterest-pin.png,"Lyford Cay, Bahamas",Lyford Cay,Bahamas,25.0250299,-77.530413,,active,Bahamas,North America
6395185065,High Rock,destination,https://daytrip.com/en/transfers/high-rock-bs,https://raw.githubusercontent.com/kubaivanov/pictures/main/pinterest/high-rock--bahamas--pinterest-pin.png,"High Rock, Bahamas",High Rock,Bahamas,26.6239333,-78.2832069,,active,Bahamas,North America
6395185092,Richmond,destination,https://daytrip.com/en/transfers/richmond-ca,https://raw.githubusercontent.com/kubaivanov/pictures/main/pinterest/richmond--canada--pinterest-pin.png,"Richmond, BC",Richmond,Canada,49.1665898,-123.133569,,active,Canada,North America
6395185093,"Halifax, NS",destination,https://daytrip.com/en/transfers/halifax-ns-ca,https://raw.githubusercontent.com/kubaivanov/pictures/main/pinterest/halifax-ns--canada--pinterest-pin.png,"Halifax, NS","Halifax, NS",Canada,44.648763500000008,-63.5752387,,active,Canada,North America
6395185094,"Toronto, ON",destination,https://daytrip.com/en/transfers/toronto-on-ca,https://raw.githubusercontent.com/kubaivanov/pictures/main/pinterest/toronto-on--canada--pinterest-pin.png,"Toronto, ON","Toronto, ON",Canada,43.653226,-79.3831843,,active,Canada,North America
6395185095,"Vancouver, BC",destination,https://daytrip.com/en/transfers/vancouver-ca,https://raw.githubusercontent.com/kubaivanov/pictures/main/pinterest/vancouver-bc--canada--pinterest-pin.png,Vancouver,"Vancouver, BC",Canada,49.2827291,-123.1207375,,active,Canada,North America
6395185100,"Oak Island, NS",destination,https://daytrip.com/en/transfers/oak-island-ns-ca,https://raw.githubusercontent.com/kubaivanov/pictures/main/pinterest/oak-island-ns--canada--pinterest-pin.png,"Oak Island, NS","Oak Island, NS",Canada,44.5122805,-64.2949466,,active,Canada,North America
6395185123,Zurich,destination,https://daytrip.com/en/transfers/zurich-ch,https://raw.githubusercontent.com/kubaivanov/pictures/main/pinterest/zurich--switzerland--pinterest-pin.png,"Zürich, Switzerland",Zurich,Switzerland,47.3768866,8.541694,,active,Switzerland,Europe
6395185138,Interlaken,destination,https://daytrip.com/en/transfers/interlaken-ch,https://raw.githubusercontent.com/kubaivanov/pictures/main/pinterest/interlaken--switzerland--pinterest-pin.png,"Interlaken, Switzerland",Interlaken,Switzerland,46.6863481,7.8632048999999986,,active,Switzerland,Europe
6395185162,Puerto Montt,destination,https://daytrip.com/en/transfers/puerto-montt-cl,https://raw.githubusercontent.com/kubaivanov/pictures/main/pinterest/puerto-montt--chile--pinterest-pin.png,Puerto Montt,Puerto Montt,Chile,-41.468917,-72.941136399999991,,active,Chile,South America
6395185176,Valle Nevado,destination,https://daytrip.com/en/transfers/valle-nevado-cl,https://raw.githubusercontent.com/kubaivanov/pictures/main/pinterest/valle-nevado--chile--pinterest-pin.png,"Valle Nevado, chile",Valle Nevado,Chile,-33.3538494,-70.2489324,,active,Chile,South America
6395185179,Curico,destination,https://daytrip.com/en/transfers/curico-cl,https://raw.githubusercontent.com/kubaivanov/pictures/main/pinterest/curico--chile--pinterest-pin.png,Curicó,Curico,Chile,-34.9779853,-71.2528803,"Famous for its world-class vineyards, Curicó is a haven for wine enthusiasts looking to explore some of the finest wines Chile has to offer.",active,Chile,South America
6395185189,Pozo Almonte,destination,https://daytrip.com/en/transfers/pozo-almonte-cl,https://raw.githubusercontent.com/kubaivanov/pictures/main/pinterest/pozo-almonte--chile--pinterest-pin.png,Pozo Almonte,Pozo Almonte,Chile,-20.2567092,-69.7860128,,active,Chile,South America
6395185268,Montezuma,destination,https://daytrip.com/en/transfers/montezuma-cr,https://raw.githubusercontent.com/kubaivanov/pictures/main/pinterest/montezuma--costa-rica--pinterest-pin.png,Montezuma costa rica,Montezuma,Costa Rica,9.6709776497143132,-85.070963633374049,,active,Costa Rica,North America
6395185271,Bejuco Beach,destination,https://daytrip.com/en/transfers/bejuco-cr,https://raw.githubusercontent.com/kubaivanov/pictures/main/pinterest/bejuco-beach--costa-rica--pinterest-pin.png,Bejuco,Bejuco Beach,Costa Rica,9.8501260999999989,-85.33171329999999,,active,Costa Rica,North America
6395185272,San Ramon,destination,https://daytrip.com/en/transfers/san-ramon-cr-cr,https://raw.githubusercontent.com/kubaivanov/pictures/main/pinterest/san-ramon--costa-rica--pinterest-pin.png,,San Ramon,Costa Rica,10.090333,-84.47029,,active,Costa Rica,North America
6395185276,Peninsula Papagayo,destination,https://daytrip.com/en/transfers/peninsula-papagayo-cr,https://raw.githubusercontent.com/kubaivanov/pictures/main/pinterest/peninsula-papagayo--costa-rica--pinterest-pin.png,Peninsula Papagayo,Peninsula Papagayo,Costa Rica,10.6267031,-85.682010699999992,,active,Costa Rica,North America
6395185280,Puerto Limon,destination,https://daytrip.com/en/transfers/limon-cr,https://raw.githubusercontent.com/kubaivanov/pictures/main/pinterest/puerto-limon--costa-rica--pinterest-pin.png,"Limon, Costa rica",Puerto Limon,Costa Rica,9.9913106,-83.041507799999991,,active,Costa Rica,North America
6395185293,Ojochal,destination,https://daytrip.com/en/transfers/ojochal-cr,https://raw.githubusercontent.com/kubaivanov/pictures/main/pinterest/ojochal--costa-rica--pinterest-pin.png,,Ojochal,Costa Rica,9.088547,-83.6498639,,active,Costa Rica,North America
6395185297,"Playa Matapalo, Carrillo",destination,https://daytrip.com/en/transfers/playa-matapalo-carrillo-cr,https://raw.githubusercontent.com/kubaivanov/pictures/main/pinterest/playa-matapalo-carrillo--costa-rica--pinterest-pin.png,,"Playa Matapalo, Carrillo",Costa Rica,10.5281517,-85.7470098,,active,Costa Rica,North America
6395185300,Playa Panama,destination,https://daytrip.com/en/transfers/playa-panama-cr,https://raw.githubusercontent.com/kubaivanov/pictures/main/pinterest/playa-panama--costa-rica--pinterest-pin.png,,Playa Panama,Costa Rica,10.5916459,-85.6503797,,active,Costa Rica,North America
6395185302,Monteverde,destination,https://daytrip.com/en/transfers/monteverde-cr,https://raw.githubusercontent.com/kubaivanov/pictures/main/pinterest/monteverde--costa-rica--pinterest-pin.png,"Monteverde, costa rica",Monteverde,Costa Rica,10.31719248891779,-84.824136408984373,,active,Costa Rica,North America
6395185310,Potrero,destination,https://daytrip.com/en/transfers/potrero-costa-rica-cr,https://raw.githubusercontent.com/kubaivanov/pictures/main/pinterest/potrero--costa-rica--pinterest-pin.png,,Potrero,Costa Rica,10.4580682,-85.7679461,,active,Costa Rica,North America
6395185314,Venado - San Carlos,destination,https://daytrip.com/en/transfers/venado-san-carlos-cr,https://raw.githubusercontent.com/kubaivanov/pictures/main/pinterest/venado-san-carlos--costa-rica--pinterest-pin.png,"Venado, San Carlos",Venado - San Carlos,Costa Rica,10.55606,-84.754272,,active,Costa Rica,North America
6395185317,Puerto Viejo de Talamanca,destination,https://daytrip.com/en/transfers/puerto-viejo-cr,https://raw.githubusercontent.com/kubaivanov/pictures/main/pinterest/puerto-viejo-de-talamanca--costa-rica--pinterest-pin.png,Puerto Viejo limon province costa rica,Puerto Viejo de Talamanca,Costa Rica,9.6540146,-82.75494119999999,,active,Costa Rica,North America
6395185318,Pinilla,destination,https://daytrip.com/en/transfers/pinilla-cr,https://raw.githubusercontent.com/kubaivanov/pictures/main/pinterest/pinilla--costa-rica--pinterest-pin.png,,Pinilla,Costa Rica,10.2457773,-85.8115017,,active,Costa Rica,North America
6395185320,Del Coco Beach,destination,https://daytrip.com/en/transfers/playa-del-coco-cr,https://raw.githubusercontent.com/kubaivanov/pictures/main/pinterest/del-coco-beach--costa-rica--pinterest-pin.png,,Del Coco Beach,Costa Rica,10.5509645,-85.700139299999989,,active,Costa Rica,North America
6395185324,Puerto Jimenez,destination,https://daytrip.com/en/transfers/puerto-jimenez-cr,https://raw.githubusercontent.com/kubaivanov/pictures/main/pinterest/puerto-jimenez--costa-rica--pinterest-pin.png,Puerto Jimenez,Puerto Jimenez,Costa Rica,8.5272259999999989,-83.306716999999992,,active,Costa Rica,North America
6395185325,Puerto Caldera,destination,https://daytrip.com/en/transfers/puerto-caldera-cr,https://raw.githubusercontent.com/kubaivanov/pictures/main/pinterest/puerto-caldera--costa-rica--pinterest-pin.png,Puerto Caldera,Puerto Caldera,Costa Rica,9.9400553,-84.7276382,,active,Costa Rica,North America
6395185329,Lake Arenal,destination,https://daytrip.com/en/transfers/lake-arenal-cr,https://raw.githubusercontent.com/kubaivanov/pictures/main/pinterest/lake-arenal--costa-rica--pinterest-pin.png,,Lake Arenal,Costa Rica,10.543704561487537,-84.8947443790039,,active,Costa Rica,North America
6395185334,Havana,destination,https://daytrip.com/en/transfers/havana-cu,https://raw.githubusercontent.com/kubaivanov/pictures/main/pinterest/havana--cuba--pinterest-pin.png,"Havana, cuba",Havana,Cuba,23.1135925,-82.3665956,,active,Cuba,North America
6395185845,Fredericia,destination,https://daytrip.com/en/transfers/fredericia-dk,https://raw.githubusercontent.com/kubaivanov/pictures/main/pinterest/fredericia--denmark--pinterest-pin.png,Fredericia,Fredericia,Denmark,55.5689298,9.7495169999999991,,active,Denmark,Europe
6395185852,La Romana,destination,https://daytrip.com/en/transfers/la-romana-do,https://raw.githubusercontent.com/kubaivanov/pictures/main/pinterest/la-romana--dominican-republic--pinterest-pin.png,"La Romana, dominican",La Romana,Dominican Republic,18.4338645,-68.9658817,,active,Dominican Republic,North America
6395185856,Las Terrenas,destination,https://daytrip.com/en/transfers/las-terrenas-do,https://raw.githubusercontent.com/kubaivanov/pictures/main/pinterest/las-terrenas--dominican-republic--pinterest-pin.png,"Las Terrenas, dominican",Las Terrenas,Dominican Republic,19.299298,-69.5559162,,active,Dominican Republic,North America
6395185860,Playa Rincon,destination,https://daytrip.com/en/transfers/playa-rincon-do,https://raw.githubusercontent.com/kubaivanov/pictures/main/pinterest/playa-rincon--dominican-republic--pinterest-pin.png,"Playa Rincon, dominican",Playa Rincon,Dominican Republic,19.2894554,-69.2499448,,active,Dominican Republic,North America
6395185861,Dominicus,destination,https://daytrip.com/en/transfers/dominicus-do,https://raw.githubusercontent.com/kubaivanov/pictures/main/pinterest/dominicus--dominican-republic--pinterest-pin.png,"Playa Dominicus, dominican",Dominicus,Dominican Republic,18.3374877,-68.815589,,active,Dominican Republic,North America
6395185864,Monte Cristi,destination,https://daytrip.com/en/transfers/monte-cristi-do,https://raw.githubusercontent.com/kubaivanov/pictures/main/pinterest/monte-cristi--dominican-republic--pinterest-pin.png,"Monte Cristi, dominican",Monte Cristi,Dominican Republic,19.8473452,-71.6406361,,active,Dominican Republic,North America
6395185907,Esna,destination,https://daytrip.com/en/transfers/esna-eg,https://raw.githubusercontent.com/kubaivanov/pictures/main/pinterest/esna--egypt--pinterest-pin.png,"Esna, Egypt",Esna,Egypt,25.2940819,32.5476845,,active,Egypt,Africa
6395185916,El Gouna,destination,https://daytrip.com/en/transfers/el-gouna-eg,https://raw.githubusercontent.com/kubaivanov/pictures/main/pinterest/el-gouna--egypt--pinterest-pin.png,El Gouna,El Gouna,Egypt,27.402484,33.6511438,,active,Egypt,Africa
6395185918,Minya,destination,https://daytrip.com/en/transfers/minya-eg,https://raw.githubusercontent.com/kubaivanov/pictures/main/pinterest/minya--egypt--pinterest-pin.png,Minya,Minya,Egypt,28.0870967,30.7618397,,active,Egypt,Africa
6395185920,Cairo,destination,https://daytrip.com/en/transfers/cairo-eg,https://raw.githubusercontent.com/kubaivanov/pictures/main/pinterest/cairo--egypt--pinterest-pin.png,Cairo,Cairo,Egypt,30.0444196,31.2357116,,active,Egypt,Africa
6395185922,Sahl Hasheesh,destination,https://daytrip.com/en/transfers/sahl-hasheesh-eg,https://raw.githubusercontent.com/kubaivanov/pictures/main/pinterest/sahl-hasheesh--egypt--pinterest-pin.png,Sahl Hasheesh,Sahl Hasheesh,Egypt,27.044297813105057,33.836499453320357,,active,Egypt,Africa
6395185924,Sohag,destination,https://daytrip.com/en/transfers/sohag-eg,https://raw.githubusercontent.com/kubaivanov/pictures/main/pinterest/sohag--egypt--pinterest-pin.png,"Sohag, egypt",Sohag,Egypt,26.5590737,31.6956705,,active,Egypt,Africa
6395185927,Marina El Alamein,destination,https://daytrip.com/en/transfers/marina-el-alamein-eg,https://raw.githubusercontent.com/kubaivanov/pictures/main/pinterest/marina-el-alamein--egypt--pinterest-pin.png,Marina El Alamein,Marina El Alamein,Egypt,30.826013,28.993615,,active,Egypt,Africa
6395185929,Safaga,destination,https://daytrip.com/en/transfers/safaga-eg,https://raw.githubusercontent.com/kubaivanov/pictures/main/pinterest/safaga--egypt--pinterest-pin.png,Safaga,Safaga,Egypt,26.7500171,33.9359756,,active,Egypt,Africa
6395186104,Helsinki,destination,https://daytrip.com/en/transfers/helsinki-fi,https://raw.githubusercontent.com/kubaivanov/pictures/main/pinterest/helsinki--finland--pinterest-pin.png,Helsinki,Helsinki,Finland,60.169855699999992,24.938379,,active,Finland,Europe
6395186105,Santa Claus Village,destination,https://daytrip.com/en/transfers/santa-claus-village-fi,https://raw.githubusercontent.com/kubaivanov/pictures/main/pinterest/santa-claus-village--finland--pinterest-pin.png,Santa Claus Village,Santa Claus Village,Finland,66.5436144,25.8471974,,active,Finland,Europe
6395186123,Lautoka,destination,https://daytrip.com/en/transfers/lautoka-fj,https://raw.githubusercontent.com/kubaivanov/pictures/main/pinterest/lautoka--fiji--pinterest-pin.png,Lautoka,Lautoka,Fiji,-17.6169957,177.4504888,"As Fiji's second-largest city, Lautoka offers an array of experiences that cater to every type of traveler.",active,Fiji,Oceania
6395186126,Sigatoka,destination,https://daytrip.com/en/transfers/sigatoka-fj,https://raw.githubusercontent.com/kubaivanov/pictures/main/pinterest/sigatoka--fiji--pinterest-pin.png,Sigatoka,Sigatoka,Fiji,-18.1416372,177.5074315,"This picturesque town is often referred to as the ""Salad Bowl of Fiji"" due to its fertile lands.",active,Fiji,Oceania
6395186127,Nadi,destination,https://daytrip.com/en/transfers/nadi-fj,https://raw.githubusercontent.com/kubaivanov/pictures/main/pinterest/nadi--fiji--pinterest-pin.png,"Nadi, Fiji",Nadi,Fiji,-17.7806257,177.4298961,"This charming town is renowned for its welcoming atmosphere, where the warmth of the Fijian people is as inviting as the tropical climate.",active,Fiji,Oceania
6395186247,Lyon,destination,https://daytrip.com/en/transfers/lyon-fr,https://raw.githubusercontent.com/kubaivanov/pictures/main/pinterest/lyon--france--pinterest-pin.png,"Lyon, France",Lyon,France,45.764043,4.835659,,active,France,Europe
6395186291,Marseille,destination,https://daytrip.com/en/transfers/marseille-fr,https://raw.githubusercontent.com/kubaivanov/pictures/main/pinterest/marseille--france--pinterest-pin.png,"Marseille, France",Marseille,France,43.296482,5.36978,,active,France,Europe
6395186375,St Michael's Mount,destination,https://daytrip.com/en/transfers/st-michael-s-mount-gb,https://raw.githubusercontent.com/kubaivanov/pictures/main/pinterest/st-michael-s-mount--united-kingdom--pinterest-pin.png,St Michael's Mount,St Michael's Mount,United Kingdom,50.1171529,-5.4778072999999994,"The path to this island disappears each day at high tide, adding to its quaint, ancient mystique.",active,United Kingdom,Europe
6395186810,Puerto Barrios,destination,https://daytrip.com/en/transfers/livingston-gt,https://raw.githubusercontent.com/kubaivanov/pictures/main/pinterest/puerto-barrios--guatemala--pinterest-pin.png,"Puerto Barrios, Guatemala",Puerto Barrios,Guatemala,15.735435790203065,-88.603970898022453,,active,Guatemala,North America
6395186832,Puerto Quetzal,destination,https://daytrip.com/en/transfers/puerto-quetzal-gt,https://raw.githubusercontent.com/kubaivanov/pictures/main/pinterest/puerto-quetzal--guatemala--pinterest-pin.png,Puerto Quetzal,Puerto Quetzal,Guatemala,13.934461254769966,-90.786015004443357,,active,Guatemala,North America
6395186843,Tela,destination,https://daytrip.com/en/transfers/tela-hn,https://raw.githubusercontent.com/kubaivanov/pictures/main/pinterest/tela--honduras--pinterest-pin.png,"Tela, honduras",Tela,Honduras,15.7732601,-87.465350199999989,"With its beautiful beaches and lush jungles, Tela offers visitors a tropical paradise unlike any other in Honduras.",active,Honduras,North America
6395186892,Jakarta,destination,https://daytrip.com/en/transfers/jakarta-id,https://raw.githubusercontent.com/kubaivanov/pictures/main/pinterest/jakarta--indonesia--pinterest-pin.png,Jakarta,Jakarta,Indonesia,-6.2087634,106.845599,,active,Indonesia,Asia
6395186902,Amed Coast,destination,https://daytrip.com/en/transfers/amed-coast-id,https://raw.githubusercontent.com/kubaivanov/pictures/main/pinterest/amed-coast--indonesia--pinterest-pin.png,"Amed, Bali",Amed Coast,Indonesia,-8.3354249,115.6576354,,active,Indonesia,Asia
6395186903,Padang Padang Beach,destination,https://daytrip.com/en/transfers/padang-padang-beach-id,https://raw.githubusercontent.com/kubaivanov/pictures/main/pinterest/padang-padang-beach--indonesia--pinterest-pin.png,Padang Padang Beach,Padang Padang Beach,Indonesia,-8.8111377,115.1037658,,active,Indonesia,Asia
6395186920,Ljen volcano camp,destination,https://daytrip.com/en/transfers/ljen-volcano-camp-id,https://raw.githubusercontent.com/kubaivanov/pictures/main/pinterest/ljen-volcano-camp--indonesia--pinterest-pin.png,Ljen,Ljen volcano camp,Indonesia,-8.0737627620557966,114.22330044958494,,active,Indonesia,Asia
6395186968,Clifden,destination,https://daytrip.com/en/transfers/clifden-ie,https://raw.githubusercontent.com/kubaivanov/pictures/main/pinterest/clifden--ireland--pinterest-pin.png,Clifden,Clifden,Ireland,53.4891345,-10.0202388,"Discover Clifden's charm, from colorful streets to coastal panoramas and the stunning Sky Road drive.",active,Ireland,Europe
6395186974,Cong,destination,https://daytrip.com/en/transfers/cong-ie,https://raw.githubusercontent.com/kubaivanov/pictures/main/pinterest/cong--ireland--pinterest-pin.png,"Cong, ireland",Cong,Ireland,53.541684399999987,-9.2834604,"Explore Cong's medieval abbey, cinematic history, charming streets, and peaceful lakeside walks.",active,Ireland,Europe
6395186975,Doolin,destination,https://daytrip.com/en/transfers/doolin-ie,https://raw.githubusercontent.com/kubaivanov/pictures/main/pinterest/doolin--ireland--pinterest-pin.png,Doolin,Doolin,Ireland,53.016028899999988,-9.3774199,"Experience Doolin's coastal charm, traditional Irish music, and scenic views, all within a relaxing two-hour visit.",active,Ireland,Europe
6395186991,Gokarna,destination,https://daytrip.com/en/transfers/gokarna-in,https://raw.githubusercontent.com/kubaivanov/pictures/main/pinterest/gokarna--india--pinterest-pin.png,Gokarna,Gokarna,India,14.5478586,74.318840999999992,,active,India,Asia
6395186992,Shivamogga,destination,https://daytrip.com/en/transfers/shivamogga-in,https://raw.githubusercontent.com/kubaivanov/pictures/main/pinterest/shivamogga--india--pinterest-pin.png,Shivamogga,Shivamogga,India,13.9299299,75.568101,,active,India,Asia
6395187000,Sawai Madhopur,destination,https://daytrip.com/en/transfers/sawai-madhopur-in,https://raw.githubusercontent.com/kubaivanov/pictures/main/pinterest/sawai-madhopur--india--pinterest-pin.png,Sawai Madhopur,Sawai Madhopur,India,26.012373,76.3560109,,active,India,Asia
6395187005,Zaheerabad,destination,https://daytrip.com/en/transfers/zaheerabad-in,https://raw.githubusercontent.com/kubaivanov/pictures/main/pinterest/zaheerabad--india--pinterest-pin.png,Zaheerabad,Zaheerabad,India,17.6795276,77.6050959,,active,India,Asia
6395187012,Quito,destination,https://daytrip.com/en/transfers/quito-in,https://raw.githubusercontent.com/kubaivanov/pictures/main/pinterest/quito--india--pinterest-pin.png,कुइतोल,Quito,India,15.1315495,73.962432700000008,,active,India,Asia
6395187013,Sangli,destination,https://daytrip.com/en/transfers/sangli-in,https://raw.githubusercontent.com/kubaivanov/pictures/main/pinterest/sangli--india--pinterest-pin.png,Sangli,Sangli,India,16.8523973,74.5814773,,active,India,Asia
6395187014,Jalandhar,destination,https://daytrip.com/en/transfers/jalandhar-in,https://raw.githubusercontent.com/kubaivanov/pictures/main/pinterest/jalandhar--india--pinterest-pin.png,Jalandhar,Jalandhar,India,31.3260152,75.576182899999992,,active,India,Asia
6395187018,Gadhinglaj,destination,https://daytrip.com/en/transfers/gadhinglaj-in,https://raw.githubusercontent.com/kubaivanov/pictures/main/pinterest/gadhinglaj--india--pinterest-pin.png,Gadhinglaj,Gadhinglaj,India,16.226445,74.3499691,,active,India,Asia
6395187020,Ujjain,destination,https://daytrip.com/en/transfers/ujjain-in,https://raw.githubusercontent.com/kubaivanov/pictures/main/pinterest/ujjain--india--pinterest-pin.png,Ujjain,Ujjain,India,23.1764665,75.7885163,,active,India,Asia
6395187025,Tonk,destination,https://daytrip.com/en/transfers/tonk-in,https://raw.githubusercontent.com/kubaivanov/pictures/main/pinterest/tonk--india--pinterest-pin.png,Tonk,Tonk,India,26.1659063,75.7962852,,active,India,Asia
6395187026,Guruvayur,destination,https://daytrip.com/en/transfers/guruvayur-in,https://raw.githubusercontent.com/kubaivanov/pictures/main/pinterest/guruvayur--india--pinterest-pin.png,Guruvayur,Guruvayur,India,10.594561,76.0368701,,active,India,Asia
6395187028,Lucknow,destination,https://daytrip.com/en/transfers/lucknow-in,https://raw.githubusercontent.com/kubaivanov/pictures/main/pinterest/lucknow--india--pinterest-pin.png,Lucknow,Lucknow,India,26.8466937,80.946165999999991,,active,India,Asia
6395187035,Mantralayam,destination,https://daytrip.com/en/transfers/mantralayam-in,https://raw.githubusercontent.com/kubaivanov/pictures/main/pinterest/mantralayam--india--pinterest-pin.png,Mantralayam,Mantralayam,India,15.9413776,77.4257319,,active,India,Asia
6395187036,Purulia,destination,https://daytrip.com/en/transfers/purulia-in,https://raw.githubusercontent.com/kubaivanov/pictures/main/pinterest/purulia--india--pinterest-pin.png,Purulia,Purulia,India,23.3322026,86.3616405,,active,India,Asia
6395187037,Lavasa,destination,https://daytrip.com/en/transfers/lavasa-in,https://raw.githubusercontent.com/kubaivanov/pictures/main/pinterest/lavasa--india--pinterest-pin.png,Lavasa,Lavasa,India,18.4096943,73.5066037,,active,India,Asia
6395187045,Jaipur,destination,https://daytrip.com/en/transfers/jaipur-in,https://raw.githubusercontent.com/kubaivanov/pictures/main/pinterest/jaipur--india--pinterest-pin.png,Jaipur,Jaipur,India,26.9124336,75.7872709,,active,India,Asia
6395187046,Murudeshwar,destination,https://daytrip.com/en/transfers/murudeshwar-in,https://raw.githubusercontent.com/kubaivanov/pictures/main/pinterest/murudeshwar--india--pinterest-pin.png,Murudeshwar,Murudeshwar,India,14.093993,74.4898633,,active,India,Asia
6395187051,Baga,destination,https://daytrip.com/en/transfers/baga-in,https://raw.githubusercontent.com/kubaivanov/pictures/main/pinterest/baga--india--pinterest-pin.png,baga beach,Baga,India,15.5552787,73.7517307,,active,India,Asia
6395187058,Delhi,destination,https://daytrip.com/en/transfers/delhi-in,https://raw.githubusercontent.com/kubaivanov/pictures/main/pinterest/delhi--india--pinterest-pin.png,Delhi,Delhi,India,28.7040592,77.102490199999991,,active,India,Asia
6395187059,Nagercoil,destination,https://daytrip.com/en/transfers/nagercoil-in,https://raw.githubusercontent.com/kubaivanov/pictures/main/pinterest/nagercoil--india--pinterest-pin.png,Nagercoil,Nagercoil,India,8.183285699999999,77.4118996,,active,India,Asia
6395187060,Karaikudi,destination,https://daytrip.com/en/transfers/karaikudi-in,https://raw.githubusercontent.com/kubaivanov/pictures/main/pinterest/karaikudi--india--pinterest-pin.png,Karaikudi,Karaikudi,India,10.07354,78.773198,,active,India,Asia
6395187066,Ludhiana,destination,https://daytrip.com/en/transfers/ludhiana-in,https://raw.githubusercontent.com/kubaivanov/pictures/main/pinterest/ludhiana--india--pinterest-pin.png,Ludhiana,Ludhiana,India,30.900965,75.8572758,,active,India,Asia
6395187073,Jaisalmer,destination,https://daytrip.com/en/transfers/jaisalmer-in,https://raw.githubusercontent.com/kubaivanov/pictures/main/pinterest/jaisalmer--india--pinterest-pin.png,Jaisalmer,Jaisalmer,India,26.9157487,70.9083443,,active,India,Asia
6395187089,Kota,destination,https://daytrip.com/en/transfers/kota-in,https://raw.githubusercontent.com/kubaivanov/pictures/main/pinterest/kota--india--pinterest-pin.png,Kota,Kota,India,25.2138156,75.8647527,,active,India,Asia
6395187096,Kunkeshwar,destination,https://daytrip.com/en/transfers/kunkeshwar-in,https://raw.githubusercontent.com/kubaivanov/pictures/main/pinterest/kunkeshwar--india--pinterest-pin.png,Kunkeshwar,Kunkeshwar,India,16.3318507,73.3959201,,active,India,Asia
6395187098,Malshej Ghat,destination,https://daytrip.com/en/transfers/malshej-ghat-in,https://raw.githubusercontent.com/kubaivanov/pictures/main/pinterest/malshej-ghat--india--pinterest-pin.png,Malshej Ghat,Malshej Ghat,India,19.340625,73.774552,,active,India,Asia
6395187099,Nathdwara,destination,https://daytrip.com/en/transfers/nathdwara-in,https://raw.githubusercontent.com/kubaivanov/pictures/main/pinterest/nathdwara--india--pinterest-pin.png,Nathdwara,Nathdwara,India,24.9311558,73.8193405,,active,India,Asia
6395187121,Eluru,destination,https://daytrip.com/en/transfers/eluru-in,https://raw.githubusercontent.com/kubaivanov/pictures/main/pinterest/eluru--india--pinterest-pin.png,Eluru,Eluru,India,16.7106604,81.0952431,,active,India,Asia
6395187131,Rajapur,destination,https://daytrip.com/en/transfers/rajapur-in,https://raw.githubusercontent.com/kubaivanov/pictures/main/pinterest/rajapur--india--pinterest-pin.png,Rajapur,Rajapur,India,16.6571252,73.5211286,,active,India,Asia
6395187134,Mahabalipuram,destination,https://daytrip.com/en/transfers/mahabalipuram-in,https://raw.githubusercontent.com/kubaivanov/pictures/main/pinterest/mahabalipuram--india--pinterest-pin.png,Mahabalipuram,Mahabalipuram,India,12.6207821,80.1944915,,active,India,Asia
6395187140,Vijayawada,destination,https://daytrip.com/en/transfers/vijayawada-in,https://raw.githubusercontent.com/kubaivanov/pictures/main/pinterest/vijayawada--india--pinterest-pin.png,Vijayawada,Vijayawada,India,16.5061743,80.6480153,,active,India,Asia
6395187146,Cuttack,destination,https://daytrip.com/en/transfers/cuttack-in,https://raw.githubusercontent.com/kubaivanov/pictures/main/pinterest/cuttack--india--pinterest-pin.png,Cuttack india,Cuttack,India,20.462521,85.8829895,,active,India,Asia
6395187148,Pushkar,destination,https://daytrip.com/en/transfers/pushkar-in,https://raw.githubusercontent.com/kubaivanov/pictures/main/pinterest/pushkar--india--pinterest-pin.png,Pushkar,Pushkar,India,26.4885822,74.5509422,,active,India,Asia
6395187167,Gingee,destination,https://daytrip.com/en/transfers/gingee-in,https://raw.githubusercontent.com/kubaivanov/pictures/main/pinterest/gingee--india--pinterest-pin.png,Gingee,Gingee,India,12.2529068,79.4160149,,active,India,Asia
6395187178,Thrissur,destination,https://daytrip.com/en/transfers/thrissur-in,https://raw.githubusercontent.com/kubaivanov/pictures/main/pinterest/thrissur--india--pinterest-pin.png,Thrissur,Thrissur,India,10.5276416,76.2144349,,active,India,Asia
6395187179,Mathura,destination,https://daytrip.com/en/transfers/mathura-in,https://raw.githubusercontent.com/kubaivanov/pictures/main/pinterest/mathura--india--pinterest-pin.png,Mathura,Mathura,India,27.4924134,77.673673,,active,India,Asia
6395187186,Anantapur,destination,https://daytrip.com/en/transfers/anantapur-in,https://raw.githubusercontent.com/kubaivanov/pictures/main/pinterest/anantapur--india--pinterest-pin.png,Anantapur,Anantapur,India,14.6818877,77.6005911,,active,India,Asia
6395187189,Mangaluru,destination,https://daytrip.com/en/transfers/mangaluru-in,https://raw.githubusercontent.com/kubaivanov/pictures/main/pinterest/mangaluru--india--pinterest-pin.png,Mangaluru,Mangaluru,India,12.9141417,74.8559568,,active,India,Asia
6395187198,Margao,destination,https://daytrip.com/en/transfers/margao-in,https://raw.githubusercontent.com/kubaivanov/pictures/main/pinterest/margao--india--pinterest-pin.png,Margao,Margao,India,15.2832187,73.986190999999991,,active,India,Asia
6395187205,Dhule,destination,https://daytrip.com/en/transfers/dhule-in,https://raw.githubusercontent.com/kubaivanov/pictures/main/pinterest/dhule--india--pinterest-pin.png,Dhule,Dhule,India,20.9042201,74.7748979,,active,India,Asia
6395187208,Agra,destination,https://daytrip.com/en/transfers/agra-in,https://raw.githubusercontent.com/kubaivanov/pictures/main/pinterest/agra--india--pinterest-pin.png,Agra,Agra,India,27.1766701,78.008074499999992,,active,India,Asia
6395187224,Chorla Ghat,destination,https://daytrip.com/en/transfers/chorla-ghat-in,https://raw.githubusercontent.com/kubaivanov/pictures/main/pinterest/chorla-ghat--india--pinterest-pin.png,Chorla Ghat,Chorla Ghat,India,15.6495989,74.1189133,,active,India,Asia
6395187242,Warangal,destination,https://daytrip.com/en/transfers/warangal-in,https://raw.githubusercontent.com/kubaivanov/pictures/main/pinterest/warangal--india--pinterest-pin.png,Warangal,Warangal,India,17.9689008,79.59405439999999,,active,India,Asia
6395187247,Palolem,destination,https://daytrip.com/en/transfers/palolem-in,https://raw.githubusercontent.com/kubaivanov/pictures/main/pinterest/palolem--india--pinterest-pin.png,Palolem,Palolem,India,15.0099648,74.023218599999993,,active,India,Asia
6395187248,Hubballi,destination,https://daytrip.com/en/transfers/hubballi-in,https://raw.githubusercontent.com/kubaivanov/pictures/main/pinterest/hubballi--india--pinterest-pin.png,Hubballi,Hubballi,India,15.3647083,75.1239547,,active,India,Asia
6395187249,Khilchipur,destination,https://daytrip.com/en/transfers/khilchipur-in,https://raw.githubusercontent.com/kubaivanov/pictures/main/pinterest/khilchipur--india--pinterest-pin.png,Khilchipur,Khilchipur,India,24.0444612,76.5806097,,active,India,Asia
6395187252,Ongole,destination,https://daytrip.com/en/transfers/ongole-in,https://raw.githubusercontent.com/kubaivanov/pictures/main/pinterest/ongole--india--pinterest-pin.png,Ongole,Ongole,India,15.5057232,80.049922,,active,India,Asia
6395187256,Kurnool,destination,https://daytrip.com/en/transfers/kurnool-in,https://raw.githubusercontent.com/kubaivanov/pictures/main/pinterest/kurnool--india--pinterest-pin.png,Kurnool,Kurnool,India,15.8281257,78.0372792,,active,India,Asia
6395187261,Hyderabad,destination,https://daytrip.com/en/transfers/hyderabad-in,https://raw.githubusercontent.com/kubaivanov/pictures/main/pinterest/hyderabad--india--pinterest-pin.png,Heyderabad,Hyderabad,India,17.385044,78.486671,,active,India,Asia
6395187269,Solapur,destination,https://daytrip.com/en/transfers/solapur-in,https://raw.githubusercontent.com/kubaivanov/pictures/main/pinterest/solapur--india--pinterest-pin.png,Solapur,Solapur,India,17.6599188,75.9063906,,active,India,Asia
6395187273,Cansaulim,destination,https://daytrip.com/en/transfers/cansaulim-in,https://raw.githubusercontent.com/kubaivanov/pictures/main/pinterest/cansaulim--india--pinterest-pin.png,"Cansaulim, India",Cansaulim,India,15.336756,73.8977693,,active,India,Asia
6395187276,Agonda,destination,https://daytrip.com/en/transfers/agonda-in,https://raw.githubusercontent.com/kubaivanov/pictures/main/pinterest/agonda--india--pinterest-pin.png,Agonda,Agonda,India,15.0455814,73.9888797,,active,India,Asia
6395187279,Dehradun,destination,https://daytrip.com/en/transfers/dehradun-in,https://raw.githubusercontent.com/kubaivanov/pictures/main/pinterest/dehradun--india--pinterest-pin.png,Dehradun,Dehradun,India,30.3164945,78.032191799999993,,active,India,Asia
6395187281,Chennai,destination,https://daytrip.com/en/transfers/chennai-in,https://raw.githubusercontent.com/kubaivanov/pictures/main/pinterest/chennai--india--pinterest-pin.png,Chennai,Chennai,India,13.0826802,80.2707184,,active,India,Asia
6395187284,Srirangapatna,destination,https://daytrip.com/en/transfers/srirangapatna-in,https://raw.githubusercontent.com/kubaivanov/pictures/main/pinterest/srirangapatna--india--pinterest-pin.png,Srirangapatna,Srirangapatna,India,12.4237094,76.6828604,,active,India,Asia
6395187294,Mount Abu,destination,https://daytrip.com/en/transfers/mount-abu-in,https://raw.githubusercontent.com/kubaivanov/pictures/main/pinterest/mount-abu--india--pinterest-pin.png,Mount Abu,Mount Abu,India,24.5925909,72.7156274,,active,India,Asia
6395187299,Theni,destination,https://daytrip.com/en/transfers/theni-in,https://raw.githubusercontent.com/kubaivanov/pictures/main/pinterest/theni--india--pinterest-pin.png,Theni,Theni,India,10.0079322,77.4735441,,active,India,Asia
6395187305,Shirdi,destination,https://daytrip.com/en/transfers/shirdi-in,https://raw.githubusercontent.com/kubaivanov/pictures/main/pinterest/shirdi--india--pinterest-pin.png,Shirdi,Shirdi,India,19.7645364,74.4762124,,active,India,Asia
6395187313,Hella,destination,https://daytrip.com/en/transfers/hella-is,https://raw.githubusercontent.com/kubaivanov/pictures/main/pinterest/hella--iceland--pinterest-pin.png,"Hella, Iceland",Hella,Iceland,63.835493199999988,-20.3918915,"See wide open natural beauty in Hella, or visit at night for some of Iceland's darkest skies, perfect for spotting the Northern Lights.",active,Iceland,Europe
6395187317,Reykjavik,destination,https://daytrip.com/en/transfers/reykjavik-is,https://raw.githubusercontent.com/kubaivanov/pictures/main/pinterest/reykjavik--iceland--pinterest-pin.png,Reykjavik,Reykjavik,Iceland,64.146582,-21.9426354,,active,Iceland,Europe
6395187771,Cinque Terre,destination,https://daytrip.com/en/transfers/cinque-terre-it,https://raw.githubusercontent.com/kubaivanov/pictures/main/pinterest/cinque-terre--italy--pinterest-pin.png,"Parco Nazionale delle Cinque Terre, Riomaggiore SP, Italy",Cinque Terre,Italy,44.118774656078955,9.7163818270141746,,active,Italy,Europe
6395187808,Palermo,destination,https://daytrip.com/en/transfers/palermo-it,https://raw.githubusercontent.com/kubaivanov/pictures/main/pinterest/palermo--italy--pinterest-pin.png,"Palermo, Province of Palermo, Italy",Palermo,Italy,38.1156879,13.3612671,,active,Italy,Europe
6395187890,Boston Bay,destination,https://daytrip.com/en/transfers/boston-bay-jm,https://raw.githubusercontent.com/kubaivanov/pictures/main/pinterest/boston-bay--jamaica--pinterest-pin.png,"Boston Beach, jamaica",Boston Bay,Jamaica,18.128853548097823,-76.343657139611821,,active,Jamaica,North America
6395187891,Montego Bay,destination,https://daytrip.com/en/transfers/montego-bay-jm,https://raw.githubusercontent.com/kubaivanov/pictures/main/pinterest/montego-bay--jamaica--pinterest-pin.png,Montego Bay,Montego Bay,Jamaica,18.4762228,-77.8938895,,active,Jamaica,North America
6395187898,Runaway Bay,destination,https://daytrip.com/en/transfers/runaway-bay-jm,https://raw.githubusercontent.com/kubaivanov/pictures/main/pinterest/runaway-bay--jamaica--pinterest-pin.png,"Runaway Bay, jamaica",Runaway Bay,Jamaica,18.4562829,-77.3266991,,active,Jamaica,North America
6395187900,Treasure Beach,destination,https://daytrip.com/en/transfers/treasure-beach-jm,https://raw.githubusercontent.com/kubaivanov/pictures/main/pinterest/treasure-beach--jamaica--pinterest-pin.png,"Fort Charles Bay, jamaica",Treasure Beach,Jamaica,17.884124175554792,-77.765558130969239,,active,Jamaica,North America
6395187926,Tokyo,destination,https://daytrip.com/en/transfers/tokyo-jp,https://raw.githubusercontent.com/kubaivanov/pictures/main/pinterest/tokyo--japan--pinterest-pin.png,Tokyo,Tokyo,Japan,35.6739607489946,139.74369438906251,,active,Japan,Asia
6395187927,Kyoto,destination,https://daytrip.com/en/transfers/kyoto-jp,https://raw.githubusercontent.com/kubaivanov/pictures/main/pinterest/kyoto--japan--pinterest-pin.png,Kyoto,Kyoto,Japan,35.004815070745067,135.7626557359375,,active,Japan,Asia
6395187993,Diani Beach,destination,https://daytrip.com/en/transfers/diani-beach-ke,https://raw.githubusercontent.com/kubaivanov/pictures/main/pinterest/diani-beach--kenya--pinterest-pin.png,Diani Beach,Diani Beach,Kenya,-4.2797626,39.5946958,,active,Kenya,Africa
6395187994,Isinya,destination,https://daytrip.com/en/transfers/isinya-ke,https://raw.githubusercontent.com/kubaivanov/pictures/main/pinterest/isinya--kenya--pinterest-pin.png,Isinya,Isinya,Kenya,-1.6874713319201007,36.846296750292957,,active,Kenya,Africa
6395188003,Homa Bay,destination,https://daytrip.com/en/transfers/homa-bay-ke,https://raw.githubusercontent.com/kubaivanov/pictures/main/pinterest/homa-bay--kenya--pinterest-pin.png,Homa Bay,Homa Bay,Kenya,-0.5350427,34.4530968,,active,Kenya,Africa
6395188010,Garissa,destination,https://daytrip.com/en/transfers/garissa-ke,https://raw.githubusercontent.com/kubaivanov/pictures/main/pinterest/garissa--kenya--pinterest-pin.png,Garissa,Garissa,Kenya,-0.4532293,39.6460988,,active,Kenya,Africa
6395188014,Eldoret,destination,https://daytrip.com/en/transfers/eldoret-ke,https://raw.githubusercontent.com/kubaivanov/pictures/main/pinterest/eldoret--kenya--pinterest-pin.png,Eldoret,Eldoret,Kenya,0.51427749999999994,35.2697802,,active,Kenya,Africa
6395188015,Narok,destination,https://daytrip.com/en/transfers/narok-ke,https://raw.githubusercontent.com/kubaivanov/pictures/main/pinterest/narok--kenya--pinterest-pin.png,Narok,Narok,Kenya,-1.0875428,35.877064200000007,,active,Kenya,Africa
6395188017,Shimoni,destination,https://daytrip.com/en/transfers/shimoni-ke,https://raw.githubusercontent.com/kubaivanov/pictures/main/pinterest/shimoni--kenya--pinterest-pin.png,Shimoni,Shimoni,Kenya,-4.6471627999999994,39.380413399999988,,active,Kenya,Africa
6395188021,Kabartnet,destination,https://daytrip.com/en/transfers/kabartnet-ke,https://raw.githubusercontent.com/kubaivanov/pictures/main/pinterest/kabartnet--kenya--pinterest-pin.png,Kabarnet,Kabartnet,Kenya,0.490107,35.743418,,active,Kenya,Africa
6395188027,Kendu Bay,destination,https://daytrip.com/en/transfers/kendu-bay-ke,https://raw.githubusercontent.com/kubaivanov/pictures/main/pinterest/kendu-bay--kenya--pinterest-pin.png,Kendu Bay,Kendu Bay,Kenya,-0.36947654690622872,34.650258899475119,,active,Kenya,Africa
6395188028,Mpeketoni,destination,https://daytrip.com/en/transfers/mpeketoni-ke,https://raw.githubusercontent.com/kubaivanov/pictures/main/pinterest/mpeketoni--kenya--pinterest-pin.png,"Mpeketoni, Kenya",Mpeketoni,Kenya,-2.3904853,40.6968426,,active,Kenya,Africa
6395188030,Lodwar,destination,https://daytrip.com/en/transfers/lodwar-ke,https://raw.githubusercontent.com/kubaivanov/pictures/main/pinterest/lodwar--kenya--pinterest-pin.png,Lodwar,Lodwar,Kenya,3.1155165,35.6040785,,active,Kenya,Africa
6395188031,Migori,destination,https://daytrip.com/en/transfers/migori-ke,https://raw.githubusercontent.com/kubaivanov/pictures/main/pinterest/migori--kenya--pinterest-pin.png,Migori,Migori,Kenya,-1.0706976,34.4752715,,active,Kenya,Africa
6395188032,Mariakani,destination,https://daytrip.com/en/transfers/mariakani-ke,https://raw.githubusercontent.com/kubaivanov/pictures/main/pinterest/mariakani--kenya--pinterest-pin.png,Mariakani,Mariakani,Kenya,-3.8634574,39.4737607,,active,Kenya,Africa
6395188033,Eldama Ravine,destination,https://daytrip.com/en/transfers/eldama-ravine-ke,https://raw.githubusercontent.com/kubaivanov/pictures/main/pinterest/eldama-ravine--kenya--pinterest-pin.png,Eldama Ravine,Eldama Ravine,Kenya,0.053037,35.729768,,active,Kenya,Africa
6395188066,Samraong,destination,https://daytrip.com/en/transfers/samraong-kh,https://raw.githubusercontent.com/kubaivanov/pictures/main/pinterest/samraong--cambodia--pinterest-pin.png,Samraong,Samraong,Cambodia,14.184242729695132,103.51066574384765,,active,Cambodia,Asia
6395188075,Ban Lung,destination,https://daytrip.com/en/transfers/ban-lung-kh,https://raw.githubusercontent.com/kubaivanov/pictures/main/pinterest/ban-lung--cambodia--pinterest-pin.png,Ban Lung,Ban Lung,Cambodia,13.741435443728024,106.98912336953128,,active,Cambodia,Asia
6395188078,Pursat,destination,https://daytrip.com/en/transfers/pursat-kh,https://raw.githubusercontent.com/kubaivanov/pictures/main/pinterest/pursat--cambodia--pinterest-pin.png,Krong Pursat,Pursat,Cambodia,12.4651824,103.8911999,,active,Cambodia,Asia
6395188079,Oudong,destination,https://daytrip.com/en/transfers/oudong-kh,https://raw.githubusercontent.com/kubaivanov/pictures/main/pinterest/oudong--cambodia--pinterest-pin.png,Oudong,Oudong,Cambodia,11.8160695,104.7375102,,active,Cambodia,Asia
6395188082,Otres Beach,destination,https://daytrip.com/en/transfers/otres-beach-kh,https://raw.githubusercontent.com/kubaivanov/pictures/main/pinterest/otres-beach--cambodia--pinterest-pin.png,Otres Beach,Otres Beach,Cambodia,10.5716556,103.5513737,,active,Cambodia,Asia
6395188094,Seoul,destination,https://daytrip.com/en/transfers/seoul-kr,https://raw.githubusercontent.com/kubaivanov/pictures/main/pinterest/seoul--south-korea--pinterest-pin.png,Seoul,Seoul,South Korea,37.5518911,126.9917937,,active,South Korea,Asia
6395188109,West Bay,destination,https://daytrip.com/en/transfers/west-bay-ky,https://raw.githubusercontent.com/kubaivanov/pictures/main/pinterest/west-bay--cayman-islands--pinterest-pin.png,"West Bay, Cayman Islands",West Bay,Cayman Islands,19.3823423,-81.3894297,,active,Cayman Islands,North America
6395188113,Gun Bay,destination,https://daytrip.com/en/transfers/gun-bay-ky,https://raw.githubusercontent.com/kubaivanov/pictures/main/pinterest/gun-bay--cayman-islands--pinterest-pin.png,Gun Bay,Gun Bay,Cayman Islands,19.3170573,-81.0899525,,active,Cayman Islands,North America
6395188115,Old Man Bay,destination,https://daytrip.com/en/transfers/old-man-bay-ky,https://raw.githubusercontent.com/kubaivanov/pictures/main/pinterest/old-man-bay--cayman-islands--pinterest-pin.png,Old Man Bay,Old Man Bay,Cayman Islands,19.3441,-81.1761279,,active,Cayman Islands,North America
6395188145,Sulphur Springs,destination,https://daytrip.com/en/transfers/sulphur-springs-lc,https://raw.githubusercontent.com/kubaivanov/pictures/main/pinterest/sulphur-springs--saint-lucia--pinterest-pin.png,Sulphur Springs st lucia,Sulphur Springs,Saint Lucia,13.909444,-60.978893,,active,Saint Lucia,North America
6395188150,Anse Cochon Beach,destination,https://daytrip.com/en/transfers/anse-cochon-beach-lc,https://raw.githubusercontent.com/kubaivanov/pictures/main/pinterest/anse-cochon-beach--saint-lucia--pinterest-pin.png,Anse Cochon Beach,Anse Cochon Beach,Saint Lucia,13.9272311,-61.0568244,,active,Saint Lucia,North America
6395188158,Rodney Bay,destination,https://daytrip.com/en/transfers/rodney-bay-st-lucia-lc,https://raw.githubusercontent.com/kubaivanov/pictures/main/pinterest/rodney-bay--saint-lucia--pinterest-pin.png,"Rodney Bay, St. Lucia",Rodney Bay,Saint Lucia,14.067261196295794,-60.947972821582042,,active,Saint Lucia,North America
6395188170,Matale,destination,https://daytrip.com/en/transfers/matale-lk,https://raw.githubusercontent.com/kubaivanov/pictures/main/pinterest/matale--sri-lanka--pinterest-pin.png,Matale,Matale,Sri Lanka,7.467465,80.6234161,,active,Sri Lanka,Asia
6395188172,Nanuoya,destination,https://daytrip.com/en/transfers/nanuoya-lk,https://raw.githubusercontent.com/kubaivanov/pictures/main/pinterest/nanuoya--sri-lanka--pinterest-pin.png,Nanu Oya,Nanuoya,Sri Lanka,6.9403158,80.74084289999999,,active,Sri Lanka,Asia
6395188176,Ella,destination,https://daytrip.com/en/transfers/ella-lk,https://raw.githubusercontent.com/kubaivanov/pictures/main/pinterest/ella--sri-lanka--pinterest-pin.png,Ella sri lanka,Ella,Sri Lanka,6.8666988,81.046553,,active,Sri Lanka,Asia
6395188178,Aralaganwila,destination,https://daytrip.com/en/transfers/aralaganwila-lk,https://raw.githubusercontent.com/kubaivanov/pictures/main/pinterest/aralaganwila--sri-lanka--pinterest-pin.png,Aralaganwila,Aralaganwila,Sri Lanka,7.7679887131792071,81.174621053967257,,active,Sri Lanka,Asia
6395188180,Mawanella,destination,https://daytrip.com/en/transfers/mawanella-lk,https://raw.githubusercontent.com/kubaivanov/pictures/main/pinterest/mawanella--sri-lanka--pinterest-pin.png,Mawanella,Mawanella,Sri Lanka,7.2481255,80.4465594,,active,Sri Lanka,Asia
6395188189,Oluvil,destination,https://daytrip.com/en/transfers/oluvil-lk,https://raw.githubusercontent.com/kubaivanov/pictures/main/pinterest/oluvil--sri-lanka--pinterest-pin.png,Oluvil,Oluvil,Sri Lanka,7.2944473,81.860682099999991,,active,Sri Lanka,Asia
6395188198,Tissamaharama,destination,https://daytrip.com/en/transfers/tissamaharama-lk,https://raw.githubusercontent.com/kubaivanov/pictures/main/pinterest/tissamaharama--sri-lanka--pinterest-pin.png,Tissamaharama,Tissamaharama,Sri Lanka,6.2792391157672895,81.286853708459475,,active,Sri Lanka,Asia
6395188209,Mirigama,destination,https://daytrip.com/en/transfers/mirigama-lk,https://raw.githubusercontent.com/kubaivanov/pictures/main/pinterest/mirigama--sri-lanka--pinterest-pin.png,Mirigama,Mirigama,Sri Lanka,7.2427345,80.12695389999999,,active,Sri Lanka,Asia
6395188210,Trincomalee,destination,https://daytrip.com/en/transfers/tricomalee-lk,https://raw.githubusercontent.com/kubaivanov/pictures/main/pinterest/trincomalee--sri-lanka--pinterest-pin.png,Tricomalee,Trincomalee,Sri Lanka,8.5873638,81.2152121,,active,Sri Lanka,Asia
6395188211,Muthur,destination,https://daytrip.com/en/transfers/muthur-lk,https://raw.githubusercontent.com/kubaivanov/pictures/main/pinterest/muthur--sri-lanka--pinterest-pin.png,Muthur sri lanka,Muthur,Sri Lanka,8.4579065,81.2684019,,active,Sri Lanka,Asia
6395188572,Negombo,destination,https://daytrip.com/en/transfers/negombo-lk,https://raw.githubusercontent.com/kubaivanov/pictures/main/pinterest/negombo--sri-lanka--pinterest-pin.png,Negombo,Negombo,Sri Lanka,7.2007967999999991,79.8736754,,active,Sri Lanka,Asia
6395188574,Ja Ela,destination,https://daytrip.com/en/transfers/ja-ela-lk,https://raw.githubusercontent.com/kubaivanov/pictures/main/pinterest/ja-ela--sri-lanka--pinterest-pin.png,ja ela,Ja Ela,Sri Lanka,7.0667984,79.904093199999991,,active,Sri Lanka,Asia
6395188583,Bentota,destination,https://daytrip.com/en/transfers/bentota-lk,https://raw.githubusercontent.com/kubaivanov/pictures/main/pinterest/bentota--sri-lanka--pinterest-pin.png,Bentota,Bentota,Sri Lanka,6.4189175,80.005979,,active,Sri Lanka,Asia
6395188589,Monaragala,destination,https://daytrip.com/en/transfers/monaragala-lk,https://raw.githubusercontent.com/kubaivanov/pictures/main/pinterest/monaragala--sri-lanka--pinterest-pin.png,Monaragala,Monaragala,Sri Lanka,6.8906453999999986,81.345441700000009,,active,Sri Lanka,Asia
6395188591,Walasmulla,destination,https://daytrip.com/en/transfers/walasmulla-lk,https://raw.githubusercontent.com/kubaivanov/pictures/main/pinterest/walasmulla--sri-lanka--pinterest-pin.png,Walasmulla,Walasmulla,Sri Lanka,6.1508888,80.6937177,,active,Sri Lanka,Asia
6395188601,Habarana,destination,https://daytrip.com/en/transfers/habarana-lk,https://raw.githubusercontent.com/kubaivanov/pictures/main/pinterest/habarana--sri-lanka--pinterest-pin.png,Habarana,Habarana,Sri Lanka,8.032214699999999,80.7519272,,active,Sri Lanka,Asia
6395188603,Arugam Bay,destination,https://daytrip.com/en/transfers/arugam-bay-lk,https://raw.githubusercontent.com/kubaivanov/pictures/main/pinterest/arugam-bay--sri-lanka--pinterest-pin.png,Arugam Bay,Arugam Bay,Sri Lanka,6.8360615742667843,81.8268914401367,,active,Sri Lanka,Asia
6395188617,Pallekele,destination,https://daytrip.com/en/transfers/pallekele-lk,https://raw.githubusercontent.com/kubaivanov/pictures/main/pinterest/pallekele--sri-lanka--pinterest-pin.png,Pallekele,Pallekele,Sri Lanka,7.2801042,80.7020359,,active,Sri Lanka,Asia
6395188627,Knuckles Mountain Range,destination,https://daytrip.com/en/transfers/knuckles-mountain-range-lk,https://raw.githubusercontent.com/kubaivanov/pictures/main/pinterest/knuckles-mountain-range--sri-lanka--pinterest-pin.png,Sri Lanka Trekking Sky Camp,Knuckles Mountain Range,Sri Lanka,7.3570756003303446,80.849066948410012,,active,Sri Lanka,Asia
6395188630,Alawwa,destination,https://daytrip.com/en/transfers/alawwa-lk,https://raw.githubusercontent.com/kubaivanov/pictures/main/pinterest/alawwa--sri-lanka--pinterest-pin.png,Alawwa,Alawwa,Sri Lanka,7.2954302,80.2366261,,active,Sri Lanka,Asia
6395188633,Kalutara,destination,https://daytrip.com/en/transfers/kalutara-lk,https://raw.githubusercontent.com/kubaivanov/pictures/main/pinterest/kalutara--sri-lanka--pinterest-pin.png,Kalutara,Kalutara,Sri Lanka,6.5853948,79.96074,,active,Sri Lanka,Asia
6395188638,Kiribathgoda,destination,https://daytrip.com/en/transfers/kiribathgoda-lk,https://raw.githubusercontent.com/kubaivanov/pictures/main/pinterest/kiribathgoda--sri-lanka--pinterest-pin.png,Kiribathgoda,Kiribathgoda,Sri Lanka,6.9778284,79.9271523,,active,Sri Lanka,Asia
6395188641,Pasikuda,destination,https://daytrip.com/en/transfers/pasikuda-lk,https://raw.githubusercontent.com/kubaivanov/pictures/main/pinterest/pasikuda--sri-lanka--pinterest-pin.png,Pasikuda,Pasikuda,Sri Lanka,7.9228229999999984,81.56512699999999,,active,Sri Lanka,Asia
6395188643,Kadawatha,destination,https://daytrip.com/en/transfers/kadawatha-lk,https://raw.githubusercontent.com/kubaivanov/pictures/main/pinterest/kadawatha--sri-lanka--pinterest-pin.png,Kadawatha,Kadawatha,Sri Lanka,7.0046719,79.9542002,,active,Sri Lanka,Asia
6395188644,Kelaniya,destination,https://daytrip.com/en/transfers/kelaniya-lk,https://raw.githubusercontent.com/kubaivanov/pictures/main/pinterest/kelaniya--sri-lanka--pinterest-pin.png,Kelaniya,Kelaniya,Sri Lanka,6.9517846000000008,79.9132991,,active,Sri Lanka,Asia
6395188646,Mullaitivu,destination,https://daytrip.com/en/transfers/mullaitivu-lk,https://raw.githubusercontent.com/kubaivanov/pictures/main/pinterest/mullaitivu--sri-lanka--pinterest-pin.png,mullaitivu,Mullaitivu,Sri Lanka,9.2670911,80.814247999999992,,active,Sri Lanka,Asia
6395188649,Mandur,destination,https://daytrip.com/en/transfers/mandur-lk,https://raw.githubusercontent.com/kubaivanov/pictures/main/pinterest/mandur--sri-lanka--pinterest-pin.png,Mandur sri lanka,Mandur,Sri Lanka,7.4826649,81.7540902,,active,Sri Lanka,Asia
6395188650,Beruwala,destination,https://daytrip.com/en/transfers/beruwala-lk,https://raw.githubusercontent.com/kubaivanov/pictures/main/pinterest/beruwala--sri-lanka--pinterest-pin.png,Beruwala,Beruwala,Sri Lanka,6.4738378999999986,79.991999499999991,,active,Sri Lanka,Asia
6395188653,Kalmunai,destination,https://daytrip.com/en/transfers/kalmunai-lk,https://raw.githubusercontent.com/kubaivanov/pictures/main/pinterest/kalmunai--sri-lanka--pinterest-pin.png,kalmunai,Kalmunai,Sri Lanka,7.4143830999999993,81.8306334,,active,Sri Lanka,Asia
6395188708,Lazaropole,destination,https://daytrip.com/en/transfers/lazaropole-mk,https://raw.githubusercontent.com/kubaivanov/pictures/main/pinterest/lazaropole--north-macedonia--pinterest-pin.png,Lazaropole,Lazaropole,North Macedonia,41.5358885,20.6958569,"Get close to nature on the hiking trails of Mavrovo National Park as you follow in the footsteps of Lazar, the first citizen of Lazaropole",active,North Macedonia,Europe
6395188710,Struga,destination,https://daytrip.com/en/transfers/struga-mk,https://raw.githubusercontent.com/kubaivanov/pictures/main/pinterest/struga--north-macedonia--pinterest-pin.png,Struga,Struga,North Macedonia,41.1778353,20.6783258,The City of Poetry welcomes you to visit this summer! Bring your bathing suit and best poetry to Struga's shores on Lake Ohrid,active,North Macedonia,Europe
6395188712,Marko's Towers,destination,https://daytrip.com/en/transfers/marko-s-towers-mk,https://raw.githubusercontent.com/kubaivanov/pictures/main/pinterest/marko-s-towers--north-macedonia--pinterest-pin.png,Marko's Towers,Marko's Towers,North Macedonia,41.361659795408862,21.538540322615063,This tentative UNESCO World Heritage site is equal parts archeological site and geological anomaly,active,North Macedonia,Europe
6395188717,Strumica,destination,https://daytrip.com/en/transfers/strumica-mk,https://raw.githubusercontent.com/kubaivanov/pictures/main/pinterest/strumica--north-macedonia--pinterest-pin.png,Strumica,Strumica,North Macedonia,41.4378004,22.6427428,Don your mask and colorful feathers! Strumica is the home of one of the longest-running Carnival celebrations in the Orthodox world,active,North Macedonia,Europe
6395188755,Goodlands,destination,https://daytrip.com/en/transfers/goodlands-mu,https://raw.githubusercontent.com/kubaivanov/pictures/main/pinterest/goodlands--mauritius--pinterest-pin.png,Goodlands,Goodlands,Mauritius,-20.0391408,57.6495717,,active,Mauritius,Africa
6395188757,Trou Aux Biches Beach,destination,https://daytrip.com/en/transfers/trou-aux-biches-beach-mu,https://raw.githubusercontent.com/kubaivanov/pictures/main/pinterest/trou-aux-biches-beach--mauritius--pinterest-pin.png,Trou Aux Biches Beach,Trou Aux Biches Beach,Mauritius,-20.0350439,57.5449607,,active,Mauritius,Africa
6395188759,Bel Ombre,destination,https://daytrip.com/en/transfers/bel-ombre-mu,https://raw.githubusercontent.com/kubaivanov/pictures/main/pinterest/bel-ombre--mauritius--pinterest-pin.png,Bel Ombre,Bel Ombre,Mauritius,-20.5010095,57.4259624,,active,Mauritius,Africa
6395188761,Flic En Flac Beach,destination,https://daytrip.com/en/transfers/flic-en-flac-beach-mu,https://raw.githubusercontent.com/kubaivanov/pictures/main/pinterest/flic-en-flac-beach--mauritius--pinterest-pin.png,Flic En Flac Beach,Flic En Flac Beach,Mauritius,-20.2995348,57.36342359999999,,active,Mauritius,Africa
6395188764,Blue Bay,destination,https://daytrip.com/en/transfers/blue-bay-mu,https://raw.githubusercontent.com/kubaivanov/pictures/main/pinterest/blue-bay--mauritius--pinterest-pin.png,Blue Bay Beach mauritius,Blue Bay,Mauritius,-20.4441928,57.7164692,,active,Mauritius,Africa
6395188766,Hulhumale,destination,https://daytrip.com/en/transfers/hulhumale-mv,https://raw.githubusercontent.com/kubaivanov/pictures/main/pinterest/hulhumale--maldives--pinterest-pin.png,Hulhumale,Hulhumale,Maldives,4.2106488,73.538799099999991,,active,Maldives,Asia
6395188768,Male,destination,https://daytrip.com/en/transfers/male-mv,https://raw.githubusercontent.com/kubaivanov/pictures/main/pinterest/male--maldives--pinterest-pin.png,Male,Male,Maldives,4.1754959,73.5093474,,active,Maldives,Asia
6395188836,Mexico City,destination,https://daytrip.com/en/transfers/mexico-city-mx,https://raw.githubusercontent.com/kubaivanov/pictures/main/pinterest/mexico-city--mexico--pinterest-pin.png,Mexico City,Mexico City,Mexico,19.4326077,-99.133208,"As one of the largest and most captivating cities in the world, Mexico City will not disappoint foodies, history buffs, and adventurers alike.",active,Mexico,North America
6395188924,Ipoh,destination,https://daytrip.com/en/transfers/ipoh-my,https://raw.githubusercontent.com/kubaivanov/pictures/main/pinterest/ipoh--malaysia--pinterest-pin.png,"Ipoh, Perak, Malaysia",Ipoh,Malaysia,4.597479,101.090106,"Discover Ipoh's blend of colonial heritage, cave temples, and iconic cuisine on a relaxed, culture-rich stop.",active,Malaysia,Asia
6395188926,Genting Highlands,destination,https://daytrip.com/en/transfers/genting-highlands-my,https://raw.githubusercontent.com/kubaivanov/pictures/main/pinterest/genting-highlands--malaysia--pinterest-pin.png,,Genting Highlands,Malaysia,3.423871,101.792679,"Enjoy Genting Highlands' mountain vistas, resort entertainment, Chin Swee Temple, and cable car ride in five hours.",active,Malaysia,Asia
6395188932,Sipitang,destination,https://daytrip.com/en/transfers/sipitang-my,https://raw.githubusercontent.com/kubaivanov/pictures/main/pinterest/sipitang--malaysia--pinterest-pin.png,Sipitang,Sipitang,Malaysia,5.07919,115.550825,,active,Malaysia,Asia
6395188935,Kuala Besut,destination,https://daytrip.com/en/transfers/kuala-besut-my,https://raw.githubusercontent.com/kubaivanov/pictures/main/pinterest/kuala-besut--malaysia--pinterest-pin.png,"Besut, Terengganu, Malaysia",Kuala Besut,Malaysia,5.829012,102.5523781,,active,Malaysia,Asia
6395188939,Kuala Terengganu,destination,https://daytrip.com/en/transfers/kuala-terengganu-my,https://raw.githubusercontent.com/kubaivanov/pictures/main/pinterest/kuala-terengganu--malaysia--pinterest-pin.png,"Kuala Terengganu, Terengganu, Malaysia",Kuala Terengganu,Malaysia,5.329624,103.1370142,,active,Malaysia,Asia
6395188940,Rawang,destination,https://daytrip.com/en/transfers/rawang-my,https://raw.githubusercontent.com/kubaivanov/pictures/main/pinterest/rawang--malaysia--pinterest-pin.png,"Rawang, Selangor, Malaysia",Rawang,Malaysia,3.320482,101.5759238,,active,Malaysia,Asia
6395188947,Lumut,destination,https://daytrip.com/en/transfers/lumut-my,https://raw.githubusercontent.com/kubaivanov/pictures/main/pinterest/lumut--malaysia--pinterest-pin.png,,Lumut,Malaysia,4.236302,100.6322198,,active,Malaysia,Asia
6395188964,Terrace Bay,destination,https://daytrip.com/en/transfers/terrace-bay-na,https://raw.githubusercontent.com/kubaivanov/pictures/main/pinterest/terrace-bay--namibia--pinterest-pin.png,"Terrace Bay, Namibia",Terrace Bay,Namibia,-19.9927951,13.0371342,,active,Namibia,Africa
6395188965,Henties Bay,destination,https://daytrip.com/en/transfers/henties-bay-na,https://raw.githubusercontent.com/kubaivanov/pictures/main/pinterest/henties-bay--namibia--pinterest-pin.png,Henties Bay,Henties Bay,Namibia,-22.1134964,14.2832038,,active,Namibia,Africa
6395188966,Walvis Bay,destination,https://daytrip.com/en/transfers/walwis-bay-na,https://raw.githubusercontent.com/kubaivanov/pictures/main/pinterest/walvis-bay--namibia--pinterest-pin.png,Walwis Bay,Walvis Bay,Namibia,-22.9584081,14.5057511,,active,Namibia,Africa
6395188976,Mowe Bay,destination,https://daytrip.com/en/transfers/mowe-bay-na,https://raw.githubusercontent.com/kubaivanov/pictures/main/pinterest/mowe-bay--namibia--pinterest-pin.png,Mowe Bay,Mowe Bay,Namibia,-19.3721637,12.7102803,,active,Namibia,Africa
6395189027,Trolltunga,destination,https://daytrip.com/en/transfers/trolltunga-no,https://raw.githubusercontent.com/kubaivanov/pictures/main/pinterest/trolltunga--norway--pinterest-pin.png,Trolltunga,Trolltunga,Norway,60.13297317825841,6.7549345397949123,,active,Norway,Europe
6395189028,Loen,destination,https://daytrip.com/en/transfers/loen-no,https://raw.githubusercontent.com/kubaivanov/pictures/main/pinterest/loen--norway--pinterest-pin.png,Loen,Loen,Norway,61.8710579,6.8480175999999986,,active,Norway,Europe
6395189031,Myrdalsvingane,destination,https://daytrip.com/en/transfers/myrdal-no,https://raw.githubusercontent.com/kubaivanov/pictures/main/pinterest/myrdalsvingane--norway--pinterest-pin.png,"Myrdalsvingane, Norway",Myrdalsvingane,Norway,60.744964947287087,7.12335607672121,,active,Norway,Europe
6395189042,Oslo,destination,https://daytrip.com/en/transfers/oslo-no,https://raw.githubusercontent.com/kubaivanov/pictures/main/pinterest/oslo--norway--pinterest-pin.png,Oslo,Oslo,Norway,59.9138688,10.7522454,,active,Norway,Europe
6395189043,Nuwakot,destination,https://daytrip.com/en/transfers/nuwakot-np,https://raw.githubusercontent.com/kubaivanov/pictures/main/pinterest/nuwakot--nepal--pinterest-pin.png,Nuwakot,Nuwakot,Nepal,27.918604810528098,85.166028855819718,,active,Nepal,Asia
6395189047,Dolakha Town,destination,https://daytrip.com/en/transfers/bhimeshwor-municipality-np,https://raw.githubusercontent.com/kubaivanov/pictures/main/pinterest/dolakha-town--nepal--pinterest-pin.png,"Dolakha, Nepal",Dolakha Town,Nepal,27.7784288,86.175175900000013,,active,Nepal,Asia
6395189051,Sauraha,destination,https://daytrip.com/en/transfers/sauraha-np,https://raw.githubusercontent.com/kubaivanov/pictures/main/pinterest/sauraha--nepal--pinterest-pin.png,Sauraha,Sauraha,Nepal,27.584849,84.5038658,,active,Nepal,Asia
6395189058,Kalinchowk,destination,https://daytrip.com/en/transfers/kalinchowk-np,https://raw.githubusercontent.com/kubaivanov/pictures/main/pinterest/kalinchowk--nepal--pinterest-pin.png,Kalinchowk,Kalinchowk,Nepal,27.745799802597997,86.03125061901855,,active,Nepal,Asia
6395189059,Bardibas,destination,https://daytrip.com/en/transfers/bardibas-np,https://raw.githubusercontent.com/kubaivanov/pictures/main/pinterest/bardibas--nepal--pinterest-pin.png,Bardibas Yes Hotel (Hotel Yes),Bardibas,Nepal,26.9968515,85.9013126,,active,Nepal,Asia
6395189060,Rajbiraj,destination,https://daytrip.com/en/transfers/rajbiraj-np,https://raw.githubusercontent.com/kubaivanov/pictures/main/pinterest/rajbiraj--nepal--pinterest-pin.png,Rajbiraj,Rajbiraj,Nepal,26.539642833646649,86.748310492529328,,active,Nepal,Asia
6395189064,Nagarkot,destination,https://daytrip.com/en/transfers/nagarkot-np,https://raw.githubusercontent.com/kubaivanov/pictures/main/pinterest/nagarkot--nepal--pinterest-pin.png,Nagarkot,Nagarkot,Nepal,27.7173579,85.504571099999993,"Nagarkot offers some of the most spectacular vistas of the Himalayan range, including iconic peaks like Mount Everest, Langtang, and Dhaulagiri.",active,Nepal,Asia
6395189065,Biratnagar,destination,https://daytrip.com/en/transfers/biratnagar-np,https://raw.githubusercontent.com/kubaivanov/pictures/main/pinterest/biratnagar--nepal--pinterest-pin.png,Biratnagar,Biratnagar,Nepal,26.4524746,87.27178099999999,,active,Nepal,Asia
6395189066,Sarangkot,destination,https://daytrip.com/en/transfers/sarangkot-np,https://raw.githubusercontent.com/kubaivanov/pictures/main/pinterest/sarangkot--nepal--pinterest-pin.png,Sarangkot,Sarangkot,Nepal,28.2439298,83.9486254,,active,Nepal,Asia
6395189071,Balthali,destination,https://daytrip.com/en/transfers/balthali-np,https://raw.githubusercontent.com/kubaivanov/pictures/main/pinterest/balthali--nepal--pinterest-pin.png,Balthali,Balthali,Nepal,27.550178246096777,85.537357492529281,,active,Nepal,Asia
6395189072,Dharan,destination,https://daytrip.com/en/transfers/dharan-np,https://raw.githubusercontent.com/kubaivanov/pictures/main/pinterest/dharan--nepal--pinterest-pin.png,Dharan,Dharan,Nepal,26.806496,87.284626199999991,,active,Nepal,Asia
6395189084,Jackson Bay,destination,https://daytrip.com/en/transfers/jackson-bay-nz,https://raw.githubusercontent.com/kubaivanov/pictures/main/pinterest/jackson-bay--new-zealand--pinterest-pin.png,Jackson Bay nz,Jackson Bay,New Zealand,-43.9720898,168.6124011,,active,New Zealand,Oceania
6395189182,Mount Hagen,destination,https://daytrip.com/en/transfers/mount-hagen-pg,https://raw.githubusercontent.com/kubaivanov/pictures/main/pinterest/mount-hagen--papua-new-guinea--pinterest-pin.png,Mount Hagen + Airport,Mount Hagen,Papua New Guinea,-5.8283833,144.2996122,,active,Papua New Guinea,Oceania
6395189184,Keapara Beach,destination,https://daytrip.com/en/transfers/keapara-beach-pg,https://raw.githubusercontent.com/kubaivanov/pictures/main/pinterest/keapara-beach--papua-new-guinea--pinterest-pin.png,Keapara Beach,Keapara Beach,Papua New Guinea,-10.094687383069331,147.85203533173828,,active,Papua New Guinea,Oceania
6395189238,Guanica State Forest,destination,https://daytrip.com/en/transfers/guanica-state-forest-pr,https://raw.githubusercontent.com/kubaivanov/pictures/main/pinterest/guanica-state-forest--puerto-rico--pinterest-pin.png,"Guanica State Forest, Fuerte Caprón, puerto rico",Guanica State Forest,Puerto Rico,17.9609985,-66.9028625,,active,Puerto Rico,North America
6395189240,Seven Seas Beach,destination,https://daytrip.com/en/transfers/seven-seas-beach-pr,https://raw.githubusercontent.com/kubaivanov/pictures/main/pinterest/seven-seas-beach--puerto-rico--pinterest-pin.png,"Seven Seas Beach, puerto rico",Seven Seas Beach,Puerto Rico,18.3694509,-65.6359042,,active,Puerto Rico,North America
6395189256,Cabo Rojo,destination,https://daytrip.com/en/transfers/cabo-rojo-pr,https://raw.githubusercontent.com/kubaivanov/pictures/main/pinterest/cabo-rojo--puerto-rico--pinterest-pin.png,"Cabo Rojo, Los Morrillos, puerto ricp",Cabo Rojo,Puerto Rico,17.9336769,-67.1922313,,active,Puerto Rico,North America
6395189267,Funchal,destination,https://daytrip.com/en/transfers/funchal-pt,https://raw.githubusercontent.com/kubaivanov/pictures/main/pinterest/funchal--portugal--pinterest-pin.png,Funchal,Funchal,Portugal,32.6506129,-16.9082357,,active,Portugal,Europe
6395189373,Salwa Beach,destination,https://daytrip.com/en/transfers/salwa-beach-qa,https://raw.githubusercontent.com/kubaivanov/pictures/main/pinterest/salwa-beach--qatar--pinterest-pin.png,"Salwa Beach, Qatar",Salwa Beach,Qatar,24.7501563,50.8521918,,active,Qatar,Asia
6395189374,Doha,destination,https://daytrip.com/en/transfers/doha-qa,https://raw.githubusercontent.com/kubaivanov/pictures/main/pinterest/doha--qatar--pinterest-pin.png,Doha,Doha,Qatar,25.2854473,51.531039799999988,,active,Qatar,Asia
6395189379,Grand Galet Falls,destination,https://daytrip.com/en/transfers/grand-galet-falls-re,https://raw.githubusercontent.com/kubaivanov/pictures/main/pinterest/grand-galet-falls--reunion--pinterest-pin.png,Cascade de Grand Galet,Grand Galet Falls,Réunion,-21.3116237,55.641850700000013,,active,Réunion,Africa
6395189596,Port Glaud Lagoon,destination,https://daytrip.com/en/transfers/port-glaud-lagoon-sc,https://raw.githubusercontent.com/kubaivanov/pictures/main/pinterest/port-glaud-lagoon--seychelles--pinterest-pin.png,Port Glaud lagoon,Port Glaud Lagoon,Seychelles,-4.6668617,55.4199358,,active,Seychelles,Africa
6395189606,Stockholm,destination,https://daytrip.com/en/transfers/stockholm-se,https://raw.githubusercontent.com/kubaivanov/pictures/main/pinterest/stockholm--sweden--pinterest-pin.png,Stockholm,Stockholm,Sweden,59.329323499999987,18.0685808,,active,Sweden,Europe
6395189661,La Libertad,destination,https://daytrip.com/en/transfers/la-libertad-el-salvador-sv,https://raw.githubusercontent.com/kubaivanov/pictures/main/pinterest/la-libertad--el-salvador--pinterest-pin.png,"La Libertad, El Salvador",La Libertad,El Salvador,13.486958118718308,-89.32436633411865,"Once known primarily for its world-class surfing at Punta Roca, this coastal gem now offers a perfect blend of adventure and relaxation for all types of travelers.",active,El Salvador,North America
6395189665,El Congo,destination,https://daytrip.com/en/transfers/el-congo-sv,https://raw.githubusercontent.com/kubaivanov/pictures/main/pinterest/el-congo--el-salvador--pinterest-pin.png,,El Congo,El Salvador,13.9051904,-89.5002027,"This charming town provides easy access to outdoor activities such as hiking, birdwatching, and exploring volcanic landscapes.",active,El Salvador,North America
6395189691,Bangkok,destination,https://daytrip.com/en/transfers/bangkok-th,https://raw.githubusercontent.com/kubaivanov/pictures/main/pinterest/bangkok--thailand--pinterest-pin.png,Bangkok,Bangkok,Thailand,13.7563309,100.5017651,,active,Thailand,Asia
6395189741,Adana,destination,https://daytrip.com/en/transfers/adana-tr,https://raw.githubusercontent.com/kubaivanov/pictures/main/pinterest/adana--turkey--pinterest-pin.png,Adana Turkey,Adana,Turkey,36.9914194,35.3308285,,active,Turkey,Asia
6395189754,Istanbul,destination,https://daytrip.com/en/transfers/istanbul-tr,https://raw.githubusercontent.com/kubaivanov/pictures/main/pinterest/istanbul--turkey--pinterest-pin.png,"Istanbul, Turkey",Istanbul,Turkey,41.0082376,28.9783589,,active,Turkey,Asia
6395189759,Urla,destination,https://daytrip.com/en/transfers/urla-turkey-tr,https://raw.githubusercontent.com/kubaivanov/pictures/main/pinterest/urla--turkey--pinterest-pin.png,"Urla, Turkey",Urla,Turkey,38.324972,26.76681,,active,Turkey,Asia
6395189772,Tekirova,destination,https://daytrip.com/en/transfers/tekirova-tr,https://raw.githubusercontent.com/kubaivanov/pictures/main/pinterest/tekirova--turkey--pinterest-pin.png,Tekirova,Tekirova,Turkey,36.501926,30.526392,,active,Turkey,Asia
6395189774,Kusadasi,destination,https://daytrip.com/en/transfers/kudasasi-tr,https://raw.githubusercontent.com/kubaivanov/pictures/main/pinterest/kusadasi--turkey--pinterest-pin.png,Kudasasi,Kusadasi,Turkey,37.857913,27.261015,,active,Turkey,Asia
6395189782,Bodrum,destination,https://daytrip.com/en/transfers/bodrum-tr,https://raw.githubusercontent.com/kubaivanov/pictures/main/pinterest/bodrum--turkey--pinterest-pin.png,Bodrum,Bodrum,Turkey,37.034407,27.43054,,active,Turkey,Asia
6395189784,Olympos Beach,destination,https://daytrip.com/en/transfers/olympus-beach-tr,https://raw.githubusercontent.com/kubaivanov/pictures/main/pinterest/olympos-beach--turkey--pinterest-pin.png,"Olympos, Turkey",Olympos Beach,Turkey,36.410846629852614,30.479752418273961,,active,Turkey,Asia
6395189789,Gallipoli,destination,https://daytrip.com/en/transfers/gallipoli-tr,https://raw.githubusercontent.com/kubaivanov/pictures/main/pinterest/gallipoli--turkey--pinterest-pin.png,"Gallipoli Peninsula, 17500 Pazarlı Köyü/Gelibolu/Çanakkale, Turkey",Gallipoli,Turkey,40.413369693338119,26.665481567382812,,active,Turkey,Asia
6395189790,Antalya,destination,https://daytrip.com/en/transfers/antalya-tr,https://raw.githubusercontent.com/kubaivanov/pictures/main/pinterest/antalya--turkey--pinterest-pin.png,Antalya,Antalya,Turkey,36.8968908,30.7133233,,active,Turkey,Asia
6395189812,Keelung,destination,https://daytrip.com/en/transfers/keelung-tw,https://raw.githubusercontent.com/kubaivanov/pictures/main/pinterest/keelung--taiwan--pinterest-pin.png,Keelung,Keelung,Taiwan,25.1276033,121.7391833,"A charming historical port city awaits visitors to Keelung, which may be the ideal destination for those in search of Taiwan's seafood scene.",active,Taiwan,Asia
6395189815,Kigoma,destination,https://daytrip.com/en/transfers/kigoma-tz,https://raw.githubusercontent.com/kubaivanov/pictures/main/pinterest/kigoma--tanzania--pinterest-pin.png,Kigoma,Kigoma,Tanzania,-4.8824092,29.6615055,,active,Tanzania,Africa
6395189881,"Ocean City, MD",destination,https://daytrip.com/en/transfers/ocean-city-md-us,https://raw.githubusercontent.com/kubaivanov/pictures/main/pinterest/ocean-city-md--united-states--pinterest-pin.png,"Ocean City, MD","Ocean City, MD",United States,38.3365032,-75.0849058,,active,United States,North America
6395189896,"Gresham, OR",destination,https://daytrip.com/en/transfers/gresham-or-us,https://raw.githubusercontent.com/kubaivanov/pictures/main/pinterest/gresham-or--united-states--pinterest-pin.png,Gresham,"Gresham, OR",United States,45.5098502,-122.4347608,,active,United States,North America
6395189922,"Voorhees Township, NJ",destination,https://daytrip.com/en/transfers/voorhees-township-nj-us,https://raw.githubusercontent.com/kubaivanov/pictures/main/pinterest/voorhees-township-nj--united-states--pinterest-pin.png,"Voorhees Township, NJ","Voorhees Township, NJ",United States,39.8519447,-74.961517,,active,United States,North America
6395189936,"Greenville, SC",destination,https://daytrip.com/en/transfers/greenville-sc-us,https://raw.githubusercontent.com/kubaivanov/pictures/main/pinterest/greenville-sc--united-states--pinterest-pin.png,"Greenville, SC","Greenville, SC",United States,34.852617599999988,-82.3940104,,active,United States,North America
6395189941,"Long Beach Township, NJ",destination,https://daytrip.com/en/transfers/long-beach-township-nj-us,https://raw.githubusercontent.com/kubaivanov/pictures/main/pinterest/long-beach-township-nj--united-states--pinterest-pin.png,"Long Beach Township, NJ, United States","Long Beach Township, NJ",United States,39.6155009,-74.199545,,active,United States,North America
6395189944,"Klamath Falls, OR",destination,https://daytrip.com/en/transfers/klamath-falls-or-us,https://raw.githubusercontent.com/kubaivanov/pictures/main/pinterest/klamath-falls-or--united-states--pinterest-pin.png,Klamath Falls,"Klamath Falls, OR",United States,42.224867,-121.7816704,,active,United States,North America
6395189947,"Solana Beach, CA",destination,https://daytrip.com/en/transfers/solana-beach-ca-us,https://raw.githubusercontent.com/kubaivanov/pictures/main/pinterest/solana-beach-ca--united-states--pinterest-pin.png,"Solana Beach, CA","Solana Beach, CA",United States,32.991155,-117.2711481,,active,United States,North America
6395189956,"Grass Valley, CA",destination,https://daytrip.com/en/transfers/grass-valley-ca-us,https://raw.githubusercontent.com/kubaivanov/pictures/main/pinterest/grass-valley-ca--united-states--pinterest-pin.png,Grass Valley,"Grass Valley, CA",United States,39.2190608,-121.0610606,,active,United States,North America
6395189962,"Millbrook, NY",destination,https://daytrip.com/en/transfers/millbrook-ny-us,https://raw.githubusercontent.com/kubaivanov/pictures/main/pinterest/millbrook-ny--united-states--pinterest-pin.png,"Millbrook, NY","Millbrook, NY",United States,41.7850937,-73.6940175,,active,United States,North America
6395189971,"San Bernardino, CA",destination,https://daytrip.com/en/transfers/san-bernardino-ca-us,https://raw.githubusercontent.com/kubaivanov/pictures/main/pinterest/san-bernardino-ca--united-states--pinterest-pin.png,"San Bernardino, CA","San Bernardino, CA",United States,34.1083449,-117.2897652,,active,United States,North America
6395189978,"Fortuna, CA",destination,https://daytrip.com/en/transfers/fortuna-ca-us,https://raw.githubusercontent.com/kubaivanov/pictures/main/pinterest/fortuna-ca--united-states--pinterest-pin.png,"Fortuna, CA","Fortuna, CA",United States,40.5981867,-124.1572756,A Friendly City in the Redwood Forest,active,United States,North America
6395189980,"Pismo Beach, CA",destination,https://daytrip.com/en/transfers/pismo-beach-ca-us,https://raw.githubusercontent.com/kubaivanov/pictures/main/pinterest/pismo-beach-ca--united-states--pinterest-pin.png,Pismo Beach,"Pismo Beach, CA",United States,35.1427533,-120.6412827,,active,United States,North America
6395189990,"Vero Beach, FL",destination,https://daytrip.com/en/transfers/vero-beach-fl-us,https://raw.githubusercontent.com/kubaivanov/pictures/main/pinterest/vero-beach-fl--united-states--pinterest-pin.png,"Vero Beach, FL","Vero Beach, FL",United States,27.6386434,-80.397273599999991,,active,United States,North America
6395189992,"Glens Falls, NY",destination,https://daytrip.com/en/transfers/glens-falls-ny-us,https://raw.githubusercontent.com/kubaivanov/pictures/main/pinterest/glens-falls-ny--united-states--pinterest-pin.png,"Glens Falls, NY","Glens Falls, NY",United States,43.3095164,-73.6440058,,active,United States,North America
6395190002,"Long Beach, CA",destination,https://daytrip.com/en/transfers/long-beach-ca-us,https://raw.githubusercontent.com/kubaivanov/pictures/main/pinterest/long-beach-ca--united-states--pinterest-pin.png,"Long Beach, California","Long Beach, CA",United States,33.7700504,-118.1937395,,active,United States,North America
6395190021,"Myrtle Beach, SC",destination,https://daytrip.com/en/transfers/myrtle-beach-sc-us,https://raw.githubusercontent.com/kubaivanov/pictures/main/pinterest/myrtle-beach-sc--united-states--pinterest-pin.png,"Myrtle Beach, SC","Myrtle Beach, SC",United States,33.6890603,-78.8866943,,active,United States,North America
6395190026,"Coos Bay, OR",destination,https://daytrip.com/en/transfers/coos-bay-or-us,https://raw.githubusercontent.com/kubaivanov/pictures/main/pinterest/coos-bay-or--united-states--pinterest-pin.png,"Coos Bay, OR","Coos Bay, OR",United States,43.3672213,-124.2131325,,active,United States,North America
6395190041,"Miami, FL",destination,https://daytrip.com/en/transfers/miami-fl-us,https://raw.githubusercontent.com/kubaivanov/pictures/main/pinterest/miami-fl--united-states--pinterest-pin.png,"Miami, FL","Miami, FL",United States,25.7616798,-80.1917902,"This city is known to intoxicate visitors with its world-class resorts, luxury, and charm.",active,United States,North America
6395190045,"El Cajon, CA",destination,https://daytrip.com/en/transfers/el-cajon-ca-us,https://raw.githubusercontent.com/kubaivanov/pictures/main/pinterest/el-cajon-ca--united-states--pinterest-pin.png,"El Cajon, United States","El Cajon, CA",United States,32.7947731,-116.9625269,,active,United States,North America
6395190053,"Norwalk, CT",destination,https://daytrip.com/en/transfers/norwalk-ct-us,https://raw.githubusercontent.com/kubaivanov/pictures/main/pinterest/norwalk-ct--united-states--pinterest-pin.png,"Norwalk, CT","Norwalk, CT",United States,41.117743999999988,-73.4081575,,active,United States,North America
6395190064,"Seven Springs, PA",destination,https://daytrip.com/en/transfers/seven-springs-pa-us,https://raw.githubusercontent.com/kubaivanov/pictures/main/pinterest/seven-springs-pa--united-states--pinterest-pin.png,"Seven Springs, PA","Seven Springs, PA",United States,40.0219309,-79.29024,,active,United States,North America
6395190066,"Mountain View, CA",destination,https://daytrip.com/en/transfers/mountain-view-ca-us,https://raw.githubusercontent.com/kubaivanov/pictures/main/pinterest/mountain-view-ca--united-states--pinterest-pin.png,Mountain View,"Mountain View, CA",United States,37.3860517,-122.0838511,,active,United States,North America
6395190069,"Valley of Fire, NV",destination,https://daytrip.com/en/transfers/valley-of-fire-nv-us,https://raw.githubusercontent.com/kubaivanov/pictures/main/pinterest/valley-of-fire-nv--united-states--pinterest-pin.png,Valley of Fire,"Valley of Fire, NV",United States,36.486627527893724,-114.53289946773681,,active,United States,North America
6395190070,"Crystal Mountain, MI",destination,https://daytrip.com/en/transfers/crystal-mountain-mi-us,https://raw.githubusercontent.com/kubaivanov/pictures/main/pinterest/crystal-mountain-mi--united-states--pinterest-pin.png,Crystal Mountain michigan,"Crystal Mountain, MI",United States,44.519399,-85.990899,,active,United States,North America
6395190088,"Bethany Beach, DE",destination,https://daytrip.com/en/transfers/bethany-beach-de-us,https://raw.githubusercontent.com/kubaivanov/pictures/main/pinterest/bethany-beach-de--united-states--pinterest-pin.png,"Bethany Beach, DE","Bethany Beach, DE",United States,38.5395564,-75.0551806,,active,United States,North America
6395190102,"Savannah, GA",destination,https://daytrip.com/en/transfers/savannah-ga-us,https://raw.githubusercontent.com/kubaivanov/pictures/main/pinterest/savannah-ga--united-states--pinterest-pin.png,"Savannah, GA","Savannah, GA",United States,32.0808989,-81.091203,,active,United States,North America
6395190120,"Cannon Beach, OR",destination,https://daytrip.com/en/transfers/cannon-beach-or-us,https://raw.githubusercontent.com/kubaivanov/pictures/main/pinterest/cannon-beach-or--united-states--pinterest-pin.png,"Cannon Beach, OR","Cannon Beach, OR",United States,45.8917738,-123.9615274,,active,United States,North America
6395190130,"Half Moon Bay, CA",destination,https://daytrip.com/en/transfers/half-moon-bay-ca-us,https://raw.githubusercontent.com/kubaivanov/pictures/main/pinterest/half-moon-bay-ca--united-states--pinterest-pin.png,"Half Moon Bay, CA","Half Moon Bay, CA",United States,37.4635519,-122.4285862,,active,United States,North America
6395190143,"South Lake Tahoe, CA",destination,https://daytrip.com/en/transfers/south-lake-tahoe-us,https://raw.githubusercontent.com/kubaivanov/pictures/main/pinterest/south-lake-tahoe-ca--united-states--pinterest-pin.png,"South Lake Tahoe, United States","South Lake Tahoe, CA",United States,38.939926,-119.9771868,,active,United States,North America
6395190154,"Fort Bragg, CA",destination,https://daytrip.com/en/transfers/fort-bragg-ca-us,https://raw.githubusercontent.com/kubaivanov/pictures/main/pinterest/fort-bragg-ca--united-states--pinterest-pin.png,"Fort Bragg, CA","Fort Bragg, CA",United States,39.445723,-123.8052935,,active,United States,North America
6395190162,"Ocean City, NJ",destination,https://daytrip.com/en/transfers/ocean-city-nj-us,https://raw.githubusercontent.com/kubaivanov/pictures/main/pinterest/ocean-city-nj--united-states--pinterest-pin.png,"Ocean City, NJ","Ocean City, NJ",United States,39.2776156,-74.5746001,,active,United States,North America
6395190169,"Pendleton, OR",destination,https://daytrip.com/en/transfers/pendleton-or-us,https://raw.githubusercontent.com/kubaivanov/pictures/main/pinterest/pendleton-or--united-states--pinterest-pin.png,"Pendleton, Oregon","Pendleton, OR",United States,45.672075,-118.7885967,,active,United States,North America
6395190174,"Springfield, MO",destination,https://daytrip.com/en/transfers/springfield-mo-us,https://raw.githubusercontent.com/kubaivanov/pictures/main/pinterest/springfield-mo--united-states--pinterest-pin.png,"Springfield, MO","Springfield, MO",United States,37.2089572,-93.292298899999992,,active,United States,North America
6395190183,"Cape Canaveral, FL",destination,https://daytrip.com/en/transfers/cape-canaveral-fl-us,https://raw.githubusercontent.com/kubaivanov/pictures/main/pinterest/cape-canaveral-fl--united-states--pinterest-pin.png,"Cape Canaveral, FL","Cape Canaveral, FL",United States,28.3922182,-80.607713199999992,,active,United States,North America
6395190191,"Key West, FL",destination,https://daytrip.com/en/transfers/key-west-fl-us,https://raw.githubusercontent.com/kubaivanov/pictures/main/pinterest/key-west-fl--united-states--pinterest-pin.png,"Key West, FL","Key West, FL",United States,24.5550593,-81.7799871,,active,United States,North America
6395190192,Mad River Glen,destination,https://daytrip.com/en/transfers/mad-river-glen-us,https://raw.githubusercontent.com/kubaivanov/pictures/main/pinterest/mad-river-glen--united-states--pinterest-pin.png,Mad River Glen,Mad River Glen,United States,44.2024842,-72.9175431,,active,United States,North America
6395190198,"Homestead, FL",destination,https://daytrip.com/en/transfers/homestead-fl-us,https://raw.githubusercontent.com/kubaivanov/pictures/main/pinterest/homestead-fl--united-states--pinterest-pin.png,"Homestead, FL","Homestead, FL",United States,25.4687224,-80.4775569,,active,United States,North America
6395190203,"Carmel-By-The-Sea, CA",destination,https://daytrip.com/en/transfers/carmel-by-the-sea-ca-us,https://raw.githubusercontent.com/kubaivanov/pictures/main/pinterest/carmel-by-the-sea-ca--united-states--pinterest-pin.png,Carmel-on-the-Sea,"Carmel-By-The-Sea, CA",United States,36.5552386,-121.9232879,,active,United States,North America
6395190208,"Fort Walton Beach, FL",destination,https://daytrip.com/en/transfers/fort-walton-beach-fl-us,https://raw.githubusercontent.com/kubaivanov/pictures/main/pinterest/fort-walton-beach-fl--united-states--pinterest-pin.png,"Fort Walton Beach, FL","Fort Walton Beach, FL",United States,30.420070799999991,-86.6170308,,active,United States,North America
6395190215,"Avila Beach, CA",destination,https://daytrip.com/en/transfers/avila-beach-ca-us,https://raw.githubusercontent.com/kubaivanov/pictures/main/pinterest/avila-beach-ca--united-states--pinterest-pin.png,Avila Beach,"Avila Beach, CA",United States,35.1800113,-120.7319127,,active,United States,North America
6395190220,"Cascade Mountain, WI",destination,https://daytrip.com/en/transfers/cascade-mountain-wi-us,https://raw.githubusercontent.com/kubaivanov/pictures/main/pinterest/cascade-mountain-wi--united-states--pinterest-pin.png,Cascade Mountain,"Cascade Mountain, WI",United States,43.5037245,-89.5172569,,active,United States,North America
6395190229,"Hood River, OR",destination,https://daytrip.com/en/transfers/hood-river-or-us,https://raw.githubusercontent.com/kubaivanov/pictures/main/pinterest/hood-river-or--united-states--pinterest-pin.png,"Hood River, OR","Hood River, OR",United States,45.7067985,-121.528087,,active,United States,North America
6395190243,"Syracuse, NY",destination,https://daytrip.com/en/transfers/syracuse-ny-us,https://raw.githubusercontent.com/kubaivanov/pictures/main/pinterest/syracuse-ny--united-states--pinterest-pin.png,"Syracuse, NY","Syracuse, NY",United States,43.0481221,-76.147424399999991,,active,United States,North America
6395190255,"Reno, NV",destination,https://daytrip.com/en/transfers/reno-nv-us,https://raw.githubusercontent.com/kubaivanov/pictures/main/pinterest/reno-nv--united-states--pinterest-pin.png,Reno,"Reno, NV",United States,39.5296329,-119.8138027,,active,United States,North America
6395190530,"Virginia Beach, VA",destination,https://daytrip.com/en/transfers/virginia-beach-va-us,https://raw.githubusercontent.com/kubaivanov/pictures/main/pinterest/virginia-beach-va--united-states--pinterest-pin.png,"Virginia Beach, VA","Virginia Beach, VA",United States,36.8529263,-75.97798499999999,,active,United States,North America
6395190536,"Santa Clara, CA",destination,https://daytrip.com/en/transfers/santa-clara-ca-us,https://raw.githubusercontent.com/kubaivanov/pictures/main/pinterest/santa-clara-ca--united-states--pinterest-pin.png,"Santa Clara, CA","Santa Clara, CA",United States,37.3541079,-121.9552356,,active,United States,North America
6395190543,"Morro Bay, CA",destination,https://daytrip.com/en/transfers/morro-bay-ca-us,https://raw.githubusercontent.com/kubaivanov/pictures/main/pinterest/morro-bay-ca--united-states--pinterest-pin.png,Morro Bay,"Morro Bay, CA",United States,35.3659445,-120.8499924,,active,United States,North America
6395190544,"Olympic Valley, CA",destination,https://daytrip.com/en/transfers/squaw-valley-resort-ca-us,https://raw.githubusercontent.com/kubaivanov/pictures/main/pinterest/olympic-valley-ca--united-states--pinterest-pin.png,Squaw Valley Resort,"Olympic Valley, CA",United States,39.197607,-120.2354422,,active,United States,North America
6395190549,"Des Moines, IA",destination,https://daytrip.com/en/transfers/des-moines-ia-us,https://raw.githubusercontent.com/kubaivanov/pictures/main/pinterest/des-moines-ia--united-states--pinterest-pin.png,"Des Moines, IA","Des Moines, IA",United States,41.5868353,-93.6249593,,active,United States,North America
6395190563,"Cherry Valley, CA",destination,https://daytrip.com/en/transfers/cherry-valley-us,https://raw.githubusercontent.com/kubaivanov/pictures/main/pinterest/cherry-valley-ca--united-states--pinterest-pin.png,"Cherry Valley, CA, United States","Cherry Valley, CA",United States,33.9725153,-116.9772484,,active,United States,North America
6395190569,"Lake Placid, NY",destination,https://daytrip.com/en/transfers/lake-placid-ny-us,https://raw.githubusercontent.com/kubaivanov/pictures/main/pinterest/lake-placid-ny--united-states--pinterest-pin.png,"Lake Placid, NY","Lake Placid, NY",United States,44.2794911,-73.9798713,,active,United States,North America
6395190572,"Palm Springs, CA",destination,https://daytrip.com/en/transfers/palm-springs-ca-us,https://raw.githubusercontent.com/kubaivanov/pictures/main/pinterest/palm-springs-ca--united-states--pinterest-pin.png,"Palm Springs, United States","Palm Springs, CA",United States,33.8302961,-116.5452921,,active,United States,North America
6395190573,"Eureka Springs, AR",destination,https://daytrip.com/en/transfers/eureka-springs-ar-us,https://raw.githubusercontent.com/kubaivanov/pictures/main/pinterest/eureka-springs-ar--united-states--pinterest-pin.png,"Eureka Springs, AR","Eureka Springs, AR",United States,36.4011825,-93.7379711,,active,United States,North America
6395190576,"Phoenix, AZ",destination,https://daytrip.com/en/transfers/phoenix-az-us,https://raw.githubusercontent.com/kubaivanov/pictures/main/pinterest/phoenix-az--united-states--pinterest-pin.png,Phoenix,"Phoenix, AZ",United States,33.4483771,-112.0740373,Explore the towering saguaros and spectacular sunsets of this vibrant city amidst the scenic Sonoran desert.,active,United States,North America
6395190587,"West Palm Beach, FL",destination,https://daytrip.com/en/transfers/west-palm-beach-fl-us,https://raw.githubusercontent.com/kubaivanov/pictures/main/pinterest/west-palm-beach-fl--united-states--pinterest-pin.png,"West Palm Beach, FL","West Palm Beach, FL",United States,26.7153424,-80.0533746,,active,United States,North America
6395190608,Cabo Polonio,destination,https://daytrip.com/en/transfers/cabo-polonio-uy,https://raw.githubusercontent.com/kubaivanov/pictures/main/pinterest/cabo-polonio--uruguay--pinterest-pin.png,Cabo Polonio,Cabo Polonio,Uruguay,-34.381443467183026,-53.844508222595209,,active,Uruguay,South America
6395190643,Ho Chi Minh,destination,https://daytrip.com/en/transfers/ho-chi-minh-vn,https://raw.githubusercontent.com/kubaivanov/pictures/main/pinterest/ho-chi-minh--vietnam--pinterest-pin.png,Ho Chi Minh,Ho Chi Minh,Vietnam,10.8230989,106.6296638,,active,Vietnam,Asia
6395190646,Hanoi,destination,https://daytrip.com/en/transfers/hanoi-vn,https://raw.githubusercontent.com/kubaivanov/pictures/main/pinterest/hanoi--vietnam--pinterest-pin.png,Hanoi,Hanoi,Vietnam,21.0277644,105.8341598,,active,Vietnam,Asia
6395190656,Phong Nha-Ke Bang,destination,https://daytrip.com/en/transfers/phong-nha-ke-bang-vn,https://raw.githubusercontent.com/kubaivanov/pictures/main/pinterest/phong-nha-ke-bang--vietnam--pinterest-pin.png,Phong Nha-Ke Bang,Phong Nha-Ke Bang,Vietnam,17.5907815,106.2833928,,active,Vietnam,Asia
6395190661,Quan Son Lake,destination,https://daytrip.com/en/transfers/quan-son-lake-vn,https://raw.githubusercontent.com/kubaivanov/pictures/main/pinterest/quan-son-lake--vietnam--pinterest-pin.png,Quan Son Lake,Quan Son Lake,Vietnam,20.6881862362457,105.69868783547361,,active,Vietnam,Asia
6395190690,Bethlehem,destination,https://daytrip.com/en/transfers/bethlehem-za,https://raw.githubusercontent.com/kubaivanov/pictures/main/pinterest/bethlehem--south-africa--pinterest-pin.png,Bethlehem SAR,Bethlehem,South Africa,-28.2352,28.3047,,active,South Africa,Africa
6395190695,Cape Town,destination,https://daytrip.com/en/transfers/cape-town-za,https://raw.githubusercontent.com/kubaivanov/pictures/main/pinterest/cape-town--south-africa--pinterest-pin.png,Cape Town,Cape Town,South Africa,-33.9248685,18.4240553,,active,South Africa,Africa
6395190696,Plettenberg Bay,destination,https://daytrip.com/en/transfers/plettenberg-bay-za,https://raw.githubusercontent.com/kubaivanov/pictures/main/pinterest/plettenberg-bay--south-africa--pinterest-pin.png,Plettenberg Bay,Plettenberg Bay,South Africa,-34.057489200000013,23.3644925,,active,South Africa,Africa
6395190711,Zastron,destination,https://daytrip.com/en/transfers/zastron-za,https://raw.githubusercontent.com/kubaivanov/pictures/main/pinterest/zastron--south-africa--pinterest-pin.png,Zastron,Zastron,South Africa,-30.2949347,27.0970596,,active,South Africa,Africa
6395190713,Worcester,destination,https://daytrip.com/en/transfers/worcester-za,https://raw.githubusercontent.com/kubaivanov/pictures/main/pinterest/worcester--south-africa--pinterest-pin.png,Worcester South Africa,Worcester,South Africa,-33.65389,19.4616074,,active,South Africa,Africa
6395190716,Alberton,destination,https://daytrip.com/en/transfers/alberton-za,https://raw.githubusercontent.com/kubaivanov/pictures/main/pinterest/alberton--south-africa--pinterest-pin.png,Alberton,Alberton,South Africa,-26.3223942,28.1239717,,active,South Africa,Africa
6395190717,Harrismith,destination,https://daytrip.com/en/transfers/harrismith-za,https://raw.githubusercontent.com/kubaivanov/pictures/main/pinterest/harrismith--south-africa--pinterest-pin.png,Harrismith,Harrismith,South Africa,-28.289511838484408,29.133008211328161,,active,South Africa,Africa
6395190718,Kenton-on-Sea,destination,https://daytrip.com/en/transfers/kenton-on-sea-za,https://raw.githubusercontent.com/kubaivanov/pictures/main/pinterest/kenton-on-sea--south-africa--pinterest-pin.png,"Kenton, South Africa",Kenton-on-Sea,South Africa,-33.6805779,26.6700737,,active,South Africa,Africa
6395190722,Madikwe,destination,https://daytrip.com/en/transfers/madikwe-za,https://raw.githubusercontent.com/kubaivanov/pictures/main/pinterest/madikwe--south-africa--pinterest-pin.png,Madikwe,Madikwe,South Africa,-25.3957311,26.5727815,,active,South Africa,Africa
6395190723,Richards Bay,destination,https://daytrip.com/en/transfers/richards-bay-za,https://raw.githubusercontent.com/kubaivanov/pictures/main/pinterest/richards-bay--south-africa--pinterest-pin.png,Richards Bay,Richards Bay,South Africa,-28.769518039187865,32.039830552392573,,active,South Africa,Africa
6395190728,Carolina,destination,https://daytrip.com/en/transfers/carolina-za,https://raw.githubusercontent.com/kubaivanov/pictures/main/pinterest/carolina--south-africa--pinterest-pin.png,"Carolina, South Africa",Carolina,South Africa,-26.0730802,30.1069594,,active,South Africa,Africa
6395190731,Jeffreys Bay,destination,https://daytrip.com/en/transfers/jeffreys-bay-za,https://raw.githubusercontent.com/kubaivanov/pictures/main/pinterest/jeffreys-bay--south-africa--pinterest-pin.png,Jeffreys Bay,Jeffreys Bay,South Africa,-34.0506714,24.9101544,,active,South Africa,Africa
6395190732,Tzaneen,destination,https://daytrip.com/en/transfers/tzaneen-za,https://raw.githubusercontent.com/kubaivanov/pictures/main/pinterest/tzaneen--south-africa--pinterest-pin.png,Tzaneen,Tzaneen,South Africa,-23.824683453380082,30.156176473168898,,active,South Africa,Africa
6395190738,Aston Bay,destination,https://daytrip.com/en/transfers/aston-bay-za,https://raw.githubusercontent.com/kubaivanov/pictures/main/pinterest/aston-bay--south-africa--pinterest-pin.png,Aston Bay,Aston Bay,South Africa,-34.0810119,24.908671,,active,South Africa,Africa
6395190745,Johannesburg,destination,https://daytrip.com/en/transfers/johannesburg-za,https://raw.githubusercontent.com/kubaivanov/pictures/main/pinterest/johannesburg--south-africa--pinterest-pin.png,Johannesburg,Johannesburg,South Africa,-26.2041028,28.0473051,,active,South Africa,Africa
6395190750,Mossel Bay,destination,https://daytrip.com/en/transfers/mossel-bay-za,https://raw.githubusercontent.com/kubaivanov/pictures/main/pinterest/mossel-bay--south-africa--pinterest-pin.png,Mossel Bay,Mossel Bay,South Africa,-34.1747356,22.0834066,,active,South Africa,Africa
6395190753,Eshowe,destination,https://daytrip.com/en/transfers/eshowe-za,https://raw.githubusercontent.com/kubaivanov/pictures/main/pinterest/eshowe--south-africa--pinterest-pin.png,Eshowe,Eshowe,South Africa,-28.8946769,31.4627576,,active,South Africa,Africa
6395190757,Mthatha,destination,https://daytrip.com/en/transfers/mthatha-za,https://raw.githubusercontent.com/kubaivanov/pictures/main/pinterest/mthatha--south-africa--pinterest-pin.png,Umtata,Mthatha,South Africa,-31.6066839,28.7780987,,active,South Africa,Africa
6395190764,Boknes Strand,destination,https://daytrip.com/en/transfers/boknes-strand-za,https://raw.githubusercontent.com/kubaivanov/pictures/main/pinterest/boknes-strand--south-africa--pinterest-pin.png,Boknes,Boknes Strand,South Africa,-33.7319191,26.5772048,,active,South Africa,Africa
