destination_id,image[0].url,internal_label
6395180312,https://raw.githubusercontent.com/kubaivanov/pictures/main/meta/city-2000/hatta--united-arab-emirates--reddit-square.jpg,"['asia','ae','history-heritage','mountains','religious']"
6395180313,https://raw.githubusercontent.com/kubaivanov/pictures/main/meta/city-2000/sheikh-zayed-mosque--united-arab-emirates--reddit-square.jpg,"['asia','ae','art-culture','religious']"
6395180315,https://raw.githubusercontent.com/kubaivanov/pictures/main/meta/city-2000/al-ain--united-arab-emirates--reddit-square.jpg,"['asia','ae','history-heritage','art-culture','nature']"
6395180316,https://raw.githubusercontent.com/kubaivanov/pictures/main/meta/city-2000/jazirat-al-hamra--united-arab-emirates--reddit-square.jpg,"['asia','ae']"
6395180317,https://raw.githubusercontent.com/kubaivanov/pictures/main/meta/city-2000/english-harbour--antigua-and-barbuda--reddit-square.jpg,"['north-america','ag','history-heritage','food-wine']"
6395180318,https://raw.githubusercontent.com/kubaivanov/pictures/main/meta/city-2000/st-john-s--antigua-and-barbuda--reddit-square.jpg,"['north-america','ag','coastal','history-heritage','art-culture','religious']"
6395180319,https://raw.githubusercontent.com/kubaivanov/pictures/main/meta/city-2000/devil-s-bridge-and-indian-town-np--antigua-and-barbuda--reddit-square.jpg,"['north-america','ag','coastal','lakes-rivers','mountains','nature','adventure']"
6395180320,https://raw.githubusercontent.com/kubaivanov/pictures/main/meta/city-2000/dickenson-bay--antigua-and-barbuda--reddit-square.jpg,"['north-america','ag','coastal']"
6395180322,https://raw.githubusercontent.com/kubaivanov/pictures/main/meta/city-2000/berat--albania--reddit-square.jpg,"['europe','al','lakes-rivers','history-heritage','art-culture','religious']"
6395180323,https://raw.githubusercontent.com/kubaivanov/pictures/main/meta/city-2000/gjirokaster--albania--reddit-square.jpg,"['europe','al','history-heritage','religious']"
6395180324,https://raw.githubusercontent.com/kubaivanov/pictures/main/meta/city-2000/shkoder--albania--reddit-square.jpg,"['europe','al','history-heritage','religious']"
6395180325,https://raw.githubusercontent.com/kubaivanov/pictures/main/meta/city-2000/butrint--albania--reddit-square.jpg,"['europe','al','history-heritage','art-culture','religious']"
6395180326,https://raw.githubusercontent.com/kubaivanov/pictures/main/meta/city-2000/elbasan--albania--reddit-square.jpg,"['europe','al','history-heritage','art-culture','religious','well-known']"
6395180327,https://raw.githubusercontent.com/kubaivanov/pictures/main/meta/city-2000/vlore--albania--reddit-square.jpg,"['europe','al','art-culture','religious']"
6395180328,https://raw.githubusercontent.com/kubaivanov/pictures/main/meta/city-2000/durres--albania--reddit-square.jpg,"['europe','al','history-heritage','art-culture']"
6395180330,https://raw.githubusercontent.com/kubaivanov/pictures/main/meta/city-2000/vanadzor--armenia--reddit-square.jpg,"['asia','am','history-heritage','art-culture','religious']"
6395180331,https://raw.githubusercontent.com/kubaivanov/pictures/main/meta/city-2000/gyumri--armenia--reddit-square.jpg,"['asia','am','history-heritage','art-culture']"
6395180332,https://raw.githubusercontent.com/kubaivanov/pictures/main/meta/city-2000/stepanavan--armenia--reddit-square.jpg,"['asia','am']"
6395180333,https://raw.githubusercontent.com/kubaivanov/pictures/main/meta/city-2000/garni--armenia--reddit-square.jpg,"['asia','am','lakes-rivers','history-heritage','art-culture','nature','religious']"
6395180334,https://raw.githubusercontent.com/kubaivanov/pictures/main/meta/city-2000/dilijan--armenia--reddit-square.jpg,"['asia','am','lakes-rivers','history-heritage','art-culture','mountains','nature','wellness','religious']"
6395180335,https://raw.githubusercontent.com/kubaivanov/pictures/main/meta/city-2000/villa-traful--argentina--reddit-square.jpg,"['south-america','ar','lakes-rivers','mountains','nature']"
6395180336,https://raw.githubusercontent.com/kubaivanov/pictures/main/meta/city-2000/mar-del-plata--argentina--reddit-square.jpg,"['south-america','ar','beaches','coastal','art-culture']"
6395180337,https://raw.githubusercontent.com/kubaivanov/pictures/main/meta/city-2000/cafayate--argentina--reddit-square.jpg,"['south-america','ar','food-wine','mountains','nature']"
6395180338,https://raw.githubusercontent.com/kubaivanov/pictures/main/meta/city-2000/purmamarca--argentina--reddit-square.jpg,"['south-america','ar','history-heritage','mountains','nature']"
6395180339,https://raw.githubusercontent.com/kubaivanov/pictures/main/meta/city-2000/salinas-grandes--argentina--reddit-square.jpg,"['south-america','ar','mountains','nature','adventure']"
6395180340,https://raw.githubusercontent.com/kubaivanov/pictures/main/meta/city-2000/san-antonio-oeste--argentina--reddit-square.jpg,"['south-america','ar','beaches','coastal','food-wine']"
6395180343,https://raw.githubusercontent.com/kubaivanov/pictures/main/meta/city-2000/santa-fe--argentina--reddit-square.jpg,"['south-america','ar','lakes-rivers','history-heritage','art-culture']"
6395180344,https://raw.githubusercontent.com/kubaivanov/pictures/main/meta/city-2000/villa-general-belgrano--argentina--reddit-square.jpg,"['south-america','ar','art-culture','food-wine','mountains']"
6395180345,https://raw.githubusercontent.com/kubaivanov/pictures/main/meta/city-2000/formosa--argentina--reddit-square.jpg,"['south-america','ar','lakes-rivers','art-culture','nature','adventure']"
6395180346,https://raw.githubusercontent.com/kubaivanov/pictures/main/meta/city-2000/colonia-suiza--argentina--reddit-square.jpg,"['south-america','ar','lakes-rivers','art-culture','food-wine','mountains']"
6395180348,https://raw.githubusercontent.com/kubaivanov/pictures/main/meta/city-2000/la-falda--argentina--reddit-square.jpg,"['south-america','ar','history-heritage','art-culture']"
6395180349,https://raw.githubusercontent.com/kubaivanov/pictures/main/meta/city-2000/el-bolson--argentina--reddit-square.jpg,"['south-america','ar','lakes-rivers','mountains','nature']"
6395180350,https://raw.githubusercontent.com/kubaivanov/pictures/main/meta/city-2000/villa-carlos-paz--argentina--reddit-square.jpg,"['south-america','ar','lakes-rivers','art-culture','food-wine','mountains']"
6395180351,https://raw.githubusercontent.com/kubaivanov/pictures/main/meta/city-2000/termas-cacheuta--argentina--reddit-square.jpg,"['south-america','ar','lakes-rivers','mountains','wellness']"
6395180352,https://raw.githubusercontent.com/kubaivanov/pictures/main/meta/city-2000/las-grutas--argentina--reddit-square.jpg,"['south-america','ar','beaches','coastal','nature']"
6395180353,https://raw.githubusercontent.com/kubaivanov/pictures/main/meta/city-2000/san-juan--argentina--reddit-square.jpg,"['south-america','ar','mountains']"
6395180354,https://raw.githubusercontent.com/kubaivanov/pictures/main/meta/city-2000/mina-clavero--argentina--reddit-square.jpg,"['south-america','ar','beaches','lakes-rivers','food-wine','mountains']"
6395180356,https://raw.githubusercontent.com/kubaivanov/pictures/main/meta/city-2000/posadas--argentina--reddit-square.jpg,"['south-america','ar','lakes-rivers']"
6395180358,https://raw.githubusercontent.com/kubaivanov/pictures/main/meta/city-2000/san-rafael--argentina--reddit-square.jpg,"['south-america','ar','lakes-rivers','food-wine','mountains','wellness','adventure']"
6395180360,https://raw.githubusercontent.com/kubaivanov/pictures/main/meta/city-2000/jesus-maria--argentina--reddit-square.jpg,"['south-america','ar','history-heritage','art-culture']"
6395180361,https://raw.githubusercontent.com/kubaivanov/pictures/main/meta/city-2000/parana--argentina--reddit-square.jpg,"['south-america','ar','beaches','lakes-rivers','religious']"
6395180362,https://raw.githubusercontent.com/kubaivanov/pictures/main/meta/city-2000/la-cumbrecita--argentina--reddit-square.jpg,"['south-america','ar','lakes-rivers','mountains','nature','religious']"
6395180363,https://raw.githubusercontent.com/kubaivanov/pictures/main/meta/city-2000/villa-de-merlo--argentina--reddit-square.jpg,"['south-america','ar','history-heritage','art-culture','mountains','religious']"
6395180364,https://raw.githubusercontent.com/kubaivanov/pictures/main/meta/city-2000/tupungato--argentina--reddit-square.jpg,"['south-america','ar','food-wine','mountains']"
6395180365,https://raw.githubusercontent.com/kubaivanov/pictures/main/meta/city-2000/tilcara--argentina--reddit-square.jpg,"['south-america','ar','history-heritage','art-culture','mountains']"
6395180368,https://raw.githubusercontent.com/kubaivanov/pictures/main/meta/city-2000/cachi--argentina--reddit-square.jpg,"['south-america','ar','history-heritage','art-culture','mountains']"
6395180369,https://raw.githubusercontent.com/kubaivanov/pictures/main/meta/city-2000/humahuaca--argentina--reddit-square.jpg,"['south-america','ar','history-heritage','art-culture']"
6395180370,https://raw.githubusercontent.com/kubaivanov/pictures/main/meta/city-2000/rosario--argentina--reddit-square.jpg,"['south-america','ar','lakes-rivers','art-culture','religious']"
6395180371,https://raw.githubusercontent.com/kubaivanov/pictures/main/meta/city-2000/san-martin-de-los-andes--argentina--reddit-square.jpg,"['south-america','ar','lakes-rivers','mountains','nature']"
6395180372,https://raw.githubusercontent.com/kubaivanov/pictures/main/meta/city-2000/villa-la-angostura--argentina--reddit-square.jpg,"['south-america','ar','lakes-rivers','mountains','nature','adventure']"
6395180373,https://raw.githubusercontent.com/kubaivanov/pictures/main/meta/city-2000/nono--argentina--reddit-square.jpg,"['south-america','ar','lakes-rivers','art-culture','religious']"
6395180375,https://raw.githubusercontent.com/kubaivanov/pictures/main/meta/city-2000/krems-an-der-donau--austria--reddit-square.jpg,"['europe','at','lakes-rivers','history-heritage','art-culture','food-wine','religious']"
6395180376,https://raw.githubusercontent.com/kubaivanov/pictures/main/meta/city-2000/reutte--austria--reddit-square.jpg,"['europe','at','history-heritage','art-culture']"
6395180378,https://raw.githubusercontent.com/kubaivanov/pictures/main/meta/city-2000/durnstein--austria--reddit-square.jpg,"['europe','at','history-heritage','food-wine','mountains','nature']"
6395180380,https://raw.githubusercontent.com/kubaivanov/pictures/main/meta/city-2000/bad-ischl--austria--reddit-square.jpg,"['europe','at','lakes-rivers','art-culture','wellness']"
6395180381,https://raw.githubusercontent.com/kubaivanov/pictures/main/meta/city-2000/graz--austria--reddit-square.jpg,"['europe','at','history-heritage']"
6395180382,https://raw.githubusercontent.com/kubaivanov/pictures/main/meta/city-2000/bad-hofgastein--austria--reddit-square.jpg,"['europe','at','lakes-rivers','mountains']"
6395180383,https://raw.githubusercontent.com/kubaivanov/pictures/main/meta/city-2000/lake-neusiedl--austria--reddit-square.jpg,"['europe','at','coastal','lakes-rivers','food-wine']"
6395180384,https://raw.githubusercontent.com/kubaivanov/pictures/main/meta/city-2000/hallstatt--austria--reddit-square.jpg,"['europe','at','lakes-rivers','history-heritage','mountains','nature']"
6395180385,https://raw.githubusercontent.com/kubaivanov/pictures/main/meta/city-2000/solden--austria--reddit-square.jpg,"['europe','at','mountains']"
6395180386,https://raw.githubusercontent.com/kubaivanov/pictures/main/meta/city-2000/linz--austria--reddit-square.jpg,"['europe','at','lakes-rivers','history-heritage','art-culture','well-known']"
6395180389,https://raw.githubusercontent.com/kubaivanov/pictures/main/meta/city-2000/salzburg--austria--reddit-square.jpg,"['europe','at','history-heritage','mountains','religious']"
6395180391,https://raw.githubusercontent.com/kubaivanov/pictures/main/meta/city-2000/mondsee--austria--reddit-square.jpg,"['europe','at','lakes-rivers','history-heritage']"
6395180392,https://raw.githubusercontent.com/kubaivanov/pictures/main/meta/city-2000/bregenz--austria--reddit-square.jpg,"['europe','at','lakes-rivers','history-heritage','art-culture','mountains']"
6395180393,https://raw.githubusercontent.com/kubaivanov/pictures/main/meta/city-2000/steyr--austria--reddit-square.jpg,"['europe','at','lakes-rivers','history-heritage','art-culture']"
6395180394,https://raw.githubusercontent.com/kubaivanov/pictures/main/meta/city-2000/kufstein--austria--reddit-square.jpg,"['europe','at','lakes-rivers','history-heritage','art-culture','religious']"
6395180396,https://raw.githubusercontent.com/kubaivanov/pictures/main/meta/city-2000/seefeld--austria--reddit-square.jpg,"['europe','at','mountains']"
6395180397,https://raw.githubusercontent.com/kubaivanov/pictures/main/meta/city-2000/melk--austria--reddit-square.jpg,"['europe','at','history-heritage','art-culture']"
6395180398,https://raw.githubusercontent.com/kubaivanov/pictures/main/meta/city-2000/lienz--austria--reddit-square.jpg,"['europe','at','lakes-rivers','history-heritage','art-culture','mountains']"
6395180400,https://raw.githubusercontent.com/kubaivanov/pictures/main/meta/city-2000/villach--austria--reddit-square.jpg,"['europe','at','lakes-rivers','history-heritage','art-culture','mountains']"
6395180401,https://raw.githubusercontent.com/kubaivanov/pictures/main/meta/city-2000/kitzbuhel-kirchberg--austria--reddit-square.jpg,"['europe','at','mountains']"
6395180402,https://raw.githubusercontent.com/kubaivanov/pictures/main/meta/city-2000/sankt-johann-im-pongau--austria--reddit-square.jpg,"['europe','at','mountains','nature','religious']"
6395180403,https://raw.githubusercontent.com/kubaivanov/pictures/main/meta/city-2000/sankt-gilgen--austria--reddit-square.jpg,"['europe','at','lakes-rivers','mountains']"
6395180404,https://raw.githubusercontent.com/kubaivanov/pictures/main/meta/city-2000/innsbruck--austria--reddit-square.jpg,"['europe','at','art-culture','mountains']"
6395180405,https://raw.githubusercontent.com/kubaivanov/pictures/main/meta/city-2000/zell-am-see--austria--reddit-square.jpg,"['europe','at','lakes-rivers','history-heritage','mountains','nature']"
6395180406,https://raw.githubusercontent.com/kubaivanov/pictures/main/meta/city-2000/sankt-wolfgang--austria--reddit-square.jpg,"['europe','at','lakes-rivers','history-heritage']"
6395180407,https://raw.githubusercontent.com/kubaivanov/pictures/main/meta/city-2000/oranjestad--aruba--reddit-square.jpg,"['north-america','aw','coastal','history-heritage','art-culture','nature']"
6395180408,https://raw.githubusercontent.com/kubaivanov/pictures/main/meta/city-2000/lahich--azerbaijan--reddit-square.jpg,"['asia','az','lakes-rivers','art-culture','religious']"
6395180789,https://raw.githubusercontent.com/kubaivanov/pictures/main/meta/city-2000/sheki--azerbaijan--reddit-square.jpg,"['asia','az','history-heritage','art-culture','food-wine','mountains']"
6395180792,https://raw.githubusercontent.com/kubaivanov/pictures/main/meta/city-2000/ganja--azerbaijan--reddit-square.jpg,"['asia','az','art-culture','religious']"
6395180793,https://raw.githubusercontent.com/kubaivanov/pictures/main/meta/city-2000/trebinje--bosnia-and-herzegovina--reddit-square.jpg,"['europe','ba','lakes-rivers','art-culture','religious']"
6395180795,https://raw.githubusercontent.com/kubaivanov/pictures/main/meta/city-2000/travnik--bosnia-and-herzegovina--reddit-square.jpg,"['europe','ba','lakes-rivers','history-heritage','mountains','religious']"
6395180799,https://raw.githubusercontent.com/kubaivanov/pictures/main/meta/city-2000/banja-luka--bosnia-and-herzegovina--reddit-square.jpg,"['europe','ba','lakes-rivers','history-heritage','religious']"
6395180800,https://raw.githubusercontent.com/kubaivanov/pictures/main/meta/city-2000/bihac--bosnia-and-herzegovina--reddit-square.jpg,"['europe','ba','lakes-rivers','history-heritage','art-culture','religious']"
6395180801,https://raw.githubusercontent.com/kubaivanov/pictures/main/meta/city-2000/neum--bosnia-and-herzegovina--reddit-square.jpg,"['europe','ba','coastal','adventure']"
6395180803,https://raw.githubusercontent.com/kubaivanov/pictures/main/meta/city-2000/speightstown--barbados--reddit-square.jpg,"['north-america','bb','coastal','history-heritage','art-culture']"
6395180804,https://raw.githubusercontent.com/kubaivanov/pictures/main/meta/city-2000/st-nicholas-abbey-and-steam-railway--barbados--reddit-square.jpg,"['north-america','bb','coastal','lakes-rivers']"
6395180805,https://raw.githubusercontent.com/kubaivanov/pictures/main/meta/city-2000/bridgetown--barbados--reddit-square.jpg,"['north-america','bb','coastal','history-heritage','art-culture']"
6395180806,https://raw.githubusercontent.com/kubaivanov/pictures/main/meta/city-2000/ghent--belgium--reddit-square.jpg,"['europe','be','history-heritage','art-culture','religious']"
6395180807,https://raw.githubusercontent.com/kubaivanov/pictures/main/meta/city-2000/liege--belgium--reddit-square.jpg,"['europe','be','history-heritage','art-culture','food-wine']"
6395180809,https://raw.githubusercontent.com/kubaivanov/pictures/main/meta/city-2000/kortrijk--belgium--reddit-square.jpg,"['europe','be','history-heritage']"
6395180811,https://raw.githubusercontent.com/kubaivanov/pictures/main/meta/city-2000/bruges--belgium--reddit-square.jpg,"['europe','be','history-heritage','religious']"
6395180812,https://raw.githubusercontent.com/kubaivanov/pictures/main/meta/city-2000/brussels--belgium--reddit-square.jpg,"['europe','be','art-culture']"
6395180813,https://raw.githubusercontent.com/kubaivanov/pictures/main/meta/city-2000/mechelen--belgium--reddit-square.jpg,"['europe','be','history-heritage','religious']"
6395180814,https://raw.githubusercontent.com/kubaivanov/pictures/main/meta/city-2000/ostend--belgium--reddit-square.jpg,"['europe','be','coastal','history-heritage','art-culture','well-known']"
6395180815,https://raw.githubusercontent.com/kubaivanov/pictures/main/meta/city-2000/leuven--belgium--reddit-square.jpg,"['europe','be','lakes-rivers','history-heritage']"
6395180816,https://raw.githubusercontent.com/kubaivanov/pictures/main/meta/city-2000/dinant--belgium--reddit-square.jpg,"['europe','be','history-heritage','art-culture']"
6395180817,https://raw.githubusercontent.com/kubaivanov/pictures/main/meta/city-2000/durbuy--belgium--reddit-square.jpg,"['europe','be','history-heritage']"
6395180818,https://raw.githubusercontent.com/kubaivanov/pictures/main/meta/city-2000/burgas--bulgaria--reddit-square.jpg,"['europe','bg','history-heritage','art-culture','nature']"
6395180819,https://raw.githubusercontent.com/kubaivanov/pictures/main/meta/city-2000/sozopol--bulgaria--reddit-square.jpg,"['europe','bg','coastal','history-heritage','art-culture','religious','well-known']"
6395180820,https://raw.githubusercontent.com/kubaivanov/pictures/main/meta/city-2000/veliko-tarnovo--bulgaria--reddit-square.jpg,"['europe','bg','lakes-rivers','history-heritage','art-culture']"
6395180821,https://raw.githubusercontent.com/kubaivanov/pictures/main/meta/city-2000/rila-monastery--bulgaria--reddit-square.jpg,"['europe','bg','history-heritage','religious']"
6395180822,https://raw.githubusercontent.com/kubaivanov/pictures/main/meta/city-2000/varna--bulgaria--reddit-square.jpg,"['europe','bg','coastal','history-heritage','art-culture']"
6395180823,https://raw.githubusercontent.com/kubaivanov/pictures/main/meta/city-2000/plovdiv--bulgaria--reddit-square.jpg,"['europe','bg','history-heritage','art-culture','religious']"
6395180824,https://raw.githubusercontent.com/kubaivanov/pictures/main/meta/city-2000/kazanlak--bulgaria--reddit-square.jpg,"['europe','bg','history-heritage','art-culture']"
6395180825,https://raw.githubusercontent.com/kubaivanov/pictures/main/meta/city-2000/manama--bahrain--reddit-square.jpg,"['asia','bh','history-heritage','art-culture','food-wine','religious']"
6395180826,https://raw.githubusercontent.com/kubaivanov/pictures/main/meta/city-2000/hamad-town--bahrain--reddit-square.jpg,"['asia','bh']"
6395180827,https://raw.githubusercontent.com/kubaivanov/pictures/main/meta/city-2000/riffa--bahrain--reddit-square.jpg,"['asia','bh','history-heritage','art-culture']"
6395180828,https://raw.githubusercontent.com/kubaivanov/pictures/main/meta/city-2000/kagera-falls--burundi--reddit-square.jpg,"['africa','bi','lakes-rivers','history-heritage','mountains']"
6395180829,https://raw.githubusercontent.com/kubaivanov/pictures/main/meta/city-2000/gitega--burundi--reddit-square.jpg,"['africa','bi','lakes-rivers','art-culture','nature']"
6395180830,https://raw.githubusercontent.com/kubaivanov/pictures/main/meta/city-2000/bururi--burundi--reddit-square.jpg,"['africa','bi','mountains','nature']"
6395180831,https://raw.githubusercontent.com/kubaivanov/pictures/main/meta/city-2000/port-royal-golf-course--bermuda--reddit-square.jpg,"['north-america','bm']"
6395180832,https://raw.githubusercontent.com/kubaivanov/pictures/main/meta/city-2000/muara--brunei-darussalam--reddit-square.jpg,"['asia','bn','coastal','lakes-rivers']"
6395180833,https://raw.githubusercontent.com/kubaivanov/pictures/main/meta/city-2000/kuala-belait--brunei-darussalam--reddit-square.jpg,"['asia','bn','lakes-rivers','art-culture','religious']"
6395180835,https://raw.githubusercontent.com/kubaivanov/pictures/main/meta/city-2000/sucre--bolivia--reddit-square.jpg,"['south-america','bo','history-heritage','art-culture','religious']"
6395180836,https://raw.githubusercontent.com/kubaivanov/pictures/main/meta/city-2000/oruro--bolivia--reddit-square.jpg,"['south-america','bo','art-culture','well-known']"
6395180837,https://raw.githubusercontent.com/kubaivanov/pictures/main/meta/city-2000/la-paz--bolivia--reddit-square.jpg,"['south-america','bo','religious','well-known']"
6395180838,https://raw.githubusercontent.com/kubaivanov/pictures/main/meta/city-2000/cochabamba--bolivia--reddit-square.jpg,"['south-america','bo','art-culture','nature','religious']"
6395180839,https://raw.githubusercontent.com/kubaivanov/pictures/main/meta/city-2000/coroico--bolivia--reddit-square.jpg,"['south-america','bo','lakes-rivers']"
6395180840,https://raw.githubusercontent.com/kubaivanov/pictures/main/meta/city-2000/samaipata--bolivia--reddit-square.jpg,"['south-america','bo','history-heritage','art-culture','mountains']"
6395180841,https://raw.githubusercontent.com/kubaivanov/pictures/main/meta/city-2000/tarija--bolivia--reddit-square.jpg,"['south-america','bo','lakes-rivers','history-heritage','art-culture','food-wine']"
6395180842,https://raw.githubusercontent.com/kubaivanov/pictures/main/meta/city-2000/camiri--bolivia--reddit-square.jpg,"['south-america','bo','art-culture','food-wine']"
6395180843,https://raw.githubusercontent.com/kubaivanov/pictures/main/meta/city-2000/tiwanaku--bolivia--reddit-square.jpg,"['south-america','bo','history-heritage','art-culture','religious']"
6395180844,https://raw.githubusercontent.com/kubaivanov/pictures/main/meta/city-2000/tupiza--bolivia--reddit-square.jpg,"['south-america','bo','mountains','nature']"
6395180845,https://raw.githubusercontent.com/kubaivanov/pictures/main/meta/city-2000/potosi--bolivia--reddit-square.jpg,"['south-america','bo','history-heritage','art-culture','religious']"
6395180846,https://raw.githubusercontent.com/kubaivanov/pictures/main/meta/city-2000/cascavel--brazil--reddit-square.jpg,"['south-america','br','art-culture','religious']"
6395180847,https://raw.githubusercontent.com/kubaivanov/pictures/main/meta/city-2000/guarapuava--brazil--reddit-square.jpg,"['south-america','br','art-culture','religious']"
6395180848,https://raw.githubusercontent.com/kubaivanov/pictures/main/meta/city-2000/mariana--brazil--reddit-square.jpg,"['south-america','br','history-heritage','art-culture','mountains','religious']"
6395180849,https://raw.githubusercontent.com/kubaivanov/pictures/main/meta/city-2000/maringa--brazil--reddit-square.jpg,"['south-america','br','art-culture','religious']"
6395180850,https://raw.githubusercontent.com/kubaivanov/pictures/main/meta/city-2000/joinville--brazil--reddit-square.jpg,"['south-america','br','art-culture','mountains','nature']"
6395180852,https://raw.githubusercontent.com/kubaivanov/pictures/main/meta/city-2000/petropolis--brazil--reddit-square.jpg,"['south-america','br','history-heritage','art-culture']"
6395180853,https://raw.githubusercontent.com/kubaivanov/pictures/main/meta/city-2000/porto-uniao--brazil--reddit-square.jpg,"['south-america','br']"
6395180854,https://raw.githubusercontent.com/kubaivanov/pictures/main/meta/city-2000/tiradentes--brazil--reddit-square.jpg,"['south-america','br','history-heritage','art-culture','mountains']"
6395180855,https://raw.githubusercontent.com/kubaivanov/pictures/main/meta/city-2000/rio-de-janeiro--brazil--reddit-square.jpg,"['south-america','br','beaches','coastal','history-heritage','art-culture','mountains','nature','well-known']"
6395180856,https://raw.githubusercontent.com/kubaivanov/pictures/main/meta/city-2000/ouro-preto--brazil--reddit-square.jpg,"['south-america','br','history-heritage','art-culture','religious']"
6395180857,https://raw.githubusercontent.com/kubaivanov/pictures/main/meta/city-2000/iguazu-falls-brazil--brazil--reddit-square.jpg,"['south-america','br','lakes-rivers','nature','adventure','well-known']"
6395180858,https://raw.githubusercontent.com/kubaivanov/pictures/main/meta/city-2000/congonhas--brazil--reddit-square.jpg,"['south-america','br','history-heritage','art-culture','religious']"
6395180860,https://raw.githubusercontent.com/kubaivanov/pictures/main/meta/city-2000/holambra--brazil--reddit-square.jpg,"['south-america','br','art-culture','nature']"
6395180861,https://raw.githubusercontent.com/kubaivanov/pictures/main/meta/city-2000/paraty--brazil--reddit-square.jpg,"['south-america','br','beaches','coastal','history-heritage','art-culture','mountains','nature']"
6395180862,https://raw.githubusercontent.com/kubaivanov/pictures/main/meta/city-2000/porto-alegre--brazil--reddit-square.jpg,"['south-america','br','lakes-rivers','art-culture','food-wine']"
6395180863,https://raw.githubusercontent.com/kubaivanov/pictures/main/meta/city-2000/londrina--brazil--reddit-square.jpg,"['south-america','br','art-culture']"
6395180864,https://raw.githubusercontent.com/kubaivanov/pictures/main/meta/city-2000/campos-do-jordao--brazil--reddit-square.jpg,"['south-america','br','art-culture','food-wine','mountains']"
6395180865,https://raw.githubusercontent.com/kubaivanov/pictures/main/meta/city-2000/blumenau--brazil--reddit-square.jpg,"['south-america','br','art-culture','food-wine']"
6395180866,https://raw.githubusercontent.com/kubaivanov/pictures/main/meta/city-2000/feira-de-santana--brazil--reddit-square.jpg,"['south-america','br','art-culture','religious']"
6395180867,https://raw.githubusercontent.com/kubaivanov/pictures/main/meta/city-2000/cunha--brazil--reddit-square.jpg,"['south-america','br','religious']"
6395180868,https://raw.githubusercontent.com/kubaivanov/pictures/main/meta/city-2000/vitoria--brazil--reddit-square.jpg,"['south-america','br','beaches','coastal','art-culture','mountains','nature']"
6395180869,https://raw.githubusercontent.com/kubaivanov/pictures/main/meta/city-2000/chapeco--brazil--reddit-square.jpg,"['south-america','br','mountains','religious']"
6395180870,https://raw.githubusercontent.com/kubaivanov/pictures/main/meta/city-2000/tropic-of-cancer-beach--bahamas--reddit-square.jpg,"['north-america','bs','coastal','adventure']"
6395180871,https://raw.githubusercontent.com/kubaivanov/pictures/main/meta/city-2000/khama-rhino-sanctuary--botswana--reddit-square.jpg,"['africa','bw','nature']"
6395180872,https://raw.githubusercontent.com/kubaivanov/pictures/main/meta/city-2000/xunantunich--belize--reddit-square.jpg,"['north-america','bz','history-heritage']"
6395180873,https://raw.githubusercontent.com/kubaivanov/pictures/main/meta/city-2000/altun-ha--belize--reddit-square.jpg,"['north-america','bz','religious']"
6395180874,https://raw.githubusercontent.com/kubaivanov/pictures/main/meta/city-2000/lamanai--belize--reddit-square.jpg,"['north-america','bz','lakes-rivers','history-heritage','art-culture','religious']"
6395180876,https://raw.githubusercontent.com/kubaivanov/pictures/main/meta/city-2000/niagara-falls-on--canada--reddit-square.jpg,"['north-america','ca','art-culture']"
6395180877,https://raw.githubusercontent.com/kubaivanov/pictures/main/meta/city-2000/bellinzona--switzerland--reddit-square.jpg,"['europe','ch','history-heritage','art-culture','religious']"
6395180878,https://raw.githubusercontent.com/kubaivanov/pictures/main/meta/city-2000/schaffhausen--switzerland--reddit-square.jpg,"['europe','ch','lakes-rivers','history-heritage','art-culture']"
6395180879,https://raw.githubusercontent.com/kubaivanov/pictures/main/meta/city-2000/lugano--switzerland--reddit-square.jpg,"['europe','ch','lakes-rivers','religious']"
6395180880,https://raw.githubusercontent.com/kubaivanov/pictures/main/meta/city-2000/st-gallen--switzerland--reddit-square.jpg,"['europe','ch','history-heritage','religious']"
6395180881,https://raw.githubusercontent.com/kubaivanov/pictures/main/meta/city-2000/locarno--switzerland--reddit-square.jpg,"['europe','ch','lakes-rivers','art-culture']"
6395180882,https://raw.githubusercontent.com/kubaivanov/pictures/main/meta/city-2000/basel--switzerland--reddit-square.jpg,"['europe','ch','history-heritage','art-culture','religious','well-known']"
6395180883,https://raw.githubusercontent.com/kubaivanov/pictures/main/meta/city-2000/chillon-castle--switzerland--reddit-square.jpg,"['europe','ch','lakes-rivers','history-heritage']"
6395180884,https://raw.githubusercontent.com/kubaivanov/pictures/main/meta/city-2000/davos--switzerland--reddit-square.jpg,"['europe','ch','lakes-rivers','art-culture','mountains','nature']"
6395180885,https://raw.githubusercontent.com/kubaivanov/pictures/main/meta/city-2000/lausanne--switzerland--reddit-square.jpg,"['europe','ch','lakes-rivers','history-heritage','art-culture','religious']"
6395180886,https://raw.githubusercontent.com/kubaivanov/pictures/main/meta/city-2000/murten--switzerland--reddit-square.jpg,"['europe','ch','lakes-rivers','history-heritage','art-culture']"
6395180887,https://raw.githubusercontent.com/kubaivanov/pictures/main/meta/city-2000/baden--switzerland--reddit-square.jpg,"['europe','ch','history-heritage','art-culture','wellness']"
6395180888,https://raw.githubusercontent.com/kubaivanov/pictures/main/meta/city-2000/bern--switzerland--reddit-square.jpg,"['europe','ch','history-heritage','art-culture','nature','religious']"
6395180889,https://raw.githubusercontent.com/kubaivanov/pictures/main/meta/city-2000/zug--switzerland--reddit-square.jpg,"['europe','ch','lakes-rivers','history-heritage','art-culture']"
6395180890,https://raw.githubusercontent.com/kubaivanov/pictures/main/meta/city-2000/lucerne--switzerland--reddit-square.jpg,"['europe','ch','history-heritage','mountains','religious']"
6395180891,https://raw.githubusercontent.com/kubaivanov/pictures/main/meta/city-2000/chur--switzerland--reddit-square.jpg,"['europe','ch','art-culture','mountains','religious','well-known']"
6395180892,https://raw.githubusercontent.com/kubaivanov/pictures/main/meta/city-2000/geneva--switzerland--reddit-square.jpg,"['europe','ch','lakes-rivers','history-heritage','art-culture','mountains','religious']"
6395180893,https://raw.githubusercontent.com/kubaivanov/pictures/main/meta/city-2000/thun--switzerland--reddit-square.jpg,"['europe','ch','lakes-rivers','history-heritage','art-culture','mountains']"
6395180894,https://raw.githubusercontent.com/kubaivanov/pictures/main/meta/city-2000/grand-bassam--cote-d-ivoire--reddit-square.jpg,"['africa','ci','coastal','history-heritage','art-culture']"
6395180895,https://raw.githubusercontent.com/kubaivanov/pictures/main/meta/city-2000/daloa--cote-d-ivoire--reddit-square.jpg,"['africa','ci','lakes-rivers','history-heritage','mountains']"
6395180896,https://raw.githubusercontent.com/kubaivanov/pictures/main/meta/city-2000/abengourou--cote-d-ivoire--reddit-square.jpg,"['africa','ci','lakes-rivers','history-heritage','mountains','nature']"
6395180897,https://raw.githubusercontent.com/kubaivanov/pictures/main/meta/city-2000/sassandra--cote-d-ivoire--reddit-square.jpg,"['africa','ci','coastal','art-culture']"
6395180898,https://raw.githubusercontent.com/kubaivanov/pictures/main/meta/city-2000/korhogo--cote-d-ivoire--reddit-square.jpg,"['africa','ci','art-culture','religious']"
6395180900,https://raw.githubusercontent.com/kubaivanov/pictures/main/meta/city-2000/yamoussoukro--cote-d-ivoire--reddit-square.jpg,"['africa','ci','art-culture','religious','well-known']"
6395180901,https://raw.githubusercontent.com/kubaivanov/pictures/main/meta/city-2000/bouake--cote-d-ivoire--reddit-square.jpg,"['africa','ci']"
6395180902,https://raw.githubusercontent.com/kubaivanov/pictures/main/meta/city-2000/man--cote-d-ivoire--reddit-square.jpg,"['africa','ci','lakes-rivers','mountains']"
6395180903,https://raw.githubusercontent.com/kubaivanov/pictures/main/meta/city-2000/iquique--chile--reddit-square.jpg,"['south-america','cl','coastal']"
6395180904,https://raw.githubusercontent.com/kubaivanov/pictures/main/meta/city-2000/valdivia--chile--reddit-square.jpg,"['south-america','cl','history-heritage']"
6395180905,https://raw.githubusercontent.com/kubaivanov/pictures/main/meta/city-2000/arica--chile--reddit-square.jpg,"['south-america','cl','coastal','art-culture','mountains','religious']"
6395180906,https://raw.githubusercontent.com/kubaivanov/pictures/main/meta/city-2000/ovalle--chile--reddit-square.jpg,"['south-america','cl','lakes-rivers','history-heritage','art-culture','mountains','nature']"
6395180907,https://raw.githubusercontent.com/kubaivanov/pictures/main/meta/city-2000/talca--chile--reddit-square.jpg,"['south-america','cl','history-heritage','art-culture','mountains','nature','religious']"
6395180909,https://raw.githubusercontent.com/kubaivanov/pictures/main/meta/city-2000/putre--chile--reddit-square.jpg,"['south-america','cl','mountains','nature']"
6395180910,https://raw.githubusercontent.com/kubaivanov/pictures/main/meta/city-2000/coquimbo--chile--reddit-square.jpg,"['south-america','cl','coastal']"
6395180911,https://raw.githubusercontent.com/kubaivanov/pictures/main/meta/city-2000/chillan--chile--reddit-square.jpg,"['south-america','cl','religious']"
6395180912,https://raw.githubusercontent.com/kubaivanov/pictures/main/meta/city-2000/san-pedro-de-atacama--chile--reddit-square.jpg,"['south-america','cl','art-culture']"
6395180913,https://raw.githubusercontent.com/kubaivanov/pictures/main/meta/city-2000/frutillar--chile--reddit-square.jpg,"['south-america','cl','lakes-rivers','history-heritage','art-culture','mountains','nature']"
6395180914,https://raw.githubusercontent.com/kubaivanov/pictures/main/meta/city-2000/copiapo--chile--reddit-square.jpg,"['south-america','cl','art-culture']"
6395180915,https://raw.githubusercontent.com/kubaivanov/pictures/main/meta/city-2000/ancud--chile--reddit-square.jpg,"['south-america','cl','history-heritage','art-culture','religious']"
6395180916,https://raw.githubusercontent.com/kubaivanov/pictures/main/meta/city-2000/puerto-varas--chile--reddit-square.jpg,"['south-america','cl','lakes-rivers','nature']"
6395180917,https://raw.githubusercontent.com/kubaivanov/pictures/main/meta/city-2000/vina-del-mar--chile--reddit-square.jpg,"['south-america','cl','coastal','lakes-rivers','history-heritage','art-culture','nature']"
6395180932,https://raw.githubusercontent.com/kubaivanov/pictures/main/meta/city-2000/huasco--chile--reddit-square.jpg,"['south-america','cl','coastal','lakes-rivers','history-heritage']"
6395180933,https://raw.githubusercontent.com/kubaivanov/pictures/main/meta/city-2000/vicuna--chile--reddit-square.jpg,"['south-america','cl','history-heritage','art-culture','religious']"
6395180934,https://raw.githubusercontent.com/kubaivanov/pictures/main/meta/city-2000/freirina--chile--reddit-square.jpg,"['south-america','cl']"
6395180935,https://raw.githubusercontent.com/kubaivanov/pictures/main/meta/city-2000/puerto-natales--chile--reddit-square.jpg,"['south-america','cl','art-culture','food-wine','mountains','nature']"
6395180936,https://raw.githubusercontent.com/kubaivanov/pictures/main/meta/city-2000/concepcion--chile--reddit-square.jpg,"['south-america','cl','history-heritage','art-culture']"
6395180937,https://raw.githubusercontent.com/kubaivanov/pictures/main/meta/city-2000/valparaiso--chile--reddit-square.jpg,"['south-america','cl','coastal','history-heritage','art-culture','well-known']"
6395180938,https://raw.githubusercontent.com/kubaivanov/pictures/main/meta/city-2000/temuco--chile--reddit-square.jpg,"['south-america','cl','lakes-rivers','mountains','nature','well-known']"
6395180939,https://raw.githubusercontent.com/kubaivanov/pictures/main/meta/city-2000/villarrica--chile--reddit-square.jpg,"['south-america','cl','lakes-rivers','nature']"
6395180940,https://raw.githubusercontent.com/kubaivanov/pictures/main/meta/city-2000/el-tatio--chile--reddit-square.jpg,"['south-america','cl','nature','well-known']"
6395180941,https://raw.githubusercontent.com/kubaivanov/pictures/main/meta/city-2000/la-serena--chile--reddit-square.jpg,"['south-america','cl','coastal','food-wine','religious']"
6395180942,https://raw.githubusercontent.com/kubaivanov/pictures/main/meta/city-2000/antofagasta--chile--reddit-square.jpg,"['south-america','cl','coastal','nature']"
6395180943,https://raw.githubusercontent.com/kubaivanov/pictures/main/meta/city-2000/riohacha--colombia--reddit-square.jpg,"['south-america','co','coastal','religious']"
6395180944,https://raw.githubusercontent.com/kubaivanov/pictures/main/meta/city-2000/honda--colombia--reddit-square.jpg,"['south-america','co','lakes-rivers','history-heritage','religious']"
6395180945,https://raw.githubusercontent.com/kubaivanov/pictures/main/meta/city-2000/mompox--colombia--reddit-square.jpg,"['south-america','co','coastal','lakes-rivers','history-heritage','religious']"
6395180946,https://raw.githubusercontent.com/kubaivanov/pictures/main/meta/city-2000/el-hoyo-soplador--colombia--reddit-square.jpg,"['south-america','co','coastal']"
6395180947,https://raw.githubusercontent.com/kubaivanov/pictures/main/meta/city-2000/popayan--colombia--reddit-square.jpg,"['south-america','co','history-heritage','art-culture','food-wine','religious']"
6395180948,https://raw.githubusercontent.com/kubaivanov/pictures/main/meta/city-2000/manizales--colombia--reddit-square.jpg,"['south-america','co','religious']"
6395180949,https://raw.githubusercontent.com/kubaivanov/pictures/main/meta/city-2000/rio-claro-valley--colombia--reddit-square.jpg,"['south-america','co','lakes-rivers','nature','adventure']"
6395180953,https://raw.githubusercontent.com/kubaivanov/pictures/main/meta/city-2000/barichara--colombia--reddit-square.jpg,"['south-america','co','religious']"
6395180954,https://raw.githubusercontent.com/kubaivanov/pictures/main/meta/city-2000/rionegro--colombia--reddit-square.jpg,"['south-america','co','art-culture','religious']"
6395180955,https://raw.githubusercontent.com/kubaivanov/pictures/main/meta/city-2000/pereira--colombia--reddit-square.jpg,"['south-america','co','history-heritage','religious']"
6395180958,https://raw.githubusercontent.com/kubaivanov/pictures/main/meta/city-2000/la-loma--colombia--reddit-square.jpg,"['south-america','co','coastal','art-culture']"
6395180959,https://raw.githubusercontent.com/kubaivanov/pictures/main/meta/city-2000/cartagena--colombia--reddit-square.jpg,"['south-america','co','coastal','lakes-rivers','history-heritage','food-wine']"
6395180960,https://raw.githubusercontent.com/kubaivanov/pictures/main/meta/city-2000/cali--colombia--reddit-square.jpg,"['south-america','co','history-heritage']"
6395180961,https://raw.githubusercontent.com/kubaivanov/pictures/main/meta/city-2000/sincelejo--colombia--reddit-square.jpg,"['south-america','co','religious']"
6395180962,https://raw.githubusercontent.com/kubaivanov/pictures/main/meta/city-2000/el-totumo-mud-volcano--colombia--reddit-square.jpg,"['south-america','co','lakes-rivers','nature','wellness']"
6395180963,https://raw.githubusercontent.com/kubaivanov/pictures/main/meta/city-2000/bucaramanga--colombia--reddit-square.jpg,"['south-america','co','mountains','nature','religious']"
6395180964,https://raw.githubusercontent.com/kubaivanov/pictures/main/meta/city-2000/pasto--colombia--reddit-square.jpg,"['south-america','co','history-heritage','art-culture','religious']"
6395180965,https://raw.githubusercontent.com/kubaivanov/pictures/main/meta/city-2000/tunja--colombia--reddit-square.jpg,"['south-america','co','history-heritage','art-culture']"
6395180968,https://raw.githubusercontent.com/kubaivanov/pictures/main/meta/city-2000/barranquilla--colombia--reddit-square.jpg,"['south-america','co','history-heritage']"
6395180969,https://raw.githubusercontent.com/kubaivanov/pictures/main/meta/city-2000/santa-marta--colombia--reddit-square.jpg,"['south-america','co','history-heritage','art-culture','religious']"
6395180970,https://raw.githubusercontent.com/kubaivanov/pictures/main/meta/city-2000/monteria--colombia--reddit-square.jpg,"['south-america','co','lakes-rivers']"
6395180972,https://raw.githubusercontent.com/kubaivanov/pictures/main/meta/city-2000/la-piscinita--colombia--reddit-square.jpg,"['south-america','co','coastal','adventure']"
6395180973,https://raw.githubusercontent.com/kubaivanov/pictures/main/meta/city-2000/salento--colombia--reddit-square.jpg,"['south-america','co','history-heritage','art-culture','mountains']"
6395180974,https://raw.githubusercontent.com/kubaivanov/pictures/main/meta/city-2000/guatape--colombia--reddit-square.jpg,"['south-america','co','lakes-rivers']"
6395180975,https://raw.githubusercontent.com/kubaivanov/pictures/main/meta/city-2000/minca--colombia--reddit-square.jpg,"['south-america','co','lakes-rivers','history-heritage','mountains']"
6395180976,https://raw.githubusercontent.com/kubaivanov/pictures/main/meta/city-2000/villa-de-leyva--colombia--reddit-square.jpg,"['south-america','co','history-heritage','art-culture']"
6395180977,https://raw.githubusercontent.com/kubaivanov/pictures/main/meta/city-2000/jardin--colombia--reddit-square.jpg,"['south-america','co','lakes-rivers','history-heritage','mountains','nature','religious']"
6395180978,https://raw.githubusercontent.com/kubaivanov/pictures/main/meta/city-2000/jerico--colombia--reddit-square.jpg,"['south-america','co','history-heritage','art-culture','religious']"
6395180979,https://raw.githubusercontent.com/kubaivanov/pictures/main/meta/city-2000/san-jose--costa-rica--reddit-square.jpg,"['north-america','cr','history-heritage','art-culture','nature']"
6395180980,https://raw.githubusercontent.com/kubaivanov/pictures/main/meta/city-2000/cartago--costa-rica--reddit-square.jpg,"['north-america','cr','history-heritage','nature']"
6395180981,https://raw.githubusercontent.com/kubaivanov/pictures/main/meta/city-2000/arenal-volcano-national-park--costa-rica--reddit-square.jpg,"['north-america','cr','mountains','nature','wellness']"
6395180982,https://raw.githubusercontent.com/kubaivanov/pictures/main/meta/city-2000/jaco--costa-rica--reddit-square.jpg,"['north-america','cr','coastal','lakes-rivers','history-heritage','mountains','nature']"
6395180983,https://raw.githubusercontent.com/kubaivanov/pictures/main/meta/city-2000/punta-arenas--costa-rica--reddit-square.jpg,"['north-america','cr','religious']"
6395180984,https://raw.githubusercontent.com/kubaivanov/pictures/main/meta/city-2000/la-fortuna--costa-rica--reddit-square.jpg,"['north-america','cr','lakes-rivers','mountains','nature','wellness','adventure']"
6395180985,https://raw.githubusercontent.com/kubaivanov/pictures/main/meta/city-2000/manuel-antonio-national-park--costa-rica--reddit-square.jpg,"['north-america','cr','coastal','mountains','nature']"
6395180986,https://raw.githubusercontent.com/kubaivanov/pictures/main/meta/city-2000/cienfuegos--cuba--reddit-square.jpg,"['north-america','cu','history-heritage','art-culture','nature','religious']"
6395180987,https://raw.githubusercontent.com/kubaivanov/pictures/main/meta/city-2000/santiago-de-cuba--cuba--reddit-square.jpg,"['north-america','cu','coastal','history-heritage','art-culture','religious']"
6395180988,https://raw.githubusercontent.com/kubaivanov/pictures/main/meta/city-2000/gibara--cuba--reddit-square.jpg,"['north-america','cu','history-heritage','art-culture']"
6395180989,https://raw.githubusercontent.com/kubaivanov/pictures/main/meta/city-2000/las-terrazas--cuba--reddit-square.jpg,"['north-america','cu','coastal','lakes-rivers','history-heritage','art-culture','mountains']"
6395180991,https://raw.githubusercontent.com/kubaivanov/pictures/main/meta/city-2000/trinidad--cuba--reddit-square.jpg,"['north-america','cu','history-heritage','art-culture']"
6395180992,https://raw.githubusercontent.com/kubaivanov/pictures/main/meta/city-2000/bayamo--cuba--reddit-square.jpg,"['north-america','cu','history-heritage','art-culture']"
6395180993,https://raw.githubusercontent.com/kubaivanov/pictures/main/meta/city-2000/camaguey--cuba--reddit-square.jpg,"['north-america','cu','history-heritage','art-culture','religious']"
6395180994,https://raw.githubusercontent.com/kubaivanov/pictures/main/meta/city-2000/sancti-spiritus--cuba--reddit-square.jpg,"['north-america','cu','lakes-rivers','history-heritage','art-culture']"
6395180995,https://raw.githubusercontent.com/kubaivanov/pictures/main/meta/city-2000/baracoa--cuba--reddit-square.jpg,"['north-america','cu','coastal','history-heritage','nature','religious']"
6395180997,https://raw.githubusercontent.com/kubaivanov/pictures/main/meta/city-2000/jan-kok--curacao--reddit-square.jpg,"['north-america','cw','coastal','art-culture','nature']"
6395180998,https://raw.githubusercontent.com/kubaivanov/pictures/main/meta/city-2000/sint-willibrordus--curacao--reddit-square.jpg,"['north-america','cw','coastal','art-culture']"
6395180999,https://raw.githubusercontent.com/kubaivanov/pictures/main/meta/city-2000/barber--curacao--reddit-square.jpg,"['north-america','cw','coastal','art-culture','food-wine','mountains','nature']"
6395181000,https://raw.githubusercontent.com/kubaivanov/pictures/main/meta/city-2000/willemstad--curacao--reddit-square.jpg,"['north-america','cw','history-heritage','art-culture','religious']"
6395181001,https://raw.githubusercontent.com/kubaivanov/pictures/main/meta/city-2000/pissouri--cyprus--reddit-square.jpg,"['europe','cy','art-culture','food-wine','mountains']"
6395181002,https://raw.githubusercontent.com/kubaivanov/pictures/main/meta/city-2000/mount-olympus--cyprus--reddit-square.jpg,"['europe','cy','coastal','mountains']"
6395181003,https://raw.githubusercontent.com/kubaivanov/pictures/main/meta/city-2000/kalopanagiotis--cyprus--reddit-square.jpg,"['europe','cy','history-heritage','art-culture','mountains','religious']"
6395181004,https://raw.githubusercontent.com/kubaivanov/pictures/main/meta/city-2000/kourion--cyprus--reddit-square.jpg,"['europe','cy','history-heritage','art-culture','religious']"
6395181005,https://raw.githubusercontent.com/kubaivanov/pictures/main/meta/city-2000/paphos--cyprus--reddit-square.jpg,"['europe','cy','coastal','history-heritage']"
6395181006,https://raw.githubusercontent.com/kubaivanov/pictures/main/meta/city-2000/omodos--cyprus--reddit-square.jpg,"['europe','cy','art-culture','food-wine','mountains','religious']"
6395181007,https://raw.githubusercontent.com/kubaivanov/pictures/main/meta/city-2000/limassol--cyprus--reddit-square.jpg,"['europe','cy','coastal','history-heritage','art-culture','well-known']"
6395181008,https://raw.githubusercontent.com/kubaivanov/pictures/main/meta/city-2000/kakopetria--cyprus--reddit-square.jpg,"['europe','cy','lakes-rivers','history-heritage','mountains','religious']"
6395181009,https://raw.githubusercontent.com/kubaivanov/pictures/main/meta/city-2000/nicosia--cyprus--reddit-square.jpg,"['europe','cy','coastal','well-known']"
6395181010,https://raw.githubusercontent.com/kubaivanov/pictures/main/meta/city-2000/agros--cyprus--reddit-square.jpg,"['europe','cy','history-heritage','art-culture','mountains','religious']"
6395181011,https://raw.githubusercontent.com/kubaivanov/pictures/main/meta/city-2000/vouni--cyprus--reddit-square.jpg,"['europe','cy','art-culture','food-wine','mountains']"
6395181012,https://raw.githubusercontent.com/kubaivanov/pictures/main/meta/city-2000/phicardou--cyprus--reddit-square.jpg,"['europe','cy','coastal','history-heritage','art-culture','mountains']"
6395181013,https://raw.githubusercontent.com/kubaivanov/pictures/main/meta/city-2000/pano-lefkara--cyprus--reddit-square.jpg,"['europe','cy','art-culture','mountains','religious']"
6395181014,https://raw.githubusercontent.com/kubaivanov/pictures/main/meta/city-2000/prague--czech-republic--reddit-square.jpg,"['europe','cz','history-heritage','art-culture']"
6395181015,https://raw.githubusercontent.com/kubaivanov/pictures/main/meta/city-2000/ostrava--czech-republic--reddit-square.jpg,"['europe','cz','history-heritage','art-culture']"
6395181016,https://raw.githubusercontent.com/kubaivanov/pictures/main/meta/city-2000/konopiste--czech-republic--reddit-square.jpg,"['europe','cz','lakes-rivers','history-heritage','nature']"
6395181017,https://raw.githubusercontent.com/kubaivanov/pictures/main/meta/city-2000/mikulov--czech-republic--reddit-square.jpg,"['europe','cz','lakes-rivers','history-heritage','mountains']"
6395181019,https://raw.githubusercontent.com/kubaivanov/pictures/main/meta/city-2000/bohemian-switzerland--czech-republic--reddit-square.jpg,"['europe','cz','history-heritage','mountains','nature']"
6395181022,https://raw.githubusercontent.com/kubaivanov/pictures/main/meta/city-2000/tabor--czech-republic--reddit-square.jpg,"['europe','cz','history-heritage','art-culture','religious']"
6395181023,https://raw.githubusercontent.com/kubaivanov/pictures/main/meta/city-2000/marianske-lazne--czech-republic--reddit-square.jpg,"['europe','cz','art-culture','wellness']"
6395181024,https://raw.githubusercontent.com/kubaivanov/pictures/main/meta/city-2000/hluboka-nad-vltavou--czech-republic--reddit-square.jpg,"['europe','cz','history-heritage','nature']"
6395181025,https://raw.githubusercontent.com/kubaivanov/pictures/main/meta/city-2000/karlovy-vary--czech-republic--reddit-square.jpg,"['europe','cz','history-heritage','art-culture','wellness']"
6395181026,https://raw.githubusercontent.com/kubaivanov/pictures/main/meta/city-2000/telc--czech-republic--reddit-square.jpg,"['europe','cz','history-heritage','art-culture','religious']"
6395181027,https://raw.githubusercontent.com/kubaivanov/pictures/main/meta/city-2000/brno--czech-republic--reddit-square.jpg,"['europe','cz','art-culture']"
6395181029,https://raw.githubusercontent.com/kubaivanov/pictures/main/meta/city-2000/ceske-budejovice--czech-republic--reddit-square.jpg,"['europe','cz','history-heritage']"
6395181030,https://raw.githubusercontent.com/kubaivanov/pictures/main/meta/city-2000/slavonice--czech-republic--reddit-square.jpg,"['europe','cz','history-heritage','art-culture']"
6395181032,https://raw.githubusercontent.com/kubaivanov/pictures/main/meta/city-2000/znojmo--czech-republic--reddit-square.jpg,"['europe','cz','lakes-rivers','history-heritage','religious']"
6395181033,https://raw.githubusercontent.com/kubaivanov/pictures/main/meta/city-2000/cesky-krumlov--czech-republic--reddit-square.jpg,"['europe','cz','lakes-rivers','history-heritage','art-culture']"
6395181034,https://raw.githubusercontent.com/kubaivanov/pictures/main/meta/city-2000/trebon-lake-area--czech-republic--reddit-square.jpg,"['europe','cz','lakes-rivers','religious']"
6395181035,https://raw.githubusercontent.com/kubaivanov/pictures/main/meta/city-2000/kutna-hora--czech-republic--reddit-square.jpg,"['europe','cz','history-heritage','art-culture','nature','religious']"
6395181036,https://raw.githubusercontent.com/kubaivanov/pictures/main/meta/city-2000/trebic--czech-republic--reddit-square.jpg,"['europe','cz','history-heritage','religious']"
6395181038,https://raw.githubusercontent.com/kubaivanov/pictures/main/meta/city-2000/rothenburg-ob-der-tauber--germany--reddit-square.jpg,"['europe','de','history-heritage']"
6395181040,https://raw.githubusercontent.com/kubaivanov/pictures/main/meta/city-2000/wismar--germany--reddit-square.jpg,"['europe','de','coastal','history-heritage','art-culture']"
6395181043,https://raw.githubusercontent.com/kubaivanov/pictures/main/meta/city-2000/weimar--germany--reddit-square.jpg,"['europe','de','history-heritage','art-culture']"
6395181044,https://raw.githubusercontent.com/kubaivanov/pictures/main/meta/city-2000/rosenheim--germany--reddit-square.jpg,"['europe','de','art-culture','mountains']"
6395181045,https://raw.githubusercontent.com/kubaivanov/pictures/main/meta/city-2000/bayreuth--germany--reddit-square.jpg,"['europe','de','history-heritage','art-culture']"
6395181046,https://raw.githubusercontent.com/kubaivanov/pictures/main/meta/city-2000/sankt-goar--germany--reddit-square.jpg,"['europe','de','lakes-rivers','history-heritage','nature']"
6395181048,https://raw.githubusercontent.com/kubaivanov/pictures/main/meta/city-2000/bremen--germany--reddit-square.jpg,"['europe','de','history-heritage','art-culture','religious']"
6395181050,https://raw.githubusercontent.com/kubaivanov/pictures/main/meta/city-2000/hamburg--germany--reddit-square.jpg,"['europe','de','coastal','lakes-rivers','history-heritage','art-culture','food-wine','well-known']"
6395181051,https://raw.githubusercontent.com/kubaivanov/pictures/main/meta/city-2000/augsburg--germany--reddit-square.jpg,"['europe','de','history-heritage','art-culture','religious']"
6395181052,https://raw.githubusercontent.com/kubaivanov/pictures/main/meta/city-2000/rheinsberg--germany--reddit-square.jpg,"['europe','de','lakes-rivers','history-heritage','art-culture']"
6395181053,https://raw.githubusercontent.com/kubaivanov/pictures/main/meta/city-2000/baden-baden--germany--reddit-square.jpg,"['europe','de','art-culture','nature','wellness']"
6395181054,https://raw.githubusercontent.com/kubaivanov/pictures/main/meta/city-2000/flensburg--germany--reddit-square.jpg,"['europe','de','coastal','history-heritage','art-culture']"
6395181055,https://raw.githubusercontent.com/kubaivanov/pictures/main/meta/city-2000/memmingen--germany--reddit-square.jpg,"['europe','de','history-heritage']"
6395181058,https://raw.githubusercontent.com/kubaivanov/pictures/main/meta/city-2000/trier--germany--reddit-square.jpg,"['europe','de','history-heritage','art-culture','religious']"
6395181061,https://raw.githubusercontent.com/kubaivanov/pictures/main/meta/city-2000/schonau-am-konigssee--germany--reddit-square.jpg,"['europe','de','lakes-rivers','mountains','nature']"
6395181062,https://raw.githubusercontent.com/kubaivanov/pictures/main/meta/city-2000/amberg--germany--reddit-square.jpg,"['europe','de','history-heritage','religious']"
6395181063,https://raw.githubusercontent.com/kubaivanov/pictures/main/meta/city-2000/straubing--germany--reddit-square.jpg,"['europe','de','history-heritage','art-culture']"
6395181066,https://raw.githubusercontent.com/kubaivanov/pictures/main/meta/city-2000/heidelberg--germany--reddit-square.jpg,"['europe','de','lakes-rivers','history-heritage','art-culture','well-known']"
6395181067,https://raw.githubusercontent.com/kubaivanov/pictures/main/meta/city-2000/halle--germany--reddit-square.jpg,"['europe','de','history-heritage','art-culture']"
6395181068,https://raw.githubusercontent.com/kubaivanov/pictures/main/meta/city-2000/burghausen--germany--reddit-square.jpg,"['europe','de','lakes-rivers','history-heritage']"
6395181069,https://raw.githubusercontent.com/kubaivanov/pictures/main/meta/city-2000/zugspitze--germany--reddit-square.jpg,"['europe','de','lakes-rivers','mountains','nature','well-known']"
6395181070,https://raw.githubusercontent.com/kubaivanov/pictures/main/meta/city-2000/nuremberg--germany--reddit-square.jpg,"['europe','de','history-heritage','art-culture','well-known']"
6395181071,https://raw.githubusercontent.com/kubaivanov/pictures/main/meta/city-2000/erfurt--germany--reddit-square.jpg,"['europe','de','history-heritage','art-culture','religious']"
6395181072,https://raw.githubusercontent.com/kubaivanov/pictures/main/meta/city-2000/munich--germany--reddit-square.jpg,"['europe','de','history-heritage','art-culture','food-wine','well-known']"
6395181073,https://raw.githubusercontent.com/kubaivanov/pictures/main/meta/city-2000/speyer--germany--reddit-square.jpg,"['europe','de','history-heritage','art-culture','religious']"
6395181074,https://raw.githubusercontent.com/kubaivanov/pictures/main/meta/city-2000/wernigerode--germany--reddit-square.jpg,"['europe','de','history-heritage','mountains']"
6395181075,https://raw.githubusercontent.com/kubaivanov/pictures/main/meta/city-2000/gorlitz--germany--reddit-square.jpg,"['europe','de','history-heritage','art-culture']"
6395181076,https://raw.githubusercontent.com/kubaivanov/pictures/main/meta/city-2000/koblenz--germany--reddit-square.jpg,"['europe','de','lakes-rivers','history-heritage','art-culture','religious']"
6395181077,https://raw.githubusercontent.com/kubaivanov/pictures/main/meta/city-2000/wurzburg--germany--reddit-square.jpg,"['europe','de','lakes-rivers','history-heritage','art-culture','food-wine','religious']"
6395181080,https://raw.githubusercontent.com/kubaivanov/pictures/main/meta/city-2000/nordlingen--germany--reddit-square.jpg,"['europe','de','history-heritage']"
6395181081,https://raw.githubusercontent.com/kubaivanov/pictures/main/meta/city-2000/berlin--germany--reddit-square.jpg,"['europe','de','lakes-rivers','history-heritage','art-culture','food-wine','well-known']"
6395181083,https://raw.githubusercontent.com/kubaivanov/pictures/main/meta/city-2000/passau--germany--reddit-square.jpg,"['europe','de','lakes-rivers','history-heritage','art-culture','religious']"
6395181084,https://raw.githubusercontent.com/kubaivanov/pictures/main/meta/city-2000/tubingen--germany--reddit-square.jpg,"['europe','de','lakes-rivers','history-heritage','art-culture']"
6395181085,https://raw.githubusercontent.com/kubaivanov/pictures/main/meta/city-2000/regensburg--germany--reddit-square.jpg,"['europe','de','lakes-rivers','history-heritage','art-culture','religious']"
6395181086,https://raw.githubusercontent.com/kubaivanov/pictures/main/meta/city-2000/meissen--germany--reddit-square.jpg,"['europe','de','lakes-rivers','history-heritage','art-culture']"
6395181087,https://raw.githubusercontent.com/kubaivanov/pictures/main/meta/city-2000/bautzen--germany--reddit-square.jpg,"['europe','de','history-heritage','art-culture']"
6395181088,https://raw.githubusercontent.com/kubaivanov/pictures/main/meta/city-2000/altensteig--germany--reddit-square.jpg,"['europe','de','history-heritage','nature']"
6395181089,https://raw.githubusercontent.com/kubaivanov/pictures/main/meta/city-2000/dinkelsbuhl--germany--reddit-square.jpg,"['europe','de','history-heritage']"
6395181091,https://raw.githubusercontent.com/kubaivanov/pictures/main/meta/city-2000/altotting--germany--reddit-square.jpg,"['europe','de','history-heritage','religious']"
6395181092,https://raw.githubusercontent.com/kubaivanov/pictures/main/meta/city-2000/mainz--germany--reddit-square.jpg,"['europe','de','history-heritage','art-culture','food-wine','religious']"
6395181093,https://raw.githubusercontent.com/kubaivanov/pictures/main/meta/city-2000/potsdam--germany--reddit-square.jpg,"['europe','de','history-heritage','art-culture']"
6395181094,https://raw.githubusercontent.com/kubaivanov/pictures/main/meta/city-2000/fussen--germany--reddit-square.jpg,"['europe','de','lakes-rivers','history-heritage','mountains']"
6395181097,https://raw.githubusercontent.com/kubaivanov/pictures/main/meta/city-2000/freiburg-im-breisgau--germany--reddit-square.jpg,"['europe','de','history-heritage','art-culture','food-wine']"
6395181098,https://raw.githubusercontent.com/kubaivanov/pictures/main/meta/city-2000/luneburg--germany--reddit-square.jpg,"['europe','de','history-heritage','art-culture','food-wine','wellness']"
6395181100,https://raw.githubusercontent.com/kubaivanov/pictures/main/meta/city-2000/magdeburg--germany--reddit-square.jpg,"['europe','de','history-heritage','art-culture','religious']"
6395181101,https://raw.githubusercontent.com/kubaivanov/pictures/main/meta/city-2000/bastei--germany--reddit-square.jpg,"['europe','de','lakes-rivers','mountains','nature','adventure']"
6395181102,https://raw.githubusercontent.com/kubaivanov/pictures/main/meta/city-2000/berchtesgaden--germany--reddit-square.jpg,"['europe','de','lakes-rivers','history-heritage','mountains','nature','well-known']"
6395181103,https://raw.githubusercontent.com/kubaivanov/pictures/main/meta/city-2000/aachen--germany--reddit-square.jpg,"['europe','de','history-heritage','art-culture','wellness','religious','well-known']"
6395181105,https://raw.githubusercontent.com/kubaivanov/pictures/main/meta/city-2000/quedlinburg--germany--reddit-square.jpg,"['europe','de','history-heritage','religious']"
6395181107,https://raw.githubusercontent.com/kubaivanov/pictures/main/meta/city-2000/dresden--germany--reddit-square.jpg,"['europe','de','history-heritage','art-culture','well-known']"
6395181108,https://raw.githubusercontent.com/kubaivanov/pictures/main/meta/city-2000/bacharach--germany--reddit-square.jpg,"['europe','de','lakes-rivers','history-heritage','art-culture']"
6395181109,https://raw.githubusercontent.com/kubaivanov/pictures/main/meta/city-2000/kiel--germany--reddit-square.jpg,"['europe','de','coastal','lakes-rivers']"
6395181110,https://raw.githubusercontent.com/kubaivanov/pictures/main/meta/city-2000/ansbach--germany--reddit-square.jpg,"['europe','de','history-heritage','art-culture']"
6395181115,https://raw.githubusercontent.com/kubaivanov/pictures/main/meta/city-2000/herrenchiemsee--germany--reddit-square.jpg,"['europe','de','islands','lakes-rivers','history-heritage','art-culture']"
6395181116,https://raw.githubusercontent.com/kubaivanov/pictures/main/meta/city-2000/stuttgart--germany--reddit-square.jpg,"['europe','de','art-culture','food-wine']"
6395181117,https://raw.githubusercontent.com/kubaivanov/pictures/main/meta/city-2000/vejle--denmark--reddit-square.jpg,"['europe','dk','art-culture','adventure']"
6395181118,https://raw.githubusercontent.com/kubaivanov/pictures/main/meta/city-2000/copenhagen--denmark--reddit-square.jpg,"['europe','dk','history-heritage','art-culture']"
6395181119,https://raw.githubusercontent.com/kubaivanov/pictures/main/meta/city-2000/viborg--denmark--reddit-square.jpg,"['europe','dk','history-heritage','art-culture','religious']"
6395181120,https://raw.githubusercontent.com/kubaivanov/pictures/main/meta/city-2000/roskilde--denmark--reddit-square.jpg,"['europe','dk','history-heritage','art-culture','religious']"
6395181121,https://raw.githubusercontent.com/kubaivanov/pictures/main/meta/city-2000/odense--denmark--reddit-square.jpg,"['europe','dk','art-culture','nature']"
6395181122,https://raw.githubusercontent.com/kubaivanov/pictures/main/meta/city-2000/ribe--denmark--reddit-square.jpg,"['europe','dk','lakes-rivers','history-heritage','art-culture','religious']"
6395181123,https://raw.githubusercontent.com/kubaivanov/pictures/main/meta/city-2000/santiago-de-los-caballeros--dominican-republic--reddit-square.jpg,"['north-america','do','history-heritage','art-culture','mountains','nature','religious']"
6395181124,https://raw.githubusercontent.com/kubaivanov/pictures/main/meta/city-2000/higuey--dominican-republic--reddit-square.jpg,"['north-america','do','religious']"
6395181125,https://raw.githubusercontent.com/kubaivanov/pictures/main/meta/city-2000/jarabacoa--dominican-republic--reddit-square.jpg,"['north-america','do','lakes-rivers','mountains','adventure']"
6395181126,https://raw.githubusercontent.com/kubaivanov/pictures/main/meta/city-2000/constanza--dominican-republic--reddit-square.jpg,"['north-america','do','lakes-rivers','nature']"
6395181127,https://raw.githubusercontent.com/kubaivanov/pictures/main/meta/city-2000/la-vega--dominican-republic--reddit-square.jpg,"['north-america','do','lakes-rivers','history-heritage','nature','religious']"
6395181128,https://raw.githubusercontent.com/kubaivanov/pictures/main/meta/city-2000/puerto-plata--dominican-republic--reddit-square.jpg,"['north-america','do','coastal','history-heritage','mountains']"
6395181129,https://raw.githubusercontent.com/kubaivanov/pictures/main/meta/city-2000/damajagua--dominican-republic--reddit-square.jpg,"['north-america','do','lakes-rivers','mountains']"
6395181130,https://raw.githubusercontent.com/kubaivanov/pictures/main/meta/city-2000/biskra--algeria--reddit-square.jpg,"['africa','dz','wellness']"
6395181131,https://raw.githubusercontent.com/kubaivanov/pictures/main/meta/city-2000/annaba--algeria--reddit-square.jpg,"['africa','dz','coastal','history-heritage','art-culture','mountains','religious']"
6395181132,https://raw.githubusercontent.com/kubaivanov/pictures/main/meta/city-2000/tipaza--algeria--reddit-square.jpg,"['africa','dz','history-heritage','wellness','religious']"
6395181133,https://raw.githubusercontent.com/kubaivanov/pictures/main/meta/city-2000/constantine--algeria--reddit-square.jpg,"['africa','dz','lakes-rivers','history-heritage','nature','religious']"
6395181134,https://raw.githubusercontent.com/kubaivanov/pictures/main/meta/city-2000/setif--algeria--reddit-square.jpg,"['africa','dz','history-heritage','art-culture','religious']"
6395181135,https://raw.githubusercontent.com/kubaivanov/pictures/main/meta/city-2000/skikda--algeria--reddit-square.jpg,"['africa','dz','coastal','art-culture','adventure']"
6395181136,https://raw.githubusercontent.com/kubaivanov/pictures/main/meta/city-2000/bejaia--algeria--reddit-square.jpg,"['africa','dz','history-heritage','art-culture','mountains']"
6395181137,https://raw.githubusercontent.com/kubaivanov/pictures/main/meta/city-2000/timgad--algeria--reddit-square.jpg,"['africa','dz','history-heritage','art-culture','religious']"
6395181140,https://raw.githubusercontent.com/kubaivanov/pictures/main/meta/city-2000/puyo--ecuador--reddit-square.jpg,"['south-america','ec','lakes-rivers','religious']"
6395181141,https://raw.githubusercontent.com/kubaivanov/pictures/main/meta/city-2000/babahoyo--ecuador--reddit-square.jpg,"['south-america','ec','coastal','lakes-rivers','art-culture','mountains','religious']"
6395181142,https://raw.githubusercontent.com/kubaivanov/pictures/main/meta/city-2000/cuicocha--ecuador--reddit-square.jpg,"['south-america','ec','coastal','lakes-rivers','mountains']"
6395181143,https://raw.githubusercontent.com/kubaivanov/pictures/main/meta/city-2000/gualaceo--ecuador--reddit-square.jpg,"['south-america','ec']"
6395181144,https://raw.githubusercontent.com/kubaivanov/pictures/main/meta/city-2000/loja--ecuador--reddit-square.jpg,"['south-america','ec','history-heritage','religious']"
6395181145,https://raw.githubusercontent.com/kubaivanov/pictures/main/meta/city-2000/macas--ecuador--reddit-square.jpg,"['south-america','ec','art-culture','religious']"
6395181146,https://raw.githubusercontent.com/kubaivanov/pictures/main/meta/city-2000/latacunga--ecuador--reddit-square.jpg,"['south-america','ec','history-heritage','art-culture','religious']"
6395181147,https://raw.githubusercontent.com/kubaivanov/pictures/main/meta/city-2000/papallacta--ecuador--reddit-square.jpg,"['south-america','ec','lakes-rivers','mountains','nature','wellness']"
6395181148,https://raw.githubusercontent.com/kubaivanov/pictures/main/meta/city-2000/ingapirca--ecuador--reddit-square.jpg,"['south-america','ec','history-heritage','art-culture','mountains','religious']"
6395181150,https://raw.githubusercontent.com/kubaivanov/pictures/main/meta/city-2000/guayaquil--ecuador--reddit-square.jpg,"['south-america','ec','history-heritage','art-culture','food-wine','mountains','nature']"
6395181151,https://raw.githubusercontent.com/kubaivanov/pictures/main/meta/city-2000/vilcabamba--ecuador--reddit-square.jpg,"['south-america','ec','mountains']"
6395181152,https://raw.githubusercontent.com/kubaivanov/pictures/main/meta/city-2000/laguna-quilotoa--ecuador--reddit-square.jpg,"['south-america','ec','lakes-rivers','mountains','nature']"
6395181153,https://raw.githubusercontent.com/kubaivanov/pictures/main/meta/city-2000/ibarra--ecuador--reddit-square.jpg,"['south-america','ec','lakes-rivers','art-culture']"
6395181154,https://raw.githubusercontent.com/kubaivanov/pictures/main/meta/city-2000/riobamba--ecuador--reddit-square.jpg,"['south-america','ec','history-heritage','nature','religious']"
6395181155,https://raw.githubusercontent.com/kubaivanov/pictures/main/meta/city-2000/quevedo--ecuador--reddit-square.jpg,"['south-america','ec','lakes-rivers','history-heritage','art-culture','food-wine','nature']"
6395181156,https://raw.githubusercontent.com/kubaivanov/pictures/main/meta/city-2000/portoviejo--ecuador--reddit-square.jpg,"['south-america','ec','coastal','lakes-rivers','art-culture']"
6395181157,https://raw.githubusercontent.com/kubaivanov/pictures/main/meta/city-2000/ambato--ecuador--reddit-square.jpg,"['south-america','ec','art-culture','mountains','nature','religious']"
6395181162,https://raw.githubusercontent.com/kubaivanov/pictures/main/meta/city-2000/zaruma--ecuador--reddit-square.jpg,"['south-america','ec','history-heritage','art-culture','mountains']"
6395181165,https://raw.githubusercontent.com/kubaivanov/pictures/main/meta/city-2000/quito--ecuador--reddit-square.jpg,"['south-america','ec','history-heritage','art-culture','religious']"
6395181166,https://raw.githubusercontent.com/kubaivanov/pictures/main/meta/city-2000/otavalo--ecuador--reddit-square.jpg,"['south-america','ec','lakes-rivers']"
6395181167,https://raw.githubusercontent.com/kubaivanov/pictures/main/meta/city-2000/jipijapa--ecuador--reddit-square.jpg,"['south-america','ec','history-heritage']"
6395181170,https://raw.githubusercontent.com/kubaivanov/pictures/main/meta/city-2000/parnu--estonia--reddit-square.jpg,"['europe','ee','coastal','art-culture','wellness']"
6395181171,https://raw.githubusercontent.com/kubaivanov/pictures/main/meta/city-2000/tartu--estonia--reddit-square.jpg,"['europe','ee','art-culture']"
6395181172,https://raw.githubusercontent.com/kubaivanov/pictures/main/meta/city-2000/viljandi--estonia--reddit-square.jpg,"['europe','ee','history-heritage','mountains']"
6395181174,https://raw.githubusercontent.com/kubaivanov/pictures/main/meta/city-2000/tallinn--estonia--reddit-square.jpg,"['europe','ee','history-heritage','art-culture','religious','well-known']"
6395181176,https://raw.githubusercontent.com/kubaivanov/pictures/main/meta/city-2000/haapsalu--estonia--reddit-square.jpg,"['europe','ee','coastal','history-heritage','wellness']"
6395181177,https://raw.githubusercontent.com/kubaivanov/pictures/main/meta/city-2000/edfu--egypt--reddit-square.jpg,"['africa','eg','lakes-rivers','religious']"
6395181178,https://raw.githubusercontent.com/kubaivanov/pictures/main/meta/city-2000/luxor--egypt--reddit-square.jpg,"['africa','eg','lakes-rivers','history-heritage','art-culture','religious','well-known']"
6395181179,https://raw.githubusercontent.com/kubaivanov/pictures/main/meta/city-2000/aswan--egypt--reddit-square.jpg,"['africa','eg','coastal','lakes-rivers','history-heritage','art-culture','religious']"
6395181180,https://raw.githubusercontent.com/kubaivanov/pictures/main/meta/city-2000/taba--egypt--reddit-square.jpg,"['africa','eg','coastal','history-heritage','wellness','adventure']"
6395181181,https://raw.githubusercontent.com/kubaivanov/pictures/main/meta/city-2000/karnak--egypt--reddit-square.jpg,"['africa','eg','history-heritage','religious']"
6395181182,https://raw.githubusercontent.com/kubaivanov/pictures/main/meta/city-2000/abydos--egypt--reddit-square.jpg,"['africa','eg','history-heritage','religious']"
6395181184,https://raw.githubusercontent.com/kubaivanov/pictures/main/meta/city-2000/fayoum--egypt--reddit-square.jpg,"['africa','eg','lakes-rivers','history-heritage','mountains','religious']"
6395181185,https://raw.githubusercontent.com/kubaivanov/pictures/main/meta/city-2000/white-desert--egypt--reddit-square.jpg,"['africa','eg']"
6395181186,https://raw.githubusercontent.com/kubaivanov/pictures/main/meta/city-2000/valley-of-the-kings--egypt--reddit-square.jpg,"['africa','eg','history-heritage','art-culture','mountains']"
6395181187,https://raw.githubusercontent.com/kubaivanov/pictures/main/meta/city-2000/albacete--spain--reddit-square.jpg,"['europe','es']"
6395181188,https://raw.githubusercontent.com/kubaivanov/pictures/main/meta/city-2000/xabia--spain--reddit-square.jpg,"['europe','es','beaches','coastal','nature']"
6395181190,https://raw.githubusercontent.com/kubaivanov/pictures/main/meta/city-2000/logrono--spain--reddit-square.jpg,"['europe','es','history-heritage','art-culture','food-wine','religious']"
6395181191,https://raw.githubusercontent.com/kubaivanov/pictures/main/meta/city-2000/getaria--spain--reddit-square.jpg,"['europe','es','beaches','coastal','history-heritage','food-wine']"
6395181192,https://raw.githubusercontent.com/kubaivanov/pictures/main/meta/city-2000/pontevedra--spain--reddit-square.jpg,"['europe','es','coastal','history-heritage','art-culture','food-wine','religious']"
6395181195,https://raw.githubusercontent.com/kubaivanov/pictures/main/meta/city-2000/lorca--spain--reddit-square.jpg,"['europe','es','history-heritage','art-culture','religious']"
6395181529,https://raw.githubusercontent.com/kubaivanov/pictures/main/meta/city-2000/sant-joan-de-labritja--spain--reddit-square.jpg,"['europe','es','beaches','coastal','islands','nature']"
6395181531,https://raw.githubusercontent.com/kubaivanov/pictures/main/meta/city-2000/cordoba--spain--reddit-square.jpg,"['europe','es','history-heritage','art-culture','food-wine','religious','well-known']"
6395181533,https://raw.githubusercontent.com/kubaivanov/pictures/main/meta/city-2000/aranda-de-duero--spain--reddit-square.jpg,"['europe','es','history-heritage','food-wine']"
6395181534,https://raw.githubusercontent.com/kubaivanov/pictures/main/meta/city-2000/santiago-de-compostela--spain--reddit-square.jpg,"['europe','es','history-heritage','art-culture','food-wine','religious','well-known']"
6395181536,https://raw.githubusercontent.com/kubaivanov/pictures/main/meta/city-2000/durango--spain--reddit-square.jpg,"['europe','es','history-heritage','art-culture','mountains']"
6395181537,https://raw.githubusercontent.com/kubaivanov/pictures/main/meta/city-2000/lloret-de-mar--spain--reddit-square.jpg,"['europe','es','beaches','coastal','history-heritage','adventure']"
6395181538,https://raw.githubusercontent.com/kubaivanov/pictures/main/meta/city-2000/santo-domingo-de-la-calzada--spain--reddit-square.jpg,"['europe','es','history-heritage','religious']"
6395181539,https://raw.githubusercontent.com/kubaivanov/pictures/main/meta/city-2000/almeria--spain--reddit-square.jpg,"['europe','es','beaches','coastal','history-heritage']"
6395181541,https://raw.githubusercontent.com/kubaivanov/pictures/main/meta/city-2000/ubeda--spain--reddit-square.jpg,"['europe','es','history-heritage','art-culture','food-wine','religious']"
6395181542,https://raw.githubusercontent.com/kubaivanov/pictures/main/meta/city-2000/cuenca--spain--reddit-square.jpg,"['europe','es','lakes-rivers','history-heritage','art-culture','nature','religious']"
6395181546,https://raw.githubusercontent.com/kubaivanov/pictures/main/meta/city-2000/badajoz--spain--reddit-square.jpg,"['europe','es','history-heritage','art-culture','food-wine']"
6395181548,https://raw.githubusercontent.com/kubaivanov/pictures/main/meta/city-2000/sant-rafel-de-sa-creu--spain--reddit-square.jpg,"['europe','es','islands','art-culture','food-wine']"
6395181549,https://raw.githubusercontent.com/kubaivanov/pictures/main/meta/city-2000/soller--spain--reddit-square.jpg,"['europe','es','coastal','islands','history-heritage','art-culture','food-wine','mountains','nature']"
6395181550,https://raw.githubusercontent.com/kubaivanov/pictures/main/meta/city-2000/llucmajor--spain--reddit-square.jpg,"['europe','es','beaches','coastal','islands','history-heritage','food-wine']"
6395181551,https://raw.githubusercontent.com/kubaivanov/pictures/main/meta/city-2000/carmona--spain--reddit-square.jpg,"['europe','es','history-heritage','art-culture','food-wine','religious']"
6395181553,https://raw.githubusercontent.com/kubaivanov/pictures/main/meta/city-2000/altea--spain--reddit-square.jpg,"['europe','es','beaches','coastal','art-culture','food-wine']"
6395181554,https://raw.githubusercontent.com/kubaivanov/pictures/main/meta/city-2000/lleida--spain--reddit-square.jpg,"['europe','es','history-heritage','art-culture','religious']"
6395181555,https://raw.githubusercontent.com/kubaivanov/pictures/main/meta/city-2000/orient--spain--reddit-square.jpg,"['europe','es','islands','mountains','nature']"
6395181556,https://raw.githubusercontent.com/kubaivanov/pictures/main/meta/city-2000/plasencia--spain--reddit-square.jpg,"['europe','es','history-heritage','art-culture']"
6395181558,https://raw.githubusercontent.com/kubaivanov/pictures/main/meta/city-2000/santander--spain--reddit-square.jpg,"['europe','es','beaches','coastal','art-culture','food-wine']"
6395181559,https://raw.githubusercontent.com/kubaivanov/pictures/main/meta/city-2000/hondarribia--spain--reddit-square.jpg,"['europe','es','coastal','history-heritage','food-wine']"
6395181560,https://raw.githubusercontent.com/kubaivanov/pictures/main/meta/city-2000/puerto-de-la-cruz--spain--reddit-square.jpg,"['europe','es','beaches','coastal','islands','nature']"
6395181561,https://raw.githubusercontent.com/kubaivanov/pictures/main/meta/city-2000/oviedo--spain--reddit-square.jpg,"['europe','es','history-heritage','art-culture','food-wine','religious']"
6395181562,https://raw.githubusercontent.com/kubaivanov/pictures/main/meta/city-2000/consuegra--spain--reddit-square.jpg,"['europe','es','history-heritage']"
6395181563,https://raw.githubusercontent.com/kubaivanov/pictures/main/meta/city-2000/villajoyosa--spain--reddit-square.jpg,"['europe','es','beaches','coastal','art-culture','food-wine']"
6395181564,https://raw.githubusercontent.com/kubaivanov/pictures/main/meta/city-2000/cuevas-del-drach--spain--reddit-square.jpg,"['europe','es','islands','lakes-rivers','nature','adventure']"
6395181567,https://raw.githubusercontent.com/kubaivanov/pictures/main/meta/city-2000/nerja--spain--reddit-square.jpg,"['europe','es','beaches','coastal','nature','adventure']"
6395181568,https://raw.githubusercontent.com/kubaivanov/pictures/main/meta/city-2000/cala-figuera--spain--reddit-square.jpg,"['europe','es','beaches','coastal','islands','nature']"
6395181569,https://raw.githubusercontent.com/kubaivanov/pictures/main/meta/city-2000/masca--spain--reddit-square.jpg,"['europe','es','coastal','islands','mountains','nature','adventure']"
6395181572,https://raw.githubusercontent.com/kubaivanov/pictures/main/meta/city-2000/granada--spain--reddit-square.jpg,"['europe','es','history-heritage','art-culture','food-wine','religious','well-known']"
6395181576,https://raw.githubusercontent.com/kubaivanov/pictures/main/meta/city-2000/guadix--spain--reddit-square.jpg,"['europe','es','history-heritage','art-culture','religious']"
6395181578,https://raw.githubusercontent.com/kubaivanov/pictures/main/meta/city-2000/teguise--spain--reddit-square.jpg,"['europe','es','islands','history-heritage','art-culture']"
6395181581,https://raw.githubusercontent.com/kubaivanov/pictures/main/meta/city-2000/banyalbufar--spain--reddit-square.jpg,"['europe','es','coastal','islands','food-wine','mountains','nature']"
6395181582,https://raw.githubusercontent.com/kubaivanov/pictures/main/meta/city-2000/la-orotava--spain--reddit-square.jpg,"['europe','es','islands','history-heritage','art-culture','nature']"
6395181584,https://raw.githubusercontent.com/kubaivanov/pictures/main/meta/city-2000/seville--spain--reddit-square.jpg,"['europe','es','history-heritage','art-culture','food-wine','religious','well-known']"
6395181585,https://raw.githubusercontent.com/kubaivanov/pictures/main/meta/city-2000/grazalema--spain--reddit-square.jpg,"['europe','es','history-heritage','food-wine','mountains','nature','adventure']"
6395181586,https://raw.githubusercontent.com/kubaivanov/pictures/main/meta/city-2000/vejer-de-la-frontera--spain--reddit-square.jpg,"['europe','es','coastal','history-heritage','art-culture','food-wine']"
6395181587,https://raw.githubusercontent.com/kubaivanov/pictures/main/meta/city-2000/girona--spain--reddit-square.jpg,"['europe','es','history-heritage','art-culture','food-wine','religious']"
6395181590,https://raw.githubusercontent.com/kubaivanov/pictures/main/meta/city-2000/petra--spain--reddit-square.jpg,"['europe','es','islands','art-culture','food-wine']"
6395181591,https://raw.githubusercontent.com/kubaivanov/pictures/main/meta/city-2000/garachico--spain--reddit-square.jpg,"['europe','es','coastal','islands','history-heritage','nature']"
6395181593,https://raw.githubusercontent.com/kubaivanov/pictures/main/meta/city-2000/santa-agnes-de-corona--spain--reddit-square.jpg,"['europe','es','islands','food-wine','mountains','nature']"
6395181594,https://raw.githubusercontent.com/kubaivanov/pictures/main/meta/city-2000/leon--spain--reddit-square.jpg,"['europe','es','history-heritage','art-culture','food-wine','religious']"
6395181595,https://raw.githubusercontent.com/kubaivanov/pictures/main/meta/city-2000/ronda--spain--reddit-square.jpg,"['europe','es','lakes-rivers','history-heritage','art-culture','mountains','nature']"
6395181596,https://raw.githubusercontent.com/kubaivanov/pictures/main/meta/city-2000/segovia--spain--reddit-square.jpg,"['europe','es','history-heritage','art-culture','food-wine','religious']"
6395181597,https://raw.githubusercontent.com/kubaivanov/pictures/main/meta/city-2000/esporles--spain--reddit-square.jpg,"['europe','es','islands','history-heritage','mountains','nature']"
6395181599,https://raw.githubusercontent.com/kubaivanov/pictures/main/meta/city-2000/estepona--spain--reddit-square.jpg,"['europe','es','beaches','coastal','history-heritage','food-wine']"
6395181601,https://raw.githubusercontent.com/kubaivanov/pictures/main/meta/city-2000/marbella--spain--reddit-square.jpg,"['europe','es','beaches','coastal','food-wine','well-known']"
6395181602,https://raw.githubusercontent.com/kubaivanov/pictures/main/meta/city-2000/mijas--spain--reddit-square.jpg,"['europe','es','history-heritage','art-culture','religious']"
6395181604,https://raw.githubusercontent.com/kubaivanov/pictures/main/meta/city-2000/vigo--spain--reddit-square.jpg,"['europe','es','coastal','history-heritage','food-wine']"
6395181605,https://raw.githubusercontent.com/kubaivanov/pictures/main/meta/city-2000/avila--spain--reddit-square.jpg,"['europe','es','history-heritage','art-culture','religious']"
6395181606,https://raw.githubusercontent.com/kubaivanov/pictures/main/meta/city-2000/malaga--spain--reddit-square.jpg,"['europe','es','beaches','coastal','history-heritage','art-culture','food-wine','well-known']"
6395181607,https://raw.githubusercontent.com/kubaivanov/pictures/main/meta/city-2000/valldemossa--spain--reddit-square.jpg,"['europe','es','islands','history-heritage','art-culture','mountains','nature']"
6395181608,https://raw.githubusercontent.com/kubaivanov/pictures/main/meta/city-2000/es-castell--spain--reddit-square.jpg,"['europe','es','coastal','islands','history-heritage']"
6395181610,https://raw.githubusercontent.com/kubaivanov/pictures/main/meta/city-2000/deia--spain--reddit-square.jpg,"['europe','es','coastal','islands','art-culture','mountains','nature']"
6395181611,https://raw.githubusercontent.com/kubaivanov/pictures/main/meta/city-2000/pollensa--spain--reddit-square.jpg,"['europe','es','beaches','coastal','islands','history-heritage','art-culture','mountains','nature']"
6395181612,https://raw.githubusercontent.com/kubaivanov/pictures/main/meta/city-2000/zafra--spain--reddit-square.jpg,"['europe','es','history-heritage','art-culture','food-wine']"
6395181615,https://raw.githubusercontent.com/kubaivanov/pictures/main/meta/city-2000/sant-josep-de-sa-talaia--spain--reddit-square.jpg,"['europe','es','beaches','coastal','islands','nature','adventure']"
6395181616,https://raw.githubusercontent.com/kubaivanov/pictures/main/meta/city-2000/besalu--spain--reddit-square.jpg,"['europe','es','history-heritage','art-culture','religious']"
6395181617,https://raw.githubusercontent.com/kubaivanov/pictures/main/meta/city-2000/lugo--spain--reddit-square.jpg,"['europe','es','history-heritage','art-culture','religious']"
6395181618,https://raw.githubusercontent.com/kubaivanov/pictures/main/meta/city-2000/villafranca-del-bierzo--spain--reddit-square.jpg,"['europe','es','history-heritage','food-wine','mountains','religious']"
6395181620,https://raw.githubusercontent.com/kubaivanov/pictures/main/meta/city-2000/binibeca-vell--spain--reddit-square.jpg,"['europe','es','beaches','coastal','islands','art-culture','adventure']"
6395181621,https://raw.githubusercontent.com/kubaivanov/pictures/main/meta/city-2000/jaca--spain--reddit-square.jpg,"['europe','es','history-heritage','art-culture','mountains','religious','adventure']"
6395181622,https://raw.githubusercontent.com/kubaivanov/pictures/main/meta/city-2000/sant-agusti-des-vedra--spain--reddit-square.jpg,"['europe','es','coastal','islands','food-wine']"
6395181623,https://raw.githubusercontent.com/kubaivanov/pictures/main/meta/city-2000/albarracin--spain--reddit-square.jpg,"['europe','es','history-heritage','art-culture','mountains','nature','religious']"
6395181624,https://raw.githubusercontent.com/kubaivanov/pictures/main/meta/city-2000/ponferrada--spain--reddit-square.jpg,"['europe','es','history-heritage','art-culture','food-wine','religious']"
6395181626,https://raw.githubusercontent.com/kubaivanov/pictures/main/meta/city-2000/cala-d-or--spain--reddit-square.jpg,"['europe','es','beaches','coastal','islands','adventure']"
6395181627,https://raw.githubusercontent.com/kubaivanov/pictures/main/meta/city-2000/zamora--spain--reddit-square.jpg,"['europe','es','lakes-rivers','history-heritage','art-culture','food-wine','religious']"
6395181628,https://raw.githubusercontent.com/kubaivanov/pictures/main/meta/city-2000/burgos--spain--reddit-square.jpg,"['europe','es','history-heritage','art-culture','food-wine','religious']"
6395181629,https://raw.githubusercontent.com/kubaivanov/pictures/main/meta/city-2000/san-sebastian--spain--reddit-square.jpg,"['europe','es','beaches','coastal','history-heritage','art-culture','food-wine','well-known']"
6395181630,https://raw.githubusercontent.com/kubaivanov/pictures/main/meta/city-2000/cartagena--spain--reddit-square.jpg,"['europe','es','coastal','history-heritage','art-culture','food-wine']"
6395181631,https://raw.githubusercontent.com/kubaivanov/pictures/main/meta/city-2000/valencia--spain--reddit-square.jpg,"['europe','es','beaches','coastal','history-heritage','art-culture','food-wine','nature','religious','well-known']"
6395181632,https://raw.githubusercontent.com/kubaivanov/pictures/main/meta/city-2000/cudillero--spain--reddit-square.jpg,"['europe','es','coastal','history-heritage','art-culture','food-wine']"
6395181633,https://raw.githubusercontent.com/kubaivanov/pictures/main/meta/city-2000/zahara-de-la-sierra--spain--reddit-square.jpg,"['europe','es','lakes-rivers','history-heritage','mountains','nature','adventure']"
6395181635,https://raw.githubusercontent.com/kubaivanov/pictures/main/meta/city-2000/madrid--spain--reddit-square.jpg,"['europe','es','history-heritage','art-culture','food-wine','well-known']"
6395181636,https://raw.githubusercontent.com/kubaivanov/pictures/main/meta/city-2000/barcelona--spain--reddit-square.jpg,"['europe','es','beaches','coastal','history-heritage','art-culture','food-wine','religious','well-known']"
6395181637,https://raw.githubusercontent.com/kubaivanov/pictures/main/meta/city-2000/ciutadella--spain--reddit-square.jpg,"['europe','es','beaches','coastal','islands','history-heritage','art-culture','food-wine']"
6395181639,https://raw.githubusercontent.com/kubaivanov/pictures/main/meta/city-2000/cadiz--spain--reddit-square.jpg,"['europe','es','beaches','coastal','history-heritage','art-culture','food-wine']"
6395181640,https://raw.githubusercontent.com/kubaivanov/pictures/main/meta/city-2000/olvera--spain--reddit-square.jpg,"['europe','es','history-heritage','mountains','religious']"
6395181641,https://raw.githubusercontent.com/kubaivanov/pictures/main/meta/city-2000/santanyi--spain--reddit-square.jpg,"['europe','es','beaches','coastal','islands','history-heritage','art-culture','food-wine']"
6395181642,https://raw.githubusercontent.com/kubaivanov/pictures/main/meta/city-2000/nuuksio-national-park--finland--reddit-square.jpg,"['europe','fi','lakes-rivers','mountains','nature']"
6395181643,https://raw.githubusercontent.com/kubaivanov/pictures/main/meta/city-2000/tampere--finland--reddit-square.jpg,"['europe','fi','lakes-rivers','history-heritage','art-culture','well-known']"
6395181644,https://raw.githubusercontent.com/kubaivanov/pictures/main/meta/city-2000/loviisa--finland--reddit-square.jpg,"['europe','fi','coastal','history-heritage','art-culture','mountains','wellness']"
6395181645,https://raw.githubusercontent.com/kubaivanov/pictures/main/meta/city-2000/savonlinna--finland--reddit-square.jpg,"['europe','fi','lakes-rivers','history-heritage']"
6395181646,https://raw.githubusercontent.com/kubaivanov/pictures/main/meta/city-2000/uusikaupunki--finland--reddit-square.jpg,"['europe','fi','coastal','history-heritage','art-culture','nature']"
6395181647,https://raw.githubusercontent.com/kubaivanov/pictures/main/meta/city-2000/lahti--finland--reddit-square.jpg,"['europe','fi','coastal','lakes-rivers','history-heritage','art-culture','nature']"
6395181648,https://raw.githubusercontent.com/kubaivanov/pictures/main/meta/city-2000/porvoo--finland--reddit-square.jpg,"['europe','fi','lakes-rivers','religious']"
6395181649,https://raw.githubusercontent.com/kubaivanov/pictures/main/meta/city-2000/hameenlinna--finland--reddit-square.jpg,"['europe','fi','lakes-rivers','history-heritage','art-culture','mountains']"
6395181650,https://raw.githubusercontent.com/kubaivanov/pictures/main/meta/city-2000/rennes--france--reddit-square.jpg,"['europe','fr','history-heritage','art-culture','religious']"
6395181651,https://raw.githubusercontent.com/kubaivanov/pictures/main/meta/city-2000/bordeaux--france--reddit-square.jpg,"['europe','fr','history-heritage','art-culture','food-wine','well-known']"
6395181652,https://raw.githubusercontent.com/kubaivanov/pictures/main/meta/city-2000/puy-du-fou--france--reddit-square.jpg,"['europe','fr','history-heritage','art-culture','adventure']"
6395181653,https://raw.githubusercontent.com/kubaivanov/pictures/main/meta/city-2000/lourdes--france--reddit-square.jpg,"['europe','fr','history-heritage','mountains','religious','well-known']"
6395181654,https://raw.githubusercontent.com/kubaivanov/pictures/main/meta/city-2000/le-havre--france--reddit-square.jpg,"['europe','fr','coastal','history-heritage','art-culture']"
6395181655,https://raw.githubusercontent.com/kubaivanov/pictures/main/meta/city-2000/saint-paul-de-vence--france--reddit-square.jpg,"['europe','fr','history-heritage','art-culture']"
6395181661,https://raw.githubusercontent.com/kubaivanov/pictures/main/meta/city-2000/dijon--france--reddit-square.jpg,"['europe','fr','history-heritage','art-culture','food-wine']"
6395181663,https://raw.githubusercontent.com/kubaivanov/pictures/main/meta/city-2000/kaysersberg--france--reddit-square.jpg,"['europe','fr','history-heritage','food-wine']"
6395181664,https://raw.githubusercontent.com/kubaivanov/pictures/main/meta/city-2000/riquewihr--france--reddit-square.jpg,"['europe','fr','history-heritage','food-wine']"
6395181665,https://raw.githubusercontent.com/kubaivanov/pictures/main/meta/city-2000/le-puy-en-velay--france--reddit-square.jpg,"['europe','fr','history-heritage','art-culture','religious']"
6395181666,https://raw.githubusercontent.com/kubaivanov/pictures/main/meta/city-2000/vienne--france--reddit-square.jpg,"['europe','fr','lakes-rivers','history-heritage','religious']"
6395181667,https://raw.githubusercontent.com/kubaivanov/pictures/main/meta/city-2000/saint-jean-de-luz--france--reddit-square.jpg,"['europe','fr','beaches','coastal','history-heritage','food-wine']"
6395181668,https://raw.githubusercontent.com/kubaivanov/pictures/main/meta/city-2000/vendome--france--reddit-square.jpg,"['europe','fr','lakes-rivers','history-heritage','art-culture','religious']"
6395181670,https://raw.githubusercontent.com/kubaivanov/pictures/main/meta/city-2000/auxerre--france--reddit-square.jpg,"['europe','fr','lakes-rivers','history-heritage','art-culture','religious']"
6395181671,https://raw.githubusercontent.com/kubaivanov/pictures/main/meta/city-2000/lascaux--france--reddit-square.jpg,"['europe','fr','history-heritage','art-culture','well-known']"
6395181673,https://raw.githubusercontent.com/kubaivanov/pictures/main/meta/city-2000/valence--france--reddit-square.jpg,"['europe','fr','history-heritage','art-culture','food-wine']"
6395181675,https://raw.githubusercontent.com/kubaivanov/pictures/main/meta/city-2000/nancy--france--reddit-square.jpg,"['europe','fr','history-heritage','art-culture']"
6395181676,https://raw.githubusercontent.com/kubaivanov/pictures/main/meta/city-2000/eguisheim--france--reddit-square.jpg,"['europe','fr','history-heritage','food-wine']"
6395181677,https://raw.githubusercontent.com/kubaivanov/pictures/main/meta/city-2000/st-emilion--france--reddit-square.jpg,"['europe','fr','history-heritage','art-culture','food-wine']"
6395181678,https://raw.githubusercontent.com/kubaivanov/pictures/main/meta/city-2000/niort--france--reddit-square.jpg,"['europe','fr','history-heritage','art-culture']"
6395181679,https://raw.githubusercontent.com/kubaivanov/pictures/main/meta/city-2000/ajaccio--france--reddit-square.jpg,"['europe','fr','beaches','coastal','islands','history-heritage','art-culture']"
6395181680,https://raw.githubusercontent.com/kubaivanov/pictures/main/meta/city-2000/beziers--france--reddit-square.jpg,"['europe','fr','history-heritage','food-wine','religious']"
6395181681,https://raw.githubusercontent.com/kubaivanov/pictures/main/meta/city-2000/toulon--france--reddit-square.jpg,"['europe','fr','coastal','history-heritage']"
6395181682,https://raw.githubusercontent.com/kubaivanov/pictures/main/meta/city-2000/mulhouse--france--reddit-square.jpg,"['europe','fr','history-heritage','art-culture']"
6395181683,https://raw.githubusercontent.com/kubaivanov/pictures/main/meta/city-2000/honfleur--france--reddit-square.jpg,"['europe','fr','coastal','history-heritage','art-culture']"
6395181684,https://raw.githubusercontent.com/kubaivanov/pictures/main/meta/city-2000/saintes--france--reddit-square.jpg,"['europe','fr','lakes-rivers','history-heritage','art-culture','religious']"
6395181685,https://raw.githubusercontent.com/kubaivanov/pictures/main/meta/city-2000/cognac--france--reddit-square.jpg,"['europe','fr','history-heritage','art-culture','food-wine']"
6395181686,https://raw.githubusercontent.com/kubaivanov/pictures/main/meta/city-2000/aix-en-provence--france--reddit-square.jpg,"['europe','fr','history-heritage','art-culture','food-wine']"
6395181687,https://raw.githubusercontent.com/kubaivanov/pictures/main/meta/city-2000/rocamadour--france--reddit-square.jpg,"['europe','fr','history-heritage','religious']"
6395181688,https://raw.githubusercontent.com/kubaivanov/pictures/main/meta/city-2000/bayeux--france--reddit-square.jpg,"['europe','fr','coastal','history-heritage','art-culture','religious']"
6395181689,https://raw.githubusercontent.com/kubaivanov/pictures/main/meta/city-2000/les-baux-de-provence--france--reddit-square.jpg,"['europe','fr','history-heritage','art-culture']"
6395181690,https://raw.githubusercontent.com/kubaivanov/pictures/main/meta/city-2000/nice--france--reddit-square.jpg,"['europe','fr','beaches','coastal','art-culture','mountains','well-known']"
6395181692,https://raw.githubusercontent.com/kubaivanov/pictures/main/meta/city-2000/porto-vecchio--france--reddit-square.jpg,"['europe','fr','beaches','coastal','islands','history-heritage','mountains']"
6395181693,https://raw.githubusercontent.com/kubaivanov/pictures/main/meta/city-2000/nonza--france--reddit-square.jpg,"['europe','fr','coastal','islands','history-heritage','mountains']"
6395181694,https://raw.githubusercontent.com/kubaivanov/pictures/main/meta/city-2000/limoges--france--reddit-square.jpg,"['europe','fr','lakes-rivers','history-heritage','art-culture','religious']"
6395181695,https://raw.githubusercontent.com/kubaivanov/pictures/main/meta/city-2000/beauvais--france--reddit-square.jpg,"['europe','fr','history-heritage','art-culture','religious']"
6395181698,https://raw.githubusercontent.com/kubaivanov/pictures/main/meta/city-2000/orange--france--reddit-square.jpg,"['europe','fr','history-heritage','art-culture']"
6395181699,https://raw.githubusercontent.com/kubaivanov/pictures/main/meta/city-2000/paris--france--reddit-square.jpg,"['europe','fr','lakes-rivers','history-heritage','art-culture','food-wine','well-known']"
6395181700,https://raw.githubusercontent.com/kubaivanov/pictures/main/meta/city-2000/sisteron--france--reddit-square.jpg,"['europe','fr','lakes-rivers','history-heritage','art-culture','mountains','religious']"
6395181701,https://raw.githubusercontent.com/kubaivanov/pictures/main/meta/city-2000/bonifacio--france--reddit-square.jpg,"['europe','fr','beaches','coastal','islands','history-heritage']"
6395181702,https://raw.githubusercontent.com/kubaivanov/pictures/main/meta/city-2000/saint-florent--france--reddit-square.jpg,"['europe','fr','beaches','coastal','islands','food-wine','mountains']"
6395181703,https://raw.githubusercontent.com/kubaivanov/pictures/main/meta/city-2000/poitiers--france--reddit-square.jpg,"['europe','fr','history-heritage','art-culture','religious']"
6395181704,https://raw.githubusercontent.com/kubaivanov/pictures/main/meta/city-2000/hyeres--france--reddit-square.jpg,"['europe','fr','beaches','coastal','islands','nature']"
6395181705,https://raw.githubusercontent.com/kubaivanov/pictures/main/meta/city-2000/tours--france--reddit-square.jpg,"['europe','fr','lakes-rivers','history-heritage','art-culture','food-wine','religious']"
6395181706,https://raw.githubusercontent.com/kubaivanov/pictures/main/meta/city-2000/rouen--france--reddit-square.jpg,"['europe','fr','history-heritage','art-culture','religious']"
6395181707,https://raw.githubusercontent.com/kubaivanov/pictures/main/meta/city-2000/boulogne-sur-mer--france--reddit-square.jpg,"['europe','fr','coastal','history-heritage','art-culture','religious']"
6395181709,https://raw.githubusercontent.com/kubaivanov/pictures/main/meta/city-2000/belfort--france--reddit-square.jpg,"['europe','fr','history-heritage','art-culture','mountains','religious']"
6395181712,https://raw.githubusercontent.com/kubaivanov/pictures/main/meta/city-2000/vannes--france--reddit-square.jpg,"['europe','fr','coastal','history-heritage','art-culture','religious']"
6395181713,https://raw.githubusercontent.com/kubaivanov/pictures/main/meta/city-2000/besancon--france--reddit-square.jpg,"['europe','fr','lakes-rivers','history-heritage','art-culture','nature','religious']"
6395181714,https://raw.githubusercontent.com/kubaivanov/pictures/main/meta/city-2000/loches--france--reddit-square.jpg,"['europe','fr','history-heritage','art-culture','religious']"
6395181716,https://raw.githubusercontent.com/kubaivanov/pictures/main/meta/city-2000/clermont-ferrand--france--reddit-square.jpg,"['europe','fr','history-heritage','religious']"
6395181717,https://raw.githubusercontent.com/kubaivanov/pictures/main/meta/city-2000/beaune--france--reddit-square.jpg,"['europe','fr','history-heritage','art-culture','food-wine','religious']"
6395181719,https://raw.githubusercontent.com/kubaivanov/pictures/main/meta/city-2000/dunkirk--france--reddit-square.jpg,"['europe','fr','beaches','coastal','history-heritage','art-culture']"
6395181720,https://raw.githubusercontent.com/kubaivanov/pictures/main/meta/city-2000/tende--france--reddit-square.jpg,"['europe','fr','history-heritage','mountains','nature','adventure']"
6395181721,https://raw.githubusercontent.com/kubaivanov/pictures/main/meta/city-2000/dinan--france--reddit-square.jpg,"['europe','fr','lakes-rivers','history-heritage','art-culture','religious']"
6395181722,https://raw.githubusercontent.com/kubaivanov/pictures/main/meta/city-2000/troyes--france--reddit-square.jpg,"['europe','fr','history-heritage','art-culture','religious']"
6395181723,https://raw.githubusercontent.com/kubaivanov/pictures/main/meta/city-2000/cahors--france--reddit-square.jpg,"['europe','fr','lakes-rivers','history-heritage','food-wine','religious']"
6395181725,https://raw.githubusercontent.com/kubaivanov/pictures/main/meta/city-2000/nimes--france--reddit-square.jpg,"['europe','fr','history-heritage','art-culture','religious']"
6395181726,https://raw.githubusercontent.com/kubaivanov/pictures/main/meta/city-2000/sant-antonino--france--reddit-square.jpg,"['europe','fr','islands','history-heritage','food-wine','mountains','religious']"
6395181727,https://raw.githubusercontent.com/kubaivanov/pictures/main/meta/city-2000/corte--france--reddit-square.jpg,"['europe','fr','islands','lakes-rivers','history-heritage','mountains','nature','adventure']"
6395181730,https://raw.githubusercontent.com/kubaivanov/pictures/main/meta/city-2000/sartene--france--reddit-square.jpg,"['europe','fr','coastal','islands','history-heritage']"
6395181732,https://raw.githubusercontent.com/kubaivanov/pictures/main/meta/city-2000/la-roque-gageac--france--reddit-square.jpg,"['europe','fr','lakes-rivers','history-heritage','nature']"
6395181734,https://raw.githubusercontent.com/kubaivanov/pictures/main/meta/city-2000/senlis--france--reddit-square.jpg,"['europe','fr','history-heritage','art-culture','religious']"
6395181735,https://raw.githubusercontent.com/kubaivanov/pictures/main/meta/city-2000/gordes--france--reddit-square.jpg,"['europe','fr','history-heritage','art-culture','food-wine']"
6395181736,https://raw.githubusercontent.com/kubaivanov/pictures/main/meta/city-2000/calvi--france--reddit-square.jpg,"['europe','fr','beaches','coastal','islands','history-heritage']"
6395181737,https://raw.githubusercontent.com/kubaivanov/pictures/main/meta/city-2000/mont-saint-michel--france--reddit-square.jpg,"['europe','fr','coastal','islands','history-heritage','religious','well-known']"
6395181738,https://raw.githubusercontent.com/kubaivanov/pictures/main/meta/city-2000/provins--france--reddit-square.jpg,"['europe','fr','history-heritage','art-culture']"
6395181739,https://raw.githubusercontent.com/kubaivanov/pictures/main/meta/city-2000/avignon--france--reddit-square.jpg,"['europe','fr','lakes-rivers','history-heritage','art-culture','food-wine','religious','well-known']"
6395181740,https://raw.githubusercontent.com/kubaivanov/pictures/main/meta/city-2000/moustiers-sainte-marie--france--reddit-square.jpg,"['europe','fr','lakes-rivers','history-heritage','art-culture','mountains','religious']"
6395181741,https://raw.githubusercontent.com/kubaivanov/pictures/main/meta/city-2000/chartres--france--reddit-square.jpg,"['europe','fr','history-heritage','art-culture','religious']"
6395181743,https://raw.githubusercontent.com/kubaivanov/pictures/main/meta/city-2000/calenzana--france--reddit-square.jpg,"['europe','fr','mountains','nature','religious']"
6395181744,https://raw.githubusercontent.com/kubaivanov/pictures/main/meta/city-2000/dole--france--reddit-square.jpg,"['europe','fr','lakes-rivers','history-heritage','art-culture','religious']"
6395181745,https://raw.githubusercontent.com/kubaivanov/pictures/main/meta/city-2000/verdon-gorge-pont-du-galetas--france--reddit-square.jpg,"['europe','fr','lakes-rivers','mountains','nature','adventure']"
6395181747,https://raw.githubusercontent.com/kubaivanov/pictures/main/meta/city-2000/annecy--france--reddit-square.jpg,"['europe','fr','lakes-rivers','history-heritage','art-culture','mountains','well-known']"
6395181748,https://raw.githubusercontent.com/kubaivanov/pictures/main/meta/city-2000/antibes--france--reddit-square.jpg,"['europe','fr','beaches','coastal','history-heritage','art-culture']"
6395181749,https://raw.githubusercontent.com/kubaivanov/pictures/main/meta/city-2000/erbalunga--france--reddit-square.jpg,"['europe','fr','coastal','islands','history-heritage']"
6395181751,https://raw.githubusercontent.com/kubaivanov/pictures/main/meta/city-2000/hardwick-park--united-kingdom--reddit-square.jpg,"['europe','gb','lakes-rivers','history-heritage','nature']"
6395181758,https://raw.githubusercontent.com/kubaivanov/pictures/main/meta/city-2000/arlington-row--united-kingdom--reddit-square.jpg,"['europe','gb','history-heritage']"
6395181759,https://raw.githubusercontent.com/kubaivanov/pictures/main/meta/city-2000/derwent-valley-mills--united-kingdom--reddit-square.jpg,"['europe','gb','history-heritage']"
6395181760,https://raw.githubusercontent.com/kubaivanov/pictures/main/meta/city-2000/ouse-valley-viaduct--united-kingdom--reddit-square.jpg,"['europe','gb','lakes-rivers','history-heritage']"
6395181768,https://raw.githubusercontent.com/kubaivanov/pictures/main/meta/city-2000/the-forth-bridge--united-kingdom--reddit-square.jpg,"['europe','gb','history-heritage','art-culture']"
6395181769,https://raw.githubusercontent.com/kubaivanov/pictures/main/meta/city-2000/birmingham--united-kingdom--reddit-square.jpg,"['europe','gb','history-heritage','art-culture']"
6395181773,https://raw.githubusercontent.com/kubaivanov/pictures/main/meta/city-2000/edinburgh--united-kingdom--reddit-square.jpg,"['europe','gb','history-heritage','art-culture','well-known']"
6395181776,https://raw.githubusercontent.com/kubaivanov/pictures/main/meta/city-2000/anglesey-abbey--united-kingdom--reddit-square.jpg,"['europe','gb','history-heritage','nature']"
6395181778,https://raw.githubusercontent.com/kubaivanov/pictures/main/meta/city-2000/dundee--united-kingdom--reddit-square.jpg,"['europe','gb','coastal','history-heritage','art-culture']"
6395181779,https://raw.githubusercontent.com/kubaivanov/pictures/main/meta/city-2000/aberdeen--united-kingdom--reddit-square.jpg,"['europe','gb','coastal','history-heritage','art-culture']"
6395181783,https://raw.githubusercontent.com/kubaivanov/pictures/main/meta/city-2000/chawton--united-kingdom--reddit-square.jpg,"['europe','gb','history-heritage','art-culture']"
6395181787,https://raw.githubusercontent.com/kubaivanov/pictures/main/meta/city-2000/cliveden--united-kingdom--reddit-square.jpg,"['europe','gb','history-heritage','art-culture','nature']"
6395181790,https://raw.githubusercontent.com/kubaivanov/pictures/main/meta/city-2000/new-lanark--united-kingdom--reddit-square.jpg,"['europe','gb','history-heritage']"
6395181802,https://raw.githubusercontent.com/kubaivanov/pictures/main/meta/city-2000/liverpool--united-kingdom--reddit-square.jpg,"['europe','gb','coastal','history-heritage','art-culture','well-known']"
6395181805,https://raw.githubusercontent.com/kubaivanov/pictures/main/meta/city-2000/great-orme--united-kingdom--reddit-square.jpg,"['europe','gb','coastal','history-heritage','mountains','nature']"
6395181807,https://raw.githubusercontent.com/kubaivanov/pictures/main/meta/city-2000/ironbridge-gorge--united-kingdom--reddit-square.jpg,"['europe','gb','lakes-rivers','history-heritage','art-culture']"
6395181809,https://raw.githubusercontent.com/kubaivanov/pictures/main/meta/city-2000/lydford-gorge--united-kingdom--reddit-square.jpg,"['europe','gb','lakes-rivers','nature']"
6395181815,https://raw.githubusercontent.com/kubaivanov/pictures/main/meta/city-2000/cambridge--united-kingdom--reddit-square.jpg,"['europe','gb','lakes-rivers','history-heritage','art-culture','well-known']"
6395181819,https://raw.githubusercontent.com/kubaivanov/pictures/main/meta/city-2000/arbeia-roman-fort--united-kingdom--reddit-square.jpg,"['europe','gb','history-heritage']"
6395181820,https://raw.githubusercontent.com/kubaivanov/pictures/main/meta/city-2000/belfast--united-kingdom--reddit-square.jpg,"['europe','gb','history-heritage','art-culture']"
6395181822,https://raw.githubusercontent.com/kubaivanov/pictures/main/meta/city-2000/baddesley-clinton--united-kingdom--reddit-square.jpg,"['europe','gb','history-heritage','nature']"
6395181828,https://raw.githubusercontent.com/kubaivanov/pictures/main/meta/city-2000/monkey-world-wareham--united-kingdom--reddit-square.jpg,"['europe','gb','nature']"
6395181832,https://raw.githubusercontent.com/kubaivanov/pictures/main/meta/city-2000/northampton--united-kingdom--reddit-square.jpg,"['europe','gb','history-heritage','art-culture']"
6395181833,https://raw.githubusercontent.com/kubaivanov/pictures/main/meta/city-2000/brighton--united-kingdom--reddit-square.jpg,"['europe','gb','beaches','coastal','history-heritage','art-culture','food-wine']"
6395181836,https://raw.githubusercontent.com/kubaivanov/pictures/main/meta/city-2000/ayscoughfee-hall--united-kingdom--reddit-square.jpg,"['europe','gb','history-heritage','art-culture','nature']"
6395181837,https://raw.githubusercontent.com/kubaivanov/pictures/main/meta/city-2000/levens-hall--united-kingdom--reddit-square.jpg,"['europe','gb','history-heritage','nature']"
6395181839,https://raw.githubusercontent.com/kubaivanov/pictures/main/meta/city-2000/newstead-abbey--united-kingdom--reddit-square.jpg,"['europe','gb','history-heritage','art-culture','nature']"
6395181841,https://raw.githubusercontent.com/kubaivanov/pictures/main/meta/city-2000/buckfast-abbey--united-kingdom--reddit-square.jpg,"['europe','gb','history-heritage','religious']"
6395181846,https://raw.githubusercontent.com/kubaivanov/pictures/main/meta/city-2000/barrington-court--united-kingdom--reddit-square.jpg,"['europe','gb','history-heritage','nature']"
6395181848,https://raw.githubusercontent.com/kubaivanov/pictures/main/meta/city-2000/eden-project--united-kingdom--reddit-square.jpg,"['europe','gb','nature']"
6395181851,https://raw.githubusercontent.com/kubaivanov/pictures/main/meta/city-2000/abbotsford-house--united-kingdom--reddit-square.jpg,"['europe','gb','history-heritage','art-culture','nature']"
6395182202,https://raw.githubusercontent.com/kubaivanov/pictures/main/meta/city-2000/lacock--united-kingdom--reddit-square.jpg,"['europe','gb','history-heritage','art-culture']"
6395182204,https://raw.githubusercontent.com/kubaivanov/pictures/main/meta/city-2000/greenwich--united-kingdom--reddit-square.jpg,"['europe','gb','lakes-rivers','history-heritage','art-culture','well-known']"
6395182213,https://raw.githubusercontent.com/kubaivanov/pictures/main/meta/city-2000/polesden-lacey--united-kingdom--reddit-square.jpg,"['europe','gb','history-heritage','art-culture','nature']"
6395182214,https://raw.githubusercontent.com/kubaivanov/pictures/main/meta/city-2000/glen-coe--united-kingdom--reddit-square.jpg,"['europe','gb','mountains','nature','adventure']"
6395182216,https://raw.githubusercontent.com/kubaivanov/pictures/main/meta/city-2000/victoria-harbour--united-kingdom--reddit-square.jpg,"['europe','gb','coastal','history-heritage']"
6395182217,https://raw.githubusercontent.com/kubaivanov/pictures/main/meta/city-2000/london--united-kingdom--reddit-square.jpg,"['europe','gb','lakes-rivers','history-heritage','art-culture','food-wine','well-known']"
6395182218,https://raw.githubusercontent.com/kubaivanov/pictures/main/meta/city-2000/glasgow--united-kingdom--reddit-square.jpg,"['europe','gb','history-heritage','art-culture','well-known']"
6395182222,https://raw.githubusercontent.com/kubaivanov/pictures/main/meta/city-2000/thirsk--united-kingdom--reddit-square.jpg,"['europe','gb','history-heritage','art-culture']"
6395182225,https://raw.githubusercontent.com/kubaivanov/pictures/main/meta/city-2000/armagh--united-kingdom--reddit-square.jpg,"['europe','gb','history-heritage','art-culture','religious']"
6395182233,https://raw.githubusercontent.com/kubaivanov/pictures/main/meta/city-2000/harrogate--united-kingdom--reddit-square.jpg,"['europe','gb','history-heritage','art-culture','wellness']"
6395182235,https://raw.githubusercontent.com/kubaivanov/pictures/main/meta/city-2000/mayfield-lavender-farm--united-kingdom--reddit-square.jpg,"['europe','gb','nature']"
6395182238,https://raw.githubusercontent.com/kubaivanov/pictures/main/meta/city-2000/city-of-bath--united-kingdom--reddit-square.jpg,"['europe','gb','history-heritage','art-culture','wellness','well-known']"
6395182243,https://raw.githubusercontent.com/kubaivanov/pictures/main/meta/city-2000/iwm-duxford--united-kingdom--reddit-square.jpg,"['europe','gb','history-heritage','art-culture']"
6395182252,https://raw.githubusercontent.com/kubaivanov/pictures/main/meta/city-2000/cardiff--united-kingdom--reddit-square.jpg,"['europe','gb','history-heritage','art-culture']"
6395182254,https://raw.githubusercontent.com/kubaivanov/pictures/main/meta/city-2000/gloucester--united-kingdom--reddit-square.jpg,"['europe','gb','history-heritage','art-culture','religious']"
6395182256,https://raw.githubusercontent.com/kubaivanov/pictures/main/meta/city-2000/oxford--united-kingdom--reddit-square.jpg,"['europe','gb','history-heritage','art-culture','well-known']"
6395182260,https://raw.githubusercontent.com/kubaivanov/pictures/main/meta/city-2000/grantchester-village--united-kingdom--reddit-square.jpg,"['europe','gb','lakes-rivers','history-heritage','art-culture']"
6395182261,https://raw.githubusercontent.com/kubaivanov/pictures/main/meta/city-2000/giant-s-causeway--united-kingdom--reddit-square.jpg,"['europe','gb','coastal','mountains','nature','adventure','well-known']"
6395182263,https://raw.githubusercontent.com/kubaivanov/pictures/main/meta/city-2000/ightham-mote--united-kingdom--reddit-square.jpg,"['europe','gb','history-heritage','nature']"
6395182265,https://raw.githubusercontent.com/kubaivanov/pictures/main/meta/city-2000/exeter--united-kingdom--reddit-square.jpg,"['europe','gb','history-heritage','art-culture','religious']"
6395182268,https://raw.githubusercontent.com/kubaivanov/pictures/main/meta/city-2000/saltaire--united-kingdom--reddit-square.jpg,"['europe','gb','lakes-rivers','history-heritage','art-culture']"
6395182269,https://raw.githubusercontent.com/kubaivanov/pictures/main/meta/city-2000/st-edward-s-church--united-kingdom--reddit-square.jpg,"['europe','gb','history-heritage','religious']"
6395182270,https://raw.githubusercontent.com/kubaivanov/pictures/main/meta/city-2000/mottisfont-abbey--united-kingdom--reddit-square.jpg,"['europe','gb','history-heritage','nature']"
6395182271,https://raw.githubusercontent.com/kubaivanov/pictures/main/meta/city-2000/burghley-house--united-kingdom--reddit-square.jpg,"['europe','gb','history-heritage','art-culture','nature']"
6395182273,https://raw.githubusercontent.com/kubaivanov/pictures/main/meta/city-2000/shuakhevi--georgia--reddit-square.jpg,"['asia','ge','lakes-rivers','history-heritage','mountains','nature']"
6395182278,https://raw.githubusercontent.com/kubaivanov/pictures/main/meta/city-2000/khoni--georgia--reddit-square.jpg,"['asia','ge','lakes-rivers','history-heritage','mountains','nature']"
6395182279,https://raw.githubusercontent.com/kubaivanov/pictures/main/meta/city-2000/ureki--georgia--reddit-square.jpg,"['asia','ge','coastal']"
6395182281,https://raw.githubusercontent.com/kubaivanov/pictures/main/meta/city-2000/kutaisi--georgia--reddit-square.jpg,"['asia','ge','lakes-rivers','history-heritage','art-culture','nature','religious']"
6395182282,https://raw.githubusercontent.com/kubaivanov/pictures/main/meta/city-2000/kobuleti--georgia--reddit-square.jpg,"['asia','ge','coastal','history-heritage','mountains']"
6395182283,https://raw.githubusercontent.com/kubaivanov/pictures/main/meta/city-2000/poti--georgia--reddit-square.jpg,"['asia','ge','coastal','lakes-rivers','art-culture','religious']"
6395182285,https://raw.githubusercontent.com/kubaivanov/pictures/main/meta/city-2000/gudauri--georgia--reddit-square.jpg,"['asia','ge','mountains','wellness','adventure']"
6395182286,https://raw.githubusercontent.com/kubaivanov/pictures/main/meta/city-2000/imereti--georgia--reddit-square.jpg,"['asia','ge','lakes-rivers','food-wine']"
6395182287,https://raw.githubusercontent.com/kubaivanov/pictures/main/meta/city-2000/tbilisi--georgia--reddit-square.jpg,"['asia','ge','history-heritage','food-wine','wellness','religious','well-known']"
6395182288,https://raw.githubusercontent.com/kubaivanov/pictures/main/meta/city-2000/telavi--georgia--reddit-square.jpg,"['asia','ge','lakes-rivers','history-heritage','religious']"
6395182289,https://raw.githubusercontent.com/kubaivanov/pictures/main/meta/city-2000/tema--ghana--reddit-square.jpg,"['africa','gh','coastal','adventure']"
6395182290,https://raw.githubusercontent.com/kubaivanov/pictures/main/meta/city-2000/sunyani--ghana--reddit-square.jpg,"['africa','gh','lakes-rivers','history-heritage','art-culture','mountains','religious']"
6395182291,https://raw.githubusercontent.com/kubaivanov/pictures/main/meta/city-2000/takoradi--ghana--reddit-square.jpg,"['africa','gh','history-heritage']"
6395182292,https://raw.githubusercontent.com/kubaivanov/pictures/main/meta/city-2000/cape-coast--ghana--reddit-square.jpg,"['africa','gh','coastal','lakes-rivers','history-heritage']"
6395182293,https://raw.githubusercontent.com/kubaivanov/pictures/main/meta/city-2000/kumasi--ghana--reddit-square.jpg,"['africa','gh','history-heritage','art-culture','nature']"
6395182294,https://raw.githubusercontent.com/kubaivanov/pictures/main/meta/city-2000/kissamos--greece--reddit-square.jpg,"['europe','gr','beaches','coastal','islands','history-heritage','art-culture','food-wine']"
6395182295,https://raw.githubusercontent.com/kubaivanov/pictures/main/meta/city-2000/athens--greece--reddit-square.jpg,"['europe','gr','history-heritage','art-culture','food-wine','well-known']"
6395182296,https://raw.githubusercontent.com/kubaivanov/pictures/main/meta/city-2000/vamos--greece--reddit-square.jpg,"['europe','gr','islands','history-heritage','food-wine','religious']"
6395182297,https://raw.githubusercontent.com/kubaivanov/pictures/main/meta/city-2000/pelekas--greece--reddit-square.jpg,"['europe','gr','beaches','coastal','islands','history-heritage','mountains','nature']"
6395182298,https://raw.githubusercontent.com/kubaivanov/pictures/main/meta/city-2000/malia--greece--reddit-square.jpg,"['europe','gr','beaches','coastal','islands','history-heritage']"
6395182299,https://raw.githubusercontent.com/kubaivanov/pictures/main/meta/city-2000/patras--greece--reddit-square.jpg,"['europe','gr','coastal','history-heritage','food-wine']"
6395182300,https://raw.githubusercontent.com/kubaivanov/pictures/main/meta/city-2000/florina--greece--reddit-square.jpg,"['europe','gr','lakes-rivers','art-culture','food-wine']"
6395182301,https://raw.githubusercontent.com/kubaivanov/pictures/main/meta/city-2000/lachania--greece--reddit-square.jpg,"['europe','gr','beaches','coastal','islands','history-heritage','mountains','nature']"
6395182302,https://raw.githubusercontent.com/kubaivanov/pictures/main/meta/city-2000/heraklion--greece--reddit-square.jpg,"['europe','gr','coastal','islands','history-heritage','art-culture','food-wine']"
6395182304,https://raw.githubusercontent.com/kubaivanov/pictures/main/meta/city-2000/agios-nikolaos--greece--reddit-square.jpg,"['europe','gr','beaches','coastal','islands','lakes-rivers','history-heritage','art-culture']"
6395182305,https://raw.githubusercontent.com/kubaivanov/pictures/main/meta/city-2000/lindos--greece--reddit-square.jpg,"['europe','gr','beaches','coastal','islands','history-heritage']"
6395182306,https://raw.githubusercontent.com/kubaivanov/pictures/main/meta/city-2000/anthony-quinn-bay--greece--reddit-square.jpg,"['europe','gr','beaches','coastal','islands','nature','adventure']"
6395182307,https://raw.githubusercontent.com/kubaivanov/pictures/main/meta/city-2000/mystras--greece--reddit-square.jpg,"['europe','gr','history-heritage','religious']"
6395182308,https://raw.githubusercontent.com/kubaivanov/pictures/main/meta/city-2000/volos--greece--reddit-square.jpg,"['europe','gr','coastal','history-heritage','food-wine']"
6395182309,https://raw.githubusercontent.com/kubaivanov/pictures/main/meta/city-2000/ioannina--greece--reddit-square.jpg,"['europe','gr','lakes-rivers','history-heritage','art-culture','food-wine','religious']"
6395182310,https://raw.githubusercontent.com/kubaivanov/pictures/main/meta/city-2000/seitan-limania--greece--reddit-square.jpg,"['europe','gr','beaches','coastal','islands','nature','adventure']"
6395182311,https://raw.githubusercontent.com/kubaivanov/pictures/main/meta/city-2000/alexandroupoli--greece--reddit-square.jpg,"['europe','gr','coastal','history-heritage','art-culture','food-wine']"
6395182312,https://raw.githubusercontent.com/kubaivanov/pictures/main/meta/city-2000/litochoro--greece--reddit-square.jpg,"['europe','gr','history-heritage','mountains','nature']"
6395182313,https://raw.githubusercontent.com/kubaivanov/pictures/main/meta/city-2000/nafpaktos--greece--reddit-square.jpg,"['europe','gr','coastal','history-heritage','food-wine']"
6395182314,https://raw.githubusercontent.com/kubaivanov/pictures/main/meta/city-2000/sparta--greece--reddit-square.jpg,"['europe','gr','history-heritage','food-wine','well-known']"
6395182315,https://raw.githubusercontent.com/kubaivanov/pictures/main/meta/city-2000/imbros-gorge--greece--reddit-square.jpg,"['europe','gr','history-heritage','mountains','nature','adventure']"
6395182316,https://raw.githubusercontent.com/kubaivanov/pictures/main/meta/city-2000/monolithos--greece--reddit-square.jpg,"['europe','gr','coastal','islands','history-heritage','mountains','nature','adventure']"
6395182317,https://raw.githubusercontent.com/kubaivanov/pictures/main/meta/city-2000/chania--greece--reddit-square.jpg,"['europe','gr','coastal','islands','history-heritage','art-culture','food-wine']"
6395182318,https://raw.githubusercontent.com/kubaivanov/pictures/main/meta/city-2000/elounda--greece--reddit-square.jpg,"['europe','gr','beaches','coastal','islands','history-heritage','food-wine','adventure']"
6395182319,https://raw.githubusercontent.com/kubaivanov/pictures/main/meta/city-2000/corfu-city--greece--reddit-square.jpg,"['europe','gr','coastal','islands','history-heritage','art-culture','food-wine','religious','well-known']"
6395182320,https://raw.githubusercontent.com/kubaivanov/pictures/main/meta/city-2000/sisi--greece--reddit-square.jpg,"['europe','gr','beaches','coastal','islands','history-heritage','food-wine','nature','adventure']"
6395182321,https://raw.githubusercontent.com/kubaivanov/pictures/main/meta/city-2000/delphi--greece--reddit-square.jpg,"['europe','gr','history-heritage','mountains','religious','well-known']"
6395182322,https://raw.githubusercontent.com/kubaivanov/pictures/main/meta/city-2000/ierapetra--greece--reddit-square.jpg,"['europe','gr','beaches','coastal','islands','history-heritage','art-culture']"
6395182323,https://raw.githubusercontent.com/kubaivanov/pictures/main/meta/city-2000/siana--greece--reddit-square.jpg,"['europe','gr','islands','food-wine','mountains','nature']"
6395182324,https://raw.githubusercontent.com/kubaivanov/pictures/main/meta/city-2000/archanes--greece--reddit-square.jpg,"['europe','gr','islands','history-heritage','art-culture','food-wine','mountains']"
6395182325,https://raw.githubusercontent.com/kubaivanov/pictures/main/meta/city-2000/lake-kournas--greece--reddit-square.jpg,"['europe','gr','islands','lakes-rivers','mountains','nature']"
6395182327,https://raw.githubusercontent.com/kubaivanov/pictures/main/meta/city-2000/rhodes-city--greece--reddit-square.jpg,"['europe','gr','beaches','coastal','islands','history-heritage','art-culture','food-wine','well-known']"
6395182328,https://raw.githubusercontent.com/kubaivanov/pictures/main/meta/city-2000/rethymno--greece--reddit-square.jpg,"['europe','gr','beaches','coastal','islands','history-heritage','art-culture','food-wine','adventure']"
6395182329,https://raw.githubusercontent.com/kubaivanov/pictures/main/meta/city-2000/veria--greece--reddit-square.jpg,"['europe','gr','history-heritage','art-culture','religious']"
6395182330,https://raw.githubusercontent.com/kubaivanov/pictures/main/meta/city-2000/larissa--greece--reddit-square.jpg,"['europe','gr','history-heritage','art-culture']"
6395182331,https://raw.githubusercontent.com/kubaivanov/pictures/main/meta/city-2000/mycenae--greece--reddit-square.jpg,"['europe','gr','history-heritage','well-known']"
6395182332,https://raw.githubusercontent.com/kubaivanov/pictures/main/meta/city-2000/kavala--greece--reddit-square.jpg,"['europe','gr','coastal','history-heritage','art-culture','food-wine']"
6395182333,https://raw.githubusercontent.com/kubaivanov/pictures/main/meta/city-2000/meteora--greece--reddit-square.jpg,"['europe','gr','history-heritage','mountains','nature','religious','well-known']"
6395182334,https://raw.githubusercontent.com/kubaivanov/pictures/main/meta/city-2000/arachova--greece--reddit-square.jpg,"['europe','gr','food-wine','mountains']"
6395182335,https://raw.githubusercontent.com/kubaivanov/pictures/main/meta/city-2000/zakinthos-city--greece--reddit-square.jpg,"['europe','gr','beaches','coastal','islands','history-heritage','art-culture','nature','religious','adventure','well-known']"
6395182336,https://raw.githubusercontent.com/kubaivanov/pictures/main/meta/city-2000/trikala--greece--reddit-square.jpg,"['europe','gr','history-heritage','religious']"
6395182337,https://raw.githubusercontent.com/kubaivanov/pictures/main/meta/city-2000/tikal--guatemala--reddit-square.jpg,"['north-america','gt','history-heritage','religious']"
6395182338,https://raw.githubusercontent.com/kubaivanov/pictures/main/meta/city-2000/panajachel--guatemala--reddit-square.jpg,"['north-america','gt','lakes-rivers','nature','religious']"
6395182339,https://raw.githubusercontent.com/kubaivanov/pictures/main/meta/city-2000/iximche--guatemala--reddit-square.jpg,"['north-america','gt','history-heritage','art-culture','religious']"
6395182340,https://raw.githubusercontent.com/kubaivanov/pictures/main/meta/city-2000/antigua--guatemala--reddit-square.jpg,"['north-america','gt','history-heritage','religious']"
6395182341,https://raw.githubusercontent.com/kubaivanov/pictures/main/meta/city-2000/quetzaltenango--guatemala--reddit-square.jpg,"['north-america','gt','art-culture','religious']"
6395182343,https://raw.githubusercontent.com/kubaivanov/pictures/main/meta/city-2000/copan--honduras--reddit-square.jpg,"['north-america','hn','history-heritage','art-culture','mountains']"
6395182345,https://raw.githubusercontent.com/kubaivanov/pictures/main/meta/city-2000/pula--croatia--reddit-square.jpg,"['europe','hr','coastal','art-culture','religious']"
6395182346,https://raw.githubusercontent.com/kubaivanov/pictures/main/meta/city-2000/pag--croatia--reddit-square.jpg,"['europe','hr','coastal','mountains','religious']"
6395182348,https://raw.githubusercontent.com/kubaivanov/pictures/main/meta/city-2000/umag--croatia--reddit-square.jpg,"['europe','hr','history-heritage']"
6395182349,https://raw.githubusercontent.com/kubaivanov/pictures/main/meta/city-2000/groznjan--croatia--reddit-square.jpg,"['europe','hr','art-culture','food-wine']"
6395182351,https://raw.githubusercontent.com/kubaivanov/pictures/main/meta/city-2000/dubrovnik--croatia--reddit-square.jpg,"['europe','hr','history-heritage','art-culture','religious']"
6395182352,https://raw.githubusercontent.com/kubaivanov/pictures/main/meta/city-2000/zadar--croatia--reddit-square.jpg,"['europe','hr','history-heritage','art-culture','religious','well-known']"
6395182353,https://raw.githubusercontent.com/kubaivanov/pictures/main/meta/city-2000/trogir--croatia--reddit-square.jpg,"['europe','hr','coastal','history-heritage','art-culture','religious']"
6395182354,https://raw.githubusercontent.com/kubaivanov/pictures/main/meta/city-2000/cavtat--croatia--reddit-square.jpg,"['europe','hr','history-heritage','art-culture','religious']"
6395182355,https://raw.githubusercontent.com/kubaivanov/pictures/main/meta/city-2000/primosten--croatia--reddit-square.jpg,"['europe','hr','coastal','history-heritage','religious']"
6395182357,https://raw.githubusercontent.com/kubaivanov/pictures/main/meta/city-2000/vukovar--croatia--reddit-square.jpg,"['europe','hr','lakes-rivers','history-heritage','art-culture']"
6395182359,https://raw.githubusercontent.com/kubaivanov/pictures/main/meta/city-2000/porec--croatia--reddit-square.jpg,"['europe','hr','coastal','history-heritage','art-culture','religious']"
6395182361,https://raw.githubusercontent.com/kubaivanov/pictures/main/meta/city-2000/vrsar--croatia--reddit-square.jpg,"['europe','hr','history-heritage','art-culture','religious']"
6395182362,https://raw.githubusercontent.com/kubaivanov/pictures/main/meta/city-2000/rovinj--croatia--reddit-square.jpg,"['europe','hr','coastal','religious']"
6395182364,https://raw.githubusercontent.com/kubaivanov/pictures/main/meta/city-2000/split--croatia--reddit-square.jpg,"['europe','hr','coastal','history-heritage','religious']"
6395182366,https://raw.githubusercontent.com/kubaivanov/pictures/main/meta/city-2000/zagreb--croatia--reddit-square.jpg,"['europe','hr','lakes-rivers','history-heritage','art-culture','mountains','well-known']"
6395182368,https://raw.githubusercontent.com/kubaivanov/pictures/main/meta/city-2000/rijeka--croatia--reddit-square.jpg,"['europe','hr','history-heritage','art-culture']"
6395182369,https://raw.githubusercontent.com/kubaivanov/pictures/main/meta/city-2000/omis--croatia--reddit-square.jpg,"['europe','hr','coastal','lakes-rivers','history-heritage','religious','adventure']"
6395182370,https://raw.githubusercontent.com/kubaivanov/pictures/main/meta/city-2000/skradin--croatia--reddit-square.jpg,"['europe','hr','history-heritage','nature','religious']"
6395182371,https://raw.githubusercontent.com/kubaivanov/pictures/main/meta/city-2000/senj--croatia--reddit-square.jpg,"['europe','hr','history-heritage','art-culture','mountains','religious']"
6395182373,https://raw.githubusercontent.com/kubaivanov/pictures/main/meta/city-2000/rastoke--croatia--reddit-square.jpg,"['europe','hr','lakes-rivers','mountains','nature']"
6395182374,https://raw.githubusercontent.com/kubaivanov/pictures/main/meta/city-2000/makarska--croatia--reddit-square.jpg,"['europe','hr','coastal','art-culture','mountains','religious']"
6395182375,https://raw.githubusercontent.com/kubaivanov/pictures/main/meta/city-2000/motovun--croatia--reddit-square.jpg,"['europe','hr','lakes-rivers','history-heritage','food-wine']"
6395182376,https://raw.githubusercontent.com/kubaivanov/pictures/main/meta/city-2000/murter--croatia--reddit-square.jpg,"['europe','hr','coastal','history-heritage','art-culture','mountains']"
6395182377,https://raw.githubusercontent.com/kubaivanov/pictures/main/meta/city-2000/osijek--croatia--reddit-square.jpg,"['europe','hr','lakes-rivers','art-culture','religious','well-known']"
6395182379,https://raw.githubusercontent.com/kubaivanov/pictures/main/meta/city-2000/medulin--croatia--reddit-square.jpg,"['europe','hr','coastal','history-heritage','art-culture']"
6395182380,https://raw.githubusercontent.com/kubaivanov/pictures/main/meta/city-2000/sibenik--croatia--reddit-square.jpg,"['europe','hr','coastal','history-heritage','art-culture','nature','religious']"
6395182381,https://raw.githubusercontent.com/kubaivanov/pictures/main/meta/city-2000/town-of-krk--croatia--reddit-square.jpg,"['europe','hr','coastal','religious']"
6395182386,https://raw.githubusercontent.com/kubaivanov/pictures/main/meta/city-2000/balatonfuered--hungary--reddit-square.jpg,"['europe','hu','lakes-rivers','art-culture','wellness']"
6395182387,https://raw.githubusercontent.com/kubaivanov/pictures/main/meta/city-2000/eger--hungary--reddit-square.jpg,"['europe','hu','history-heritage','art-culture']"
6395182389,https://raw.githubusercontent.com/kubaivanov/pictures/main/meta/city-2000/tihany-abbey--hungary--reddit-square.jpg,"['europe','hu','lakes-rivers','history-heritage','art-culture']"
6395182390,https://raw.githubusercontent.com/kubaivanov/pictures/main/meta/city-2000/szentendre--hungary--reddit-square.jpg,"['europe','hu','history-heritage','art-culture']"
6395182392,https://raw.githubusercontent.com/kubaivanov/pictures/main/meta/city-2000/kecskemet--hungary--reddit-square.jpg,"['europe','hu','history-heritage','art-culture','food-wine','nature']"
6395182393,https://raw.githubusercontent.com/kubaivanov/pictures/main/meta/city-2000/esztergom--hungary--reddit-square.jpg,"['europe','hu','lakes-rivers','history-heritage','religious']"
6395182394,https://raw.githubusercontent.com/kubaivanov/pictures/main/meta/city-2000/debrecen--hungary--reddit-square.jpg,"['europe','hu','history-heritage','art-culture']"
6395182396,https://raw.githubusercontent.com/kubaivanov/pictures/main/meta/city-2000/miskolc--hungary--reddit-square.jpg,"['europe','hu','lakes-rivers','history-heritage','mountains','nature','well-known']"
6395182397,https://raw.githubusercontent.com/kubaivanov/pictures/main/meta/city-2000/gyor--hungary--reddit-square.jpg,"['europe','hu','history-heritage','art-culture','religious']"
6395182398,https://raw.githubusercontent.com/kubaivanov/pictures/main/meta/city-2000/budapest--hungary--reddit-square.jpg,"['europe','hu','lakes-rivers','history-heritage','art-culture','religious']"
6395182399,https://raw.githubusercontent.com/kubaivanov/pictures/main/meta/city-2000/pecs--hungary--reddit-square.jpg,"['europe','hu','history-heritage','art-culture','religious']"
6395182401,https://raw.githubusercontent.com/kubaivanov/pictures/main/meta/city-2000/bandung-city--indonesia--reddit-square.jpg,"['asia','id','history-heritage','art-culture','food-wine','nature','wellness','religious']"
6395182402,https://raw.githubusercontent.com/kubaivanov/pictures/main/meta/city-2000/surabaya--indonesia--reddit-square.jpg,"['asia','id','coastal','history-heritage','art-culture','nature','religious']"
6395182403,https://raw.githubusercontent.com/kubaivanov/pictures/main/meta/city-2000/uluwatu--indonesia--reddit-square.jpg,"['asia','id','coastal','religious']"
6395182404,https://raw.githubusercontent.com/kubaivanov/pictures/main/meta/city-2000/ubud--indonesia--reddit-square.jpg,"['asia','id','history-heritage','art-culture','nature','religious']"
6395182405,https://raw.githubusercontent.com/kubaivanov/pictures/main/meta/city-2000/banten-city--indonesia--reddit-square.jpg,"['asia','id','history-heritage','art-culture','religious']"
6395182406,https://raw.githubusercontent.com/kubaivanov/pictures/main/meta/city-2000/malang-city--indonesia--reddit-square.jpg,"['asia','id','lakes-rivers','history-heritage','art-culture','religious']"
6395182407,https://raw.githubusercontent.com/kubaivanov/pictures/main/meta/city-2000/surakarta--indonesia--reddit-square.jpg,"['asia','id','lakes-rivers','history-heritage','art-culture','food-wine']"
6395182409,https://raw.githubusercontent.com/kubaivanov/pictures/main/meta/city-2000/padangbai--indonesia--reddit-square.jpg,"['asia','id','religious']"
6395182410,https://raw.githubusercontent.com/kubaivanov/pictures/main/meta/city-2000/yogyakarta-city--indonesia--reddit-square.jpg,"['asia','id','coastal','history-heritage','art-culture','food-wine']"
6395182411,https://raw.githubusercontent.com/kubaivanov/pictures/main/meta/city-2000/bogor-city--indonesia--reddit-square.jpg,"['asia','id','history-heritage','nature']"
6395182412,https://raw.githubusercontent.com/kubaivanov/pictures/main/meta/city-2000/cirebon--indonesia--reddit-square.jpg,"['asia','id','coastal','history-heritage','religious']"
6395182413,https://raw.githubusercontent.com/kubaivanov/pictures/main/meta/city-2000/semarang--indonesia--reddit-square.jpg,"['asia','id','lakes-rivers','food-wine','religious']"
6395182414,https://raw.githubusercontent.com/kubaivanov/pictures/main/meta/city-2000/tangerang--indonesia--reddit-square.jpg,"['asia','id','coastal','art-culture','food-wine','religious']"
6395182415,https://raw.githubusercontent.com/kubaivanov/pictures/main/meta/city-2000/singaraja--indonesia--reddit-square.jpg,"['asia','id','history-heritage','art-culture','religious']"
6395182417,https://raw.githubusercontent.com/kubaivanov/pictures/main/meta/city-2000/kildare-village--ireland--reddit-square.jpg,"['europe','ie']"
6395182419,https://raw.githubusercontent.com/kubaivanov/pictures/main/meta/city-2000/drogheda--ireland--reddit-square.jpg,"['europe','ie','history-heritage','religious']"
6395182420,https://raw.githubusercontent.com/kubaivanov/pictures/main/meta/city-2000/galway--ireland--reddit-square.jpg,"['europe','ie','history-heritage']"
6395182421,https://raw.githubusercontent.com/kubaivanov/pictures/main/meta/city-2000/ennis--ireland--reddit-square.jpg,"['europe','ie','history-heritage','art-culture']"
6395182422,https://raw.githubusercontent.com/kubaivanov/pictures/main/meta/city-2000/limerick--ireland--reddit-square.jpg,"['europe','ie','history-heritage','art-culture','religious','well-known']"
6395182423,https://raw.githubusercontent.com/kubaivanov/pictures/main/meta/city-2000/kilkenny--ireland--reddit-square.jpg,"['europe','ie','history-heritage','art-culture','religious']"
6395182425,https://raw.githubusercontent.com/kubaivanov/pictures/main/meta/city-2000/blarney-stone--ireland--reddit-square.jpg,"['europe','ie','history-heritage']"
6395182426,https://raw.githubusercontent.com/kubaivanov/pictures/main/meta/city-2000/cliffs-of-moher--ireland--reddit-square.jpg,"['europe','ie','history-heritage','mountains','nature']"
6395182428,https://raw.githubusercontent.com/kubaivanov/pictures/main/meta/city-2000/glendalough--ireland--reddit-square.jpg,"['europe','ie','history-heritage','religious','well-known']"
6395182429,https://raw.githubusercontent.com/kubaivanov/pictures/main/meta/city-2000/newgrange--ireland--reddit-square.jpg,"['europe','ie','history-heritage']"
6395182430,https://raw.githubusercontent.com/kubaivanov/pictures/main/meta/city-2000/killarney--ireland--reddit-square.jpg,"['europe','ie','coastal','lakes-rivers','history-heritage','art-culture','mountains','nature','religious']"
6395182431,https://raw.githubusercontent.com/kubaivanov/pictures/main/meta/city-2000/cork--ireland--reddit-square.jpg,"['europe','ie','history-heritage','art-culture','religious']"
6395182432,https://raw.githubusercontent.com/kubaivanov/pictures/main/meta/city-2000/clonmacnoise--ireland--reddit-square.jpg,"['europe','ie','history-heritage','religious']"
6395182433,https://raw.githubusercontent.com/kubaivanov/pictures/main/meta/city-2000/dublin--ireland--reddit-square.jpg,"['europe','ie','history-heritage','religious']"
6395182435,https://raw.githubusercontent.com/kubaivanov/pictures/main/meta/city-2000/howth--ireland--reddit-square.jpg,"['europe','ie','coastal','mountains']"
6395182436,https://raw.githubusercontent.com/kubaivanov/pictures/main/meta/city-2000/kylemore-abbey--ireland--reddit-square.jpg,"['europe','ie','art-culture','mountains','nature']"
6395182437,https://raw.githubusercontent.com/kubaivanov/pictures/main/meta/city-2000/tullamore-dew--ireland--reddit-square.jpg,"['europe','ie']"
6395182438,https://raw.githubusercontent.com/kubaivanov/pictures/main/meta/city-2000/rock-of-cashel--ireland--reddit-square.jpg,"['europe','ie','history-heritage','art-culture','religious']"
6395182439,https://raw.githubusercontent.com/kubaivanov/pictures/main/meta/city-2000/ashdod--israel--reddit-square.jpg,"['asia','il','history-heritage','art-culture']"
6395182441,https://raw.githubusercontent.com/kubaivanov/pictures/main/meta/city-2000/herzliya--israel--reddit-square.jpg,"['asia','il','art-culture']"
6395182445,https://raw.githubusercontent.com/kubaivanov/pictures/main/meta/city-2000/nazareth--israel--reddit-square.jpg,"['asia','il','history-heritage']"
6395182446,https://raw.githubusercontent.com/kubaivanov/pictures/main/meta/city-2000/masada--israel--reddit-square.jpg,"['asia','il','history-heritage','art-culture','mountains','well-known']"
6395182448,https://raw.githubusercontent.com/kubaivanov/pictures/main/meta/city-2000/acre--israel--reddit-square.jpg,"['asia','il','history-heritage','art-culture','religious']"
6395182452,https://raw.githubusercontent.com/kubaivanov/pictures/main/meta/city-2000/ein-gedi--israel--reddit-square.jpg,"['asia','il','lakes-rivers','mountains','nature']"
6395182453,https://raw.githubusercontent.com/kubaivanov/pictures/main/meta/city-2000/kafar-kanna--israel--reddit-square.jpg,"['asia','il','history-heritage','religious']"
6395182454,https://raw.githubusercontent.com/kubaivanov/pictures/main/meta/city-2000/caesarea--israel--reddit-square.jpg,"['asia','il','coastal','history-heritage','art-culture']"
6395182455,https://raw.githubusercontent.com/kubaivanov/pictures/main/meta/city-2000/zikhron-ya-akov--israel--reddit-square.jpg,"['asia','il','history-heritage','art-culture','nature']"
6395182456,https://raw.githubusercontent.com/kubaivanov/pictures/main/meta/city-2000/haifa--israel--reddit-square.jpg,"['asia','il','history-heritage','art-culture','mountains','nature','religious','well-known']"
6395182457,https://raw.githubusercontent.com/kubaivanov/pictures/main/meta/city-2000/jerusalem--israel--reddit-square.jpg,"['asia','il','history-heritage','religious']"
6395182458,https://raw.githubusercontent.com/kubaivanov/pictures/main/meta/city-2000/tiberias--israel--reddit-square.jpg,"['asia','il','history-heritage','art-culture','nature','wellness','religious']"
6395182462,https://raw.githubusercontent.com/kubaivanov/pictures/main/meta/city-2000/rudrapur--india--reddit-square.jpg,"['asia','in']"
6395182466,https://raw.githubusercontent.com/kubaivanov/pictures/main/meta/city-2000/rampur--india--reddit-square.jpg,"['asia','in','history-heritage']"
6395182468,https://raw.githubusercontent.com/kubaivanov/pictures/main/meta/city-2000/rampurhat--india--reddit-square.jpg,"['asia','in','religious']"
6395182469,https://raw.githubusercontent.com/kubaivanov/pictures/main/meta/city-2000/thivim--india--reddit-square.jpg,"['asia','in']"
6395182470,https://raw.githubusercontent.com/kubaivanov/pictures/main/meta/city-2000/kurukshetra--india--reddit-square.jpg,"['asia','in','lakes-rivers','history-heritage','religious']"
6395182476,https://raw.githubusercontent.com/kubaivanov/pictures/main/meta/city-2000/kaithal--india--reddit-square.jpg,"['asia','in']"
6395182483,https://raw.githubusercontent.com/kubaivanov/pictures/main/meta/city-2000/husavik--iceland--reddit-square.jpg,"['europe','is','art-culture']"
6395182484,https://raw.githubusercontent.com/kubaivanov/pictures/main/meta/city-2000/lake-myvatn--iceland--reddit-square.jpg,"['europe','is','lakes-rivers','history-heritage','nature','wellness']"
6395182485,https://raw.githubusercontent.com/kubaivanov/pictures/main/meta/city-2000/hveragerdi--iceland--reddit-square.jpg,"['europe','is','lakes-rivers','mountains','wellness']"
6395182486,https://raw.githubusercontent.com/kubaivanov/pictures/main/meta/city-2000/jokulsarlon--iceland--reddit-square.jpg,"['europe','is','lakes-rivers']"
6395182487,https://raw.githubusercontent.com/kubaivanov/pictures/main/meta/city-2000/gullfoss--iceland--reddit-square.jpg,"['europe','is','lakes-rivers','nature','well-known']"
6395182488,https://raw.githubusercontent.com/kubaivanov/pictures/main/meta/city-2000/akureyri--iceland--reddit-square.jpg,"['europe','is','coastal','mountains','nature']"
6395182491,https://raw.githubusercontent.com/kubaivanov/pictures/main/meta/city-2000/fjadrargljufur-canyon--iceland--reddit-square.jpg,"['europe','is','mountains','nature','adventure']"
6395182492,https://raw.githubusercontent.com/kubaivanov/pictures/main/meta/city-2000/blue-lagoon--iceland--reddit-square.jpg,"['europe','is','nature','wellness','well-known']"
6395182493,https://raw.githubusercontent.com/kubaivanov/pictures/main/meta/city-2000/glymur-waterfall--iceland--reddit-square.jpg,"['europe','is','nature','adventure']"
6395182494,https://raw.githubusercontent.com/kubaivanov/pictures/main/meta/city-2000/reynisfjara-beach--iceland--reddit-square.jpg,"['europe','is','beaches','coastal','nature','well-known']"
6395182495,https://raw.githubusercontent.com/kubaivanov/pictures/main/meta/city-2000/siena--italy--reddit-square.jpg,"['europe','it','history-heritage','art-culture','well-known']"
6395182655,https://raw.githubusercontent.com/kubaivanov/pictures/main/meta/city-2000/frascati--italy--reddit-square.jpg,"['europe','it','history-heritage','food-wine']"
6395182656,https://raw.githubusercontent.com/kubaivanov/pictures/main/meta/city-2000/ragusa--italy--reddit-square.jpg,"['europe','it','art-culture','religious']"
6395182657,https://raw.githubusercontent.com/kubaivanov/pictures/main/meta/city-2000/alberobello--italy--reddit-square.jpg,"['europe','it','history-heritage','art-culture','well-known']"
6395182658,https://raw.githubusercontent.com/kubaivanov/pictures/main/meta/city-2000/montecatini-alto--italy--reddit-square.jpg,"['europe','it','history-heritage','wellness']"
6395182660,https://raw.githubusercontent.com/kubaivanov/pictures/main/meta/city-2000/gubbio--italy--reddit-square.jpg,"['europe','it','history-heritage','art-culture']"
6395182661,https://raw.githubusercontent.com/kubaivanov/pictures/main/meta/city-2000/naples--italy--reddit-square.jpg,"['europe','it','art-culture','food-wine','well-known']"
6395182663,https://raw.githubusercontent.com/kubaivanov/pictures/main/meta/city-2000/villabassa--italy--reddit-square.jpg,"['europe','it','nature','wellness']"
6395182664,https://raw.githubusercontent.com/kubaivanov/pictures/main/meta/city-2000/caltagirone--italy--reddit-square.jpg,"['europe','it','history-heritage','art-culture']"
6395182665,https://raw.githubusercontent.com/kubaivanov/pictures/main/meta/city-2000/agropoli--italy--reddit-square.jpg,"['europe','it','coastal','history-heritage']"
6395182666,https://raw.githubusercontent.com/kubaivanov/pictures/main/meta/city-2000/mount-etna--italy--reddit-square.jpg,"['europe','it','nature','adventure','well-known']"
6395182667,https://raw.githubusercontent.com/kubaivanov/pictures/main/meta/city-2000/apricale--italy--reddit-square.jpg,"['europe','it','history-heritage','mountains']"
6395182668,https://raw.githubusercontent.com/kubaivanov/pictures/main/meta/city-2000/bosa--italy--reddit-square.jpg,"['europe','it','lakes-rivers','history-heritage']"
6395182669,https://raw.githubusercontent.com/kubaivanov/pictures/main/meta/city-2000/chioggia--italy--reddit-square.jpg,"['europe','it','lakes-rivers','history-heritage']"
6395182671,https://raw.githubusercontent.com/kubaivanov/pictures/main/meta/city-2000/benevento--italy--reddit-square.jpg,"['europe','it','lakes-rivers','history-heritage']"
6395182672,https://raw.githubusercontent.com/kubaivanov/pictures/main/meta/city-2000/vernazza--italy--reddit-square.jpg,"['europe','it','coastal','history-heritage']"
6395182673,https://raw.githubusercontent.com/kubaivanov/pictures/main/meta/city-2000/riva-del-garda--italy--reddit-square.jpg,"['europe','it','lakes-rivers','adventure']"
6395182674,https://raw.githubusercontent.com/kubaivanov/pictures/main/meta/city-2000/cefalu--italy--reddit-square.jpg,"['europe','it','history-heritage','religious']"
6395182676,https://raw.githubusercontent.com/kubaivanov/pictures/main/meta/city-2000/padua--italy--reddit-square.jpg,"['europe','it','art-culture','religious']"
6395182677,https://raw.githubusercontent.com/kubaivanov/pictures/main/meta/city-2000/udine--italy--reddit-square.jpg,"['europe','it','art-culture','food-wine']"
6395182678,https://raw.githubusercontent.com/kubaivanov/pictures/main/meta/city-2000/como-city--italy--reddit-square.jpg,"['europe','it','lakes-rivers','art-culture']"
6395182680,https://raw.githubusercontent.com/kubaivanov/pictures/main/meta/city-2000/caprarola--italy--reddit-square.jpg,"['europe','it','history-heritage','art-culture']"
6395182682,https://raw.githubusercontent.com/kubaivanov/pictures/main/meta/city-2000/scilla--italy--reddit-square.jpg,"['europe','it','beaches','coastal']"
6395182683,https://raw.githubusercontent.com/kubaivanov/pictures/main/meta/city-2000/nora--italy--reddit-square.jpg,"['europe','it','beaches','history-heritage']"
6395182685,https://raw.githubusercontent.com/kubaivanov/pictures/main/meta/city-2000/imola--italy--reddit-square.jpg,"['europe','it','history-heritage','adventure']"
6395182686,https://raw.githubusercontent.com/kubaivanov/pictures/main/meta/city-2000/ortisei--italy--reddit-square.jpg,"['europe','it','mountains','religious']"
6395182688,https://raw.githubusercontent.com/kubaivanov/pictures/main/meta/city-2000/malcesine--italy--reddit-square.jpg,"['europe','it','lakes-rivers','adventure']"
6395182690,https://raw.githubusercontent.com/kubaivanov/pictures/main/meta/city-2000/novara--italy--reddit-square.jpg,"['europe','it','history-heritage','art-culture']"
6395182691,https://raw.githubusercontent.com/kubaivanov/pictures/main/meta/city-2000/nuoro--italy--reddit-square.jpg,"['europe','it','history-heritage','art-culture']"
6395182693,https://raw.githubusercontent.com/kubaivanov/pictures/main/meta/city-2000/agrigento--italy--reddit-square.jpg,"['europe','it','history-heritage','art-culture']"
6395182695,https://raw.githubusercontent.com/kubaivanov/pictures/main/meta/city-2000/ravello--italy--reddit-square.jpg,"['europe','it','coastal','art-culture']"
6395182696,https://raw.githubusercontent.com/kubaivanov/pictures/main/meta/city-2000/lake-braies--italy--reddit-square.jpg,"['europe','it','lakes-rivers','mountains']"
6395182697,https://raw.githubusercontent.com/kubaivanov/pictures/main/meta/city-2000/comacchio--italy--reddit-square.jpg,"['europe','it','lakes-rivers','nature']"
6395182698,https://raw.githubusercontent.com/kubaivanov/pictures/main/meta/city-2000/colle-val-d-elsa--italy--reddit-square.jpg,"['europe','it','history-heritage','art-culture']"
6395182699,https://raw.githubusercontent.com/kubaivanov/pictures/main/meta/city-2000/assisi--italy--reddit-square.jpg,"['europe','it','history-heritage','religious','well-known']"
6395182700,https://raw.githubusercontent.com/kubaivanov/pictures/main/meta/city-2000/aosta--italy--reddit-square.jpg,"['europe','it','history-heritage','mountains']"
6395182701,https://raw.githubusercontent.com/kubaivanov/pictures/main/meta/city-2000/savona--italy--reddit-square.jpg,"['europe','it','history-heritage','art-culture']"
6395182703,https://raw.githubusercontent.com/kubaivanov/pictures/main/meta/city-2000/cosenza--italy--reddit-square.jpg,"['europe','it','history-heritage','art-culture']"
6395182704,https://raw.githubusercontent.com/kubaivanov/pictures/main/meta/city-2000/taranto--italy--reddit-square.jpg,"['europe','it','history-heritage','art-culture']"
6395182706,https://raw.githubusercontent.com/kubaivanov/pictures/main/meta/city-2000/canazei--italy--reddit-square.jpg,"['europe','it','mountains','wellness']"
6395182707,https://raw.githubusercontent.com/kubaivanov/pictures/main/meta/city-2000/tivoli--italy--reddit-square.jpg,"['europe','it','history-heritage','nature']"
6395182709,https://raw.githubusercontent.com/kubaivanov/pictures/main/meta/city-2000/brixen--italy--reddit-square.jpg,"['europe','it','mountains','religious']"
6395182710,https://raw.githubusercontent.com/kubaivanov/pictures/main/meta/city-2000/ravenna--italy--reddit-square.jpg,"['europe','it','art-culture','religious']"
6395182711,https://raw.githubusercontent.com/kubaivanov/pictures/main/meta/city-2000/villa-del-balbianello--italy--reddit-square.jpg,"['europe','it','lakes-rivers','art-culture']"
6395182712,https://raw.githubusercontent.com/kubaivanov/pictures/main/meta/city-2000/merano--italy--reddit-square.jpg,"['europe','it','mountains','wellness']"
6395182714,https://raw.githubusercontent.com/kubaivanov/pictures/main/meta/city-2000/trapani--italy--reddit-square.jpg,"['europe','it','art-culture','religious']"
6395182715,https://raw.githubusercontent.com/kubaivanov/pictures/main/meta/city-2000/polignano-a-mare--italy--reddit-square.jpg,"['europe','it','coastal','adventure']"
6395182716,https://raw.githubusercontent.com/kubaivanov/pictures/main/meta/city-2000/varenna--italy--reddit-square.jpg,"['europe','it','lakes-rivers','mountains']"
6395182717,https://raw.githubusercontent.com/kubaivanov/pictures/main/meta/city-2000/castelsardo--italy--reddit-square.jpg,"['europe','it','coastal','history-heritage']"
6395182718,https://raw.githubusercontent.com/kubaivanov/pictures/main/meta/city-2000/civita-di-bagnoregio--italy--reddit-square.jpg,"['europe','it','history-heritage','religious']"
6395182719,https://raw.githubusercontent.com/kubaivanov/pictures/main/meta/city-2000/cividale-del-friuli--italy--reddit-square.jpg,"['europe','it','lakes-rivers','history-heritage']"
6395182720,https://raw.githubusercontent.com/kubaivanov/pictures/main/meta/city-2000/enna--italy--reddit-square.jpg,"['europe','it','history-heritage','religious']"
6395182722,https://raw.githubusercontent.com/kubaivanov/pictures/main/meta/city-2000/modica--italy--reddit-square.jpg,"['europe','it','art-culture','food-wine']"
6395182723,https://raw.githubusercontent.com/kubaivanov/pictures/main/meta/city-2000/bellagio--italy--reddit-square.jpg,"['europe','it','lakes-rivers','art-culture','well-known']"
6395182724,https://raw.githubusercontent.com/kubaivanov/pictures/main/meta/city-2000/tirano--italy--reddit-square.jpg,"['europe','it','mountains','religious']"
6395182725,https://raw.githubusercontent.com/kubaivanov/pictures/main/meta/city-2000/selva-di-val-gardena--italy--reddit-square.jpg,"['europe','it','mountains','adventure']"
6395182728,https://raw.githubusercontent.com/kubaivanov/pictures/main/meta/city-2000/parma--italy--reddit-square.jpg,"['europe','it','art-culture','food-wine','well-known']"
6395182729,https://raw.githubusercontent.com/kubaivanov/pictures/main/meta/city-2000/noto--italy--reddit-square.jpg,"['europe','it','art-culture','religious']"
6395182733,https://raw.githubusercontent.com/kubaivanov/pictures/main/meta/city-2000/termoli--italy--reddit-square.jpg,"['europe','it','coastal','history-heritage']"
6395182734,https://raw.githubusercontent.com/kubaivanov/pictures/main/meta/city-2000/segesta--italy--reddit-square.jpg,"['europe','it','history-heritage','art-culture']"
6395182735,https://raw.githubusercontent.com/kubaivanov/pictures/main/meta/city-2000/monteriggioni--italy--reddit-square.jpg,"['europe','it','history-heritage','religious']"
6395182736,https://raw.githubusercontent.com/kubaivanov/pictures/main/meta/city-2000/dozza--italy--reddit-square.jpg,"['europe','it','history-heritage','art-culture']"
6395182737,https://raw.githubusercontent.com/kubaivanov/pictures/main/meta/city-2000/venice--italy--reddit-square.jpg,"['europe','it','history-heritage','art-culture','well-known']"
6395182738,https://raw.githubusercontent.com/kubaivanov/pictures/main/meta/city-2000/prato--italy--reddit-square.jpg,"['europe','it','history-heritage','art-culture']"
6395182739,https://raw.githubusercontent.com/kubaivanov/pictures/main/meta/city-2000/turin--italy--reddit-square.jpg,"['europe','it','history-heritage','art-culture','well-known']"
6395182741,https://raw.githubusercontent.com/kubaivanov/pictures/main/meta/city-2000/glorenza--italy--reddit-square.jpg,"['europe','it','history-heritage','mountains']"
6395182742,https://raw.githubusercontent.com/kubaivanov/pictures/main/meta/city-2000/asolo--italy--reddit-square.jpg,"['europe','it','history-heritage','art-culture']"
6395182743,https://raw.githubusercontent.com/kubaivanov/pictures/main/meta/city-2000/lanciano--italy--reddit-square.jpg,"['europe','it','history-heritage','religious']"
6395182744,https://raw.githubusercontent.com/kubaivanov/pictures/main/meta/city-2000/taormina--italy--reddit-square.jpg,"['europe','it','history-heritage','art-culture','well-known']"
6395182745,https://raw.githubusercontent.com/kubaivanov/pictures/main/meta/city-2000/lecco--italy--reddit-square.jpg,"['europe','it','lakes-rivers','history-heritage']"
6395182747,https://raw.githubusercontent.com/kubaivanov/pictures/main/meta/city-2000/montepulciano--italy--reddit-square.jpg,"['europe','it','art-culture','food-wine']"
6395182748,https://raw.githubusercontent.com/kubaivanov/pictures/main/meta/city-2000/positano--italy--reddit-square.jpg,"['europe','it','beaches','coastal','well-known']"
6395182750,https://raw.githubusercontent.com/kubaivanov/pictures/main/meta/city-2000/menaggio--italy--reddit-square.jpg,"['europe','it','lakes-rivers','history-heritage']"
6395182751,https://raw.githubusercontent.com/kubaivanov/pictures/main/meta/city-2000/bologna--italy--reddit-square.jpg,"['europe','it','art-culture','food-wine','well-known']"
6395182752,https://raw.githubusercontent.com/kubaivanov/pictures/main/meta/city-2000/salerno--italy--reddit-square.jpg,"['europe','it','coastal','history-heritage']"
6395182754,https://raw.githubusercontent.com/kubaivanov/pictures/main/meta/city-2000/sirmione--italy--reddit-square.jpg,"['europe','it','history-heritage','wellness']"
6395182756,https://raw.githubusercontent.com/kubaivanov/pictures/main/meta/city-2000/treviso--italy--reddit-square.jpg,"['europe','it','art-culture','food-wine']"
6395182757,https://raw.githubusercontent.com/kubaivanov/pictures/main/meta/city-2000/urbino--italy--reddit-square.jpg,"['europe','it','history-heritage','art-culture']"
6395182759,https://raw.githubusercontent.com/kubaivanov/pictures/main/meta/city-2000/dolceaqua--italy--reddit-square.jpg,"['europe','it','history-heritage','food-wine']"
6395182760,https://raw.githubusercontent.com/kubaivanov/pictures/main/meta/city-2000/bergamo--italy--reddit-square.jpg,"['europe','it','history-heritage','art-culture']"
6395182762,https://raw.githubusercontent.com/kubaivanov/pictures/main/meta/city-2000/perugia--italy--reddit-square.jpg,"['europe','it','history-heritage','art-culture']"
6395182763,https://raw.githubusercontent.com/kubaivanov/pictures/main/meta/city-2000/sorrento--italy--reddit-square.jpg,"['europe','it','coastal','food-wine','well-known']"
6395182764,https://raw.githubusercontent.com/kubaivanov/pictures/main/meta/city-2000/syracuse--italy--reddit-square.jpg,"['europe','it','history-heritage','art-culture']"
6395182765,https://raw.githubusercontent.com/kubaivanov/pictures/main/meta/city-2000/bolgheri--italy--reddit-square.jpg,"['europe','it','history-heritage','food-wine']"
6395182767,https://raw.githubusercontent.com/kubaivanov/pictures/main/meta/city-2000/faenza--italy--reddit-square.jpg,"['europe','it','history-heritage','art-culture']"
6395182768,https://raw.githubusercontent.com/kubaivanov/pictures/main/meta/city-2000/arezzo--italy--reddit-square.jpg,"['europe','it','history-heritage','art-culture']"
6395182769,https://raw.githubusercontent.com/kubaivanov/pictures/main/meta/city-2000/orvieto--italy--reddit-square.jpg,"['europe','it','history-heritage','religious']"
6395182770,https://raw.githubusercontent.com/kubaivanov/pictures/main/meta/city-2000/chiavari--italy--reddit-square.jpg,"['europe','it','beaches','history-heritage']"
6395182771,https://raw.githubusercontent.com/kubaivanov/pictures/main/meta/city-2000/trieste--italy--reddit-square.jpg,"['europe','it','art-culture','food-wine']"
6395182772,https://raw.githubusercontent.com/kubaivanov/pictures/main/meta/city-2000/mount-vesuvius--italy--reddit-square.jpg,"['europe','it','nature','adventure','well-known']"
6395182773,https://raw.githubusercontent.com/kubaivanov/pictures/main/meta/city-2000/vasto--italy--reddit-square.jpg,"['europe','it','coastal','history-heritage']"
6395182774,https://raw.githubusercontent.com/kubaivanov/pictures/main/meta/city-2000/locorotondo--italy--reddit-square.jpg,"['europe','it','history-heritage','food-wine']"
6395182775,https://raw.githubusercontent.com/kubaivanov/pictures/main/meta/city-2000/san-gimignano--italy--reddit-square.jpg,"['europe','it','history-heritage','art-culture','well-known']"
6395182778,https://raw.githubusercontent.com/kubaivanov/pictures/main/meta/city-2000/bassano-del-grappa--italy--reddit-square.jpg,"['europe','it','lakes-rivers','art-culture']"
6395182779,https://raw.githubusercontent.com/kubaivanov/pictures/main/meta/city-2000/anghiari--italy--reddit-square.jpg,"['europe','it','history-heritage','food-wine']"
6395182780,https://raw.githubusercontent.com/kubaivanov/pictures/main/meta/city-2000/pacentro--italy--reddit-square.jpg,"['europe','it','history-heritage','religious']"
6395182781,https://raw.githubusercontent.com/kubaivanov/pictures/main/meta/city-2000/saluzzo--italy--reddit-square.jpg,"['europe','it','history-heritage','food-wine']"
6395182782,https://raw.githubusercontent.com/kubaivanov/pictures/main/meta/city-2000/ascoli-piceno--italy--reddit-square.jpg,"['europe','it','lakes-rivers','history-heritage']"
6395182783,https://raw.githubusercontent.com/kubaivanov/pictures/main/meta/city-2000/messina--italy--reddit-square.jpg,"['europe','it','art-culture','food-wine']"
6395182784,https://raw.githubusercontent.com/kubaivanov/pictures/main/meta/city-2000/catania--italy--reddit-square.jpg,"['europe','it','history-heritage','nature']"
6395182785,https://raw.githubusercontent.com/kubaivanov/pictures/main/meta/city-2000/mantua--italy--reddit-square.jpg,"['europe','it','lakes-rivers','art-culture']"
6395182786,https://raw.githubusercontent.com/kubaivanov/pictures/main/meta/city-2000/scicli--italy--reddit-square.jpg,"['europe','it','art-culture','religious']"
6395182787,https://raw.githubusercontent.com/kubaivanov/pictures/main/meta/city-2000/genoa--italy--reddit-square.jpg,"['europe','it','history-heritage','art-culture','well-known']"
6395182788,https://raw.githubusercontent.com/kubaivanov/pictures/main/meta/city-2000/milan--italy--reddit-square.jpg,"['europe','it','history-heritage','art-culture','well-known']"
6395182789,https://raw.githubusercontent.com/kubaivanov/pictures/main/meta/city-2000/pitigliano--italy--reddit-square.jpg,"['europe','it','history-heritage','religious']"
6395182790,https://raw.githubusercontent.com/kubaivanov/pictures/main/meta/city-2000/sansepolcro--italy--reddit-square.jpg,"['europe','it','art-culture','religious']"
6395182791,https://raw.githubusercontent.com/kubaivanov/pictures/main/meta/city-2000/todi--italy--reddit-square.jpg,"['europe','it','history-heritage','religious']"
6395182792,https://raw.githubusercontent.com/kubaivanov/pictures/main/meta/city-2000/gorizia--italy--reddit-square.jpg,"['europe','it','art-culture','mountains']"
6395182793,https://raw.githubusercontent.com/kubaivanov/pictures/main/meta/city-2000/ivrea--italy--reddit-square.jpg,"['europe','it','history-heritage','art-culture']"
6395182795,https://raw.githubusercontent.com/kubaivanov/pictures/main/meta/city-2000/portofino--italy--reddit-square.jpg,"['europe','it','coastal','art-culture','well-known']"
6395182796,https://raw.githubusercontent.com/kubaivanov/pictures/main/meta/city-2000/capalbio--italy--reddit-square.jpg,"['europe','it','coastal','history-heritage']"
6395182799,https://raw.githubusercontent.com/kubaivanov/pictures/main/meta/city-2000/peschici--italy--reddit-square.jpg,"['europe','it','beaches','history-heritage']"
6395182800,https://raw.githubusercontent.com/kubaivanov/pictures/main/meta/city-2000/rome--italy--reddit-square.jpg,"['europe','it','history-heritage','art-culture','well-known']"
6395182801,https://raw.githubusercontent.com/kubaivanov/pictures/main/meta/city-2000/sanremo--italy--reddit-square.jpg,"['europe','it','beaches','art-culture']"
6395182802,https://raw.githubusercontent.com/kubaivanov/pictures/main/meta/city-2000/pisa--italy--reddit-square.jpg,"['europe','it','art-culture','religious','well-known']"
6395182803,https://raw.githubusercontent.com/kubaivanov/pictures/main/meta/city-2000/florence--italy--reddit-square.jpg,"['europe','it','history-heritage','art-culture','well-known']"
6395182804,https://raw.githubusercontent.com/kubaivanov/pictures/main/meta/city-2000/brunico-kronplatz--italy--reddit-square.jpg,"['europe','it','art-culture','mountains']"
6395182805,https://raw.githubusercontent.com/kubaivanov/pictures/main/meta/city-2000/gaeta--italy--reddit-square.jpg,"['europe','it','history-heritage','religious']"
6395182806,https://raw.githubusercontent.com/kubaivanov/pictures/main/meta/city-2000/mandeville--jamaica--reddit-square.jpg,"['north-america','jm']"
6395182807,https://raw.githubusercontent.com/kubaivanov/pictures/main/meta/city-2000/nine-mile--jamaica--reddit-square.jpg,"['north-america','jm','history-heritage','art-culture']"
6395182808,https://raw.githubusercontent.com/kubaivanov/pictures/main/meta/city-2000/port-royal--jamaica--reddit-square.jpg,"['north-america','jm','coastal','history-heritage']"
6395182809,https://raw.githubusercontent.com/kubaivanov/pictures/main/meta/city-2000/moore-town--jamaica--reddit-square.jpg,"['north-america','jm','history-heritage']"
6395182811,https://raw.githubusercontent.com/kubaivanov/pictures/main/meta/city-2000/little-petra--jordan--reddit-square.jpg,"['asia','jo','history-heritage']"
6395182812,https://raw.githubusercontent.com/kubaivanov/pictures/main/meta/city-2000/dana-village--jordan--reddit-square.jpg,"['asia','jo','history-heritage','mountains','nature','adventure']"
6395182813,https://raw.githubusercontent.com/kubaivanov/pictures/main/meta/city-2000/wadi-mujib--jordan--reddit-square.jpg,"['asia','jo','lakes-rivers','mountains','nature','adventure']"
6395182815,https://raw.githubusercontent.com/kubaivanov/pictures/main/meta/city-2000/mount-nebo--jordan--reddit-square.jpg,"['asia','jo','history-heritage','mountains','religious']"
6395182817,https://raw.githubusercontent.com/kubaivanov/pictures/main/meta/city-2000/kerak--jordan--reddit-square.jpg,"['asia','jo','history-heritage']"
6395182818,https://raw.githubusercontent.com/kubaivanov/pictures/main/meta/city-2000/madaba--jordan--reddit-square.jpg,"['asia','jo','history-heritage','art-culture','religious']"
6395182819,https://raw.githubusercontent.com/kubaivanov/pictures/main/meta/city-2000/petra--jordan--reddit-square.jpg,"['asia','jo','history-heritage','well-known']"
6395182820,https://raw.githubusercontent.com/kubaivanov/pictures/main/meta/city-2000/shiraoi--japan--reddit-square.jpg,"['asia','jp','coastal','lakes-rivers','history-heritage','art-culture','food-wine','nature']"
6395182821,https://raw.githubusercontent.com/kubaivanov/pictures/main/meta/city-2000/hiroshima--japan--reddit-square.jpg,"['asia','jp','history-heritage','art-culture','food-wine','well-known']"
6395182823,https://raw.githubusercontent.com/kubaivanov/pictures/main/meta/city-2000/kobe--japan--reddit-square.jpg,"['asia','jp','history-heritage','art-culture','food-wine','well-known']"
6395182824,https://raw.githubusercontent.com/kubaivanov/pictures/main/meta/city-2000/fukuyama--japan--reddit-square.jpg,"['asia','jp','coastal','history-heritage','art-culture','nature']"
6395182825,https://raw.githubusercontent.com/kubaivanov/pictures/main/meta/city-2000/shikotsukoonsen--japan--reddit-square.jpg,"['asia','jp','lakes-rivers','mountains','nature','wellness']"
6395182826,https://raw.githubusercontent.com/kubaivanov/pictures/main/meta/city-2000/shizuoka--japan--reddit-square.jpg,"['asia','jp','coastal','history-heritage','art-culture','food-wine','mountains','nature']"
6395182827,https://raw.githubusercontent.com/kubaivanov/pictures/main/meta/city-2000/hamamatsu--japan--reddit-square.jpg,"['asia','jp','lakes-rivers','history-heritage','art-culture','food-wine','nature']"
6395182828,https://raw.githubusercontent.com/kubaivanov/pictures/main/meta/city-2000/akancho-akankoonsen--japan--reddit-square.jpg,"['asia','jp','lakes-rivers','art-culture','mountains','nature','wellness']"
6395182829,https://raw.githubusercontent.com/kubaivanov/pictures/main/meta/city-2000/kurume--japan--reddit-square.jpg,"['asia','jp','lakes-rivers','art-culture','food-wine','religious']"
6395182830,https://raw.githubusercontent.com/kubaivanov/pictures/main/meta/city-2000/shimonoseki--japan--reddit-square.jpg,"['asia','jp','coastal','history-heritage','food-wine','religious']"
6395182831,https://raw.githubusercontent.com/kubaivanov/pictures/main/meta/city-2000/jozankei-onsen--japan--reddit-square.jpg,"['asia','jp','mountains','nature','wellness']"
6395182832,https://raw.githubusercontent.com/kubaivanov/pictures/main/meta/city-2000/karuizawa--japan--reddit-square.jpg,"['asia','jp','lakes-rivers','mountains','nature','wellness']"
6395182833,https://raw.githubusercontent.com/kubaivanov/pictures/main/meta/city-2000/hakone--japan--reddit-square.jpg,"['asia','jp','lakes-rivers','history-heritage','art-culture','mountains','nature','wellness','religious','well-known']"
6395182834,https://raw.githubusercontent.com/kubaivanov/pictures/main/meta/city-2000/okayama--japan--reddit-square.jpg,"['asia','jp','coastal','history-heritage','nature']"
6395182835,https://raw.githubusercontent.com/kubaivanov/pictures/main/meta/city-2000/yokohama--japan--reddit-square.jpg,"['asia','jp','coastal','history-heritage','art-culture','food-wine','well-known']"
6395182836,https://raw.githubusercontent.com/kubaivanov/pictures/main/meta/city-2000/toyama--japan--reddit-square.jpg,"['asia','jp','coastal','history-heritage','art-culture','food-wine','mountains']"
6395182837,https://raw.githubusercontent.com/kubaivanov/pictures/main/meta/city-2000/onomichi--japan--reddit-square.jpg,"['asia','jp','coastal','history-heritage','art-culture','food-wine','religious','adventure']"
6395182838,https://raw.githubusercontent.com/kubaivanov/pictures/main/meta/city-2000/nara--japan--reddit-square.jpg,"['asia','jp','history-heritage','art-culture','nature','religious','well-known']"
6395182839,https://raw.githubusercontent.com/kubaivanov/pictures/main/meta/city-2000/takamatsu--japan--reddit-square.jpg,"['asia','jp','coastal','islands','history-heritage','art-culture','nature','religious']"
6395182840,https://raw.githubusercontent.com/kubaivanov/pictures/main/meta/city-2000/kitakyushu--japan--reddit-square.jpg,"['asia','jp','coastal','history-heritage','art-culture']"
6395182841,https://raw.githubusercontent.com/kubaivanov/pictures/main/meta/city-2000/beppu--japan--reddit-square.jpg,"['asia','jp','coastal','art-culture','mountains','nature','wellness']"
6395182842,https://raw.githubusercontent.com/kubaivanov/pictures/main/meta/city-2000/osaka--japan--reddit-square.jpg,"['asia','jp','history-heritage','food-wine','well-known']"
6395182843,https://raw.githubusercontent.com/kubaivanov/pictures/main/meta/city-2000/gotemba--japan--reddit-square.jpg,"['asia','jp','lakes-rivers','mountains','nature']"
6395182844,https://raw.githubusercontent.com/kubaivanov/pictures/main/meta/city-2000/nagano--japan--reddit-square.jpg,"['asia','jp','lakes-rivers','history-heritage','mountains','nature','wellness','religious','adventure']"
6395182845,https://raw.githubusercontent.com/kubaivanov/pictures/main/meta/city-2000/matsumoto--japan--reddit-square.jpg,"['asia','jp','history-heritage','art-culture','mountains','nature']"
6395182846,https://raw.githubusercontent.com/kubaivanov/pictures/main/meta/city-2000/lake-kawaguchi--japan--reddit-square.jpg,"['asia','jp','lakes-rivers','art-culture','mountains','nature','wellness','religious','well-known']"
6395182847,https://raw.githubusercontent.com/kubaivanov/pictures/main/meta/city-2000/sendai--japan--reddit-square.jpg,"['asia','jp','history-heritage','art-culture','nature']"
6395182849,https://raw.githubusercontent.com/kubaivanov/pictures/main/meta/city-2000/uji--japan--reddit-square.jpg,"['asia','jp','lakes-rivers','history-heritage','art-culture','food-wine','religious']"
6395182850,https://raw.githubusercontent.com/kubaivanov/pictures/main/meta/city-2000/gifu--japan--reddit-square.jpg,"['asia','jp','lakes-rivers','history-heritage','art-culture','mountains','religious']"
6395182851,https://raw.githubusercontent.com/kubaivanov/pictures/main/meta/city-2000/kamakura--japan--reddit-square.jpg,"['asia','jp','coastal','history-heritage','art-culture','religious','well-known']"
6395182853,https://raw.githubusercontent.com/kubaivanov/pictures/main/meta/city-2000/yufuincho-kawakami--japan--reddit-square.jpg,"['asia','jp','lakes-rivers','art-culture','wellness']"
6395182855,https://raw.githubusercontent.com/kubaivanov/pictures/main/meta/city-2000/fukuoka--japan--reddit-square.jpg,"['asia','jp','coastal','history-heritage','art-culture','food-wine','mountains']"
6395182856,https://raw.githubusercontent.com/kubaivanov/pictures/main/meta/city-2000/himeji--japan--reddit-square.jpg,"['asia','jp','history-heritage','religious','well-known']"
6395182857,https://raw.githubusercontent.com/kubaivanov/pictures/main/meta/city-2000/takayama--japan--reddit-square.jpg,"['asia','jp','history-heritage','art-culture','food-wine','religious']"
6395182858,https://raw.githubusercontent.com/kubaivanov/pictures/main/meta/city-2000/iwakuni--japan--reddit-square.jpg,"['asia','jp','history-heritage','art-culture','food-wine','nature']"
6395182859,https://raw.githubusercontent.com/kubaivanov/pictures/main/meta/city-2000/takasaki--japan--reddit-square.jpg,"['asia','jp','art-culture','mountains','nature','wellness','religious']"
6395182860,https://raw.githubusercontent.com/kubaivanov/pictures/main/meta/city-2000/dazaifu--japan--reddit-square.jpg,"['asia','jp','history-heritage','art-culture','mountains','religious']"
6395182861,https://raw.githubusercontent.com/kubaivanov/pictures/main/meta/city-2000/nakuru--kenya--reddit-square.jpg,"['africa','ke','lakes-rivers','nature']"
6395182862,https://raw.githubusercontent.com/kubaivanov/pictures/main/meta/city-2000/kisumu--kenya--reddit-square.jpg,"['africa','ke','lakes-rivers']"
6395182863,https://raw.githubusercontent.com/kubaivanov/pictures/main/meta/city-2000/kericho--kenya--reddit-square.jpg,"['africa','ke','food-wine','nature']"
6395182864,https://raw.githubusercontent.com/kubaivanov/pictures/main/meta/city-2000/nairobi--kenya--reddit-square.jpg,"['africa','ke','art-culture','nature','well-known']"
6395182865,https://raw.githubusercontent.com/kubaivanov/pictures/main/meta/city-2000/malindi--kenya--reddit-square.jpg,"['africa','ke','beaches','coastal','history-heritage']"
6395182866,https://raw.githubusercontent.com/kubaivanov/pictures/main/meta/city-2000/iten--kenya--reddit-square.jpg,"['africa','ke','mountains','nature','adventure']"
6395182867,https://raw.githubusercontent.com/kubaivanov/pictures/main/meta/city-2000/mombasa--kenya--reddit-square.jpg,"['africa','ke','beaches','coastal','history-heritage']"
6395182868,https://raw.githubusercontent.com/kubaivanov/pictures/main/meta/city-2000/siem-reap--cambodia--reddit-square.jpg,"['asia','kh','history-heritage','art-culture','food-wine','well-known']"
6395182869,https://raw.githubusercontent.com/kubaivanov/pictures/main/meta/city-2000/angkor-wat--cambodia--reddit-square.jpg,"['asia','kh','history-heritage','art-culture','religious','well-known']"
6395182871,https://raw.githubusercontent.com/kubaivanov/pictures/main/meta/city-2000/changwon--south-korea--reddit-square.jpg,"['asia','kr','coastal','nature']"
6395182872,https://raw.githubusercontent.com/kubaivanov/pictures/main/meta/city-2000/ulsan--south-korea--reddit-square.jpg,"['asia','kr','coastal','nature']"
6395182873,https://raw.githubusercontent.com/kubaivanov/pictures/main/meta/city-2000/yangsan--south-korea--reddit-square.jpg,"['asia','kr','mountains','nature','religious']"
6395182874,https://raw.githubusercontent.com/kubaivanov/pictures/main/meta/city-2000/yeongju--south-korea--reddit-square.jpg,"['asia','kr','history-heritage','religious']"
6395182876,https://raw.githubusercontent.com/kubaivanov/pictures/main/meta/city-2000/gwangju--south-korea--reddit-square.jpg,"['asia','kr','history-heritage','art-culture']"
6395182877,https://raw.githubusercontent.com/kubaivanov/pictures/main/meta/city-2000/yeoju--south-korea--reddit-square.jpg,"['asia','kr','history-heritage']"
6395182878,https://raw.githubusercontent.com/kubaivanov/pictures/main/meta/city-2000/daejeon--south-korea--reddit-square.jpg,"['asia','kr','nature']"
6395182879,https://raw.githubusercontent.com/kubaivanov/pictures/main/meta/city-2000/yeosu--south-korea--reddit-square.jpg,"['asia','kr','coastal','islands']"
6395182880,https://raw.githubusercontent.com/kubaivanov/pictures/main/meta/city-2000/yeongwol--south-korea--reddit-square.jpg,"['asia','kr','mountains','nature']"
6395182881,https://raw.githubusercontent.com/kubaivanov/pictures/main/meta/city-2000/asan--south-korea--reddit-square.jpg,"['asia','kr','history-heritage','wellness']"
6395182882,https://raw.githubusercontent.com/kubaivanov/pictures/main/meta/city-2000/wonju--south-korea--reddit-square.jpg,"['asia','kr','mountains','nature']"
6395182883,https://raw.githubusercontent.com/kubaivanov/pictures/main/meta/city-2000/chuncheon--south-korea--reddit-square.jpg,"['asia','kr','lakes-rivers','food-wine','mountains','nature']"
6395182884,https://raw.githubusercontent.com/kubaivanov/pictures/main/meta/city-2000/jeonju--south-korea--reddit-square.jpg,"['asia','kr','history-heritage','art-culture','food-wine']"
6395182885,https://raw.githubusercontent.com/kubaivanov/pictures/main/meta/city-2000/suwon--south-korea--reddit-square.jpg,"['asia','kr','history-heritage','art-culture']"
6395182886,https://raw.githubusercontent.com/kubaivanov/pictures/main/meta/city-2000/cheongju--south-korea--reddit-square.jpg,"['asia','kr','history-heritage','art-culture']"
6395182887,https://raw.githubusercontent.com/kubaivanov/pictures/main/meta/city-2000/jecheon--south-korea--reddit-square.jpg,"['asia','kr','lakes-rivers','mountains','nature']"
6395182888,https://raw.githubusercontent.com/kubaivanov/pictures/main/meta/city-2000/gurye--south-korea--reddit-square.jpg,"['asia','kr','mountains','nature','religious']"
6395182889,https://raw.githubusercontent.com/kubaivanov/pictures/main/meta/city-2000/osan--south-korea--reddit-square.jpg,"['asia','kr']"
6395182890,https://raw.githubusercontent.com/kubaivanov/pictures/main/meta/city-2000/jeongseon--south-korea--reddit-square.jpg,"['asia','kr','mountains','nature','adventure']"
6395182891,https://raw.githubusercontent.com/kubaivanov/pictures/main/meta/city-2000/andong--south-korea--reddit-square.jpg,"['asia','kr','history-heritage','art-culture','food-wine']"
6395182892,https://raw.githubusercontent.com/kubaivanov/pictures/main/meta/city-2000/yongin--south-korea--reddit-square.jpg,"['asia','kr','adventure']"
6395182893,https://raw.githubusercontent.com/kubaivanov/pictures/main/meta/city-2000/pocheon--south-korea--reddit-square.jpg,"['asia','kr','mountains','nature']"
6395182894,https://raw.githubusercontent.com/kubaivanov/pictures/main/meta/city-2000/daegu--south-korea--reddit-square.jpg,"['asia','kr','art-culture','food-wine']"
6395182895,https://raw.githubusercontent.com/kubaivanov/pictures/main/meta/city-2000/sejong--south-korea--reddit-square.jpg,"['asia','kr']"
6395182896,https://raw.githubusercontent.com/kubaivanov/pictures/main/meta/city-2000/gapyeong--south-korea--reddit-square.jpg,"['asia','kr','lakes-rivers','mountains','nature','adventure']"
6395182897,https://raw.githubusercontent.com/kubaivanov/pictures/main/meta/city-2000/seven-miles-beach--cayman-islands--reddit-square.jpg,"['north-america','ky','beaches','coastal','islands']"
6395182898,https://raw.githubusercontent.com/kubaivanov/pictures/main/meta/city-2000/rum-point--cayman-islands--reddit-square.jpg,"['north-america','ky','beaches','coastal','islands']"
6395182900,https://raw.githubusercontent.com/kubaivanov/pictures/main/meta/city-2000/pakse--laos--reddit-square.jpg,"['asia','la','lakes-rivers']"
6395182903,https://raw.githubusercontent.com/kubaivanov/pictures/main/meta/city-2000/vientiane--laos--reddit-square.jpg,"['asia','la','history-heritage','art-culture','religious']"
6395182904,https://raw.githubusercontent.com/kubaivanov/pictures/main/meta/city-2000/luang-prabang--laos--reddit-square.jpg,"['asia','la','lakes-rivers','history-heritage','art-culture','religious','well-known']"
6395182905,https://raw.githubusercontent.com/kubaivanov/pictures/main/meta/city-2000/kuang-si-falls--laos--reddit-square.jpg,"['asia','la','lakes-rivers','nature','adventure']"
6395182906,https://raw.githubusercontent.com/kubaivanov/pictures/main/meta/city-2000/marigot-bay--saint-lucia--reddit-square.jpg,"['north-america','lc','coastal','nature']"
6395182907,https://raw.githubusercontent.com/kubaivanov/pictures/main/meta/city-2000/castries--saint-lucia--reddit-square.jpg,"['north-america','lc','coastal','art-culture']"
6395182908,https://raw.githubusercontent.com/kubaivanov/pictures/main/meta/city-2000/vaduz--liechtenstein--reddit-square.jpg,"['europe','li','history-heritage','art-culture','mountains']"
6395182909,https://raw.githubusercontent.com/kubaivanov/pictures/main/meta/city-2000/polgahawela--sri-lanka--reddit-square.jpg,"['asia','lk']"
6395182910,https://raw.githubusercontent.com/kubaivanov/pictures/main/meta/city-2000/giriulla--sri-lanka--reddit-square.jpg,"['asia','lk']"
6395182911,https://raw.githubusercontent.com/kubaivanov/pictures/main/meta/city-2000/sigiriya--sri-lanka--reddit-square.jpg,"['asia','lk','history-heritage','mountains','nature','well-known']"
6395182912,https://raw.githubusercontent.com/kubaivanov/pictures/main/meta/city-2000/vilnius--lithuania--reddit-square.jpg,"['europe','lt','history-heritage','art-culture','religious','well-known']"
6395182913,https://raw.githubusercontent.com/kubaivanov/pictures/main/meta/city-2000/kaunas--lithuania--reddit-square.jpg,"['europe','lt','history-heritage','art-culture']"
6395182914,https://raw.githubusercontent.com/kubaivanov/pictures/main/meta/city-2000/druskininkai--lithuania--reddit-square.jpg,"['europe','lt','nature','wellness']"
6395182916,https://raw.githubusercontent.com/kubaivanov/pictures/main/meta/city-2000/luxembourg-city--luxembourg--reddit-square.jpg,"['europe','lu','history-heritage','art-culture','well-known']"
6395182919,https://raw.githubusercontent.com/kubaivanov/pictures/main/meta/city-2000/ventspils--latvia--reddit-square.jpg,"['europe','lv','beaches','coastal','art-culture']"
6395182921,https://raw.githubusercontent.com/kubaivanov/pictures/main/meta/city-2000/riga--latvia--reddit-square.jpg,"['europe','lv','lakes-rivers','history-heritage','art-culture','well-known']"
6395182922,https://raw.githubusercontent.com/kubaivanov/pictures/main/meta/city-2000/liepaja--latvia--reddit-square.jpg,"['europe','lv','beaches','coastal','art-culture']"
6395182924,https://raw.githubusercontent.com/kubaivanov/pictures/main/meta/city-2000/casablanca--morocco--reddit-square.jpg,"['africa','ma','coastal','history-heritage','art-culture','well-known']"
6395182925,https://raw.githubusercontent.com/kubaivanov/pictures/main/meta/city-2000/meknes--morocco--reddit-square.jpg,"['africa','ma','history-heritage','art-culture']"
6395182926,https://raw.githubusercontent.com/kubaivanov/pictures/main/meta/city-2000/volubilis--morocco--reddit-square.jpg,"['africa','ma','history-heritage']"
6395182927,https://raw.githubusercontent.com/kubaivanov/pictures/main/meta/city-2000/ouarzazate--morocco--reddit-square.jpg,"['africa','ma','history-heritage','art-culture','nature','adventure']"
6395182928,https://raw.githubusercontent.com/kubaivanov/pictures/main/meta/city-2000/rabat--morocco--reddit-square.jpg,"['africa','ma','coastal','history-heritage','art-culture','well-known']"
6395182929,https://raw.githubusercontent.com/kubaivanov/pictures/main/meta/city-2000/taroudant--morocco--reddit-square.jpg,"['africa','ma','history-heritage','art-culture']"
6395182930,https://raw.githubusercontent.com/kubaivanov/pictures/main/meta/city-2000/moulay-idriss--morocco--reddit-square.jpg,"['africa','ma','history-heritage','religious']"
6395182931,https://raw.githubusercontent.com/kubaivanov/pictures/main/meta/city-2000/asilah--morocco--reddit-square.jpg,"['africa','ma','beaches','coastal','history-heritage','art-culture']"
6395182932,https://raw.githubusercontent.com/kubaivanov/pictures/main/meta/city-2000/ait-benhaddou--morocco--reddit-square.jpg,"['africa','ma','history-heritage','art-culture','well-known']"
6395182933,https://raw.githubusercontent.com/kubaivanov/pictures/main/meta/city-2000/safi--morocco--reddit-square.jpg,"['africa','ma','beaches','coastal','history-heritage','art-culture']"
6395182934,https://raw.githubusercontent.com/kubaivanov/pictures/main/meta/city-2000/chefchaouen--morocco--reddit-square.jpg,"['africa','ma','history-heritage','art-culture','mountains','well-known']"
6395182935,https://raw.githubusercontent.com/kubaivanov/pictures/main/meta/city-2000/sale--morocco--reddit-square.jpg,"['africa','ma','coastal','history-heritage','art-culture']"
6395182936,https://raw.githubusercontent.com/kubaivanov/pictures/main/meta/city-2000/agadir--morocco--reddit-square.jpg,"['africa','ma','beaches','coastal','nature','well-known']"
6395182937,https://raw.githubusercontent.com/kubaivanov/pictures/main/meta/city-2000/fez--morocco--reddit-square.jpg,"['africa','ma','history-heritage','art-culture','food-wine','religious','well-known']"
6395182938,https://raw.githubusercontent.com/kubaivanov/pictures/main/meta/city-2000/essaouira--morocco--reddit-square.jpg,"['africa','ma','beaches','coastal','history-heritage','art-culture','food-wine','well-known']"
6395182939,https://raw.githubusercontent.com/kubaivanov/pictures/main/meta/city-2000/el-jadida--morocco--reddit-square.jpg,"['africa','ma','beaches','coastal','history-heritage']"
6395182940,https://raw.githubusercontent.com/kubaivanov/pictures/main/meta/city-2000/tetouan--morocco--reddit-square.jpg,"['africa','ma','coastal','history-heritage','art-culture']"
6395182941,https://raw.githubusercontent.com/kubaivanov/pictures/main/meta/city-2000/boumalne-dades--morocco--reddit-square.jpg,"['africa','ma','mountains','nature','adventure']"
6395182942,https://raw.githubusercontent.com/kubaivanov/pictures/main/meta/city-2000/monaco--monaco--reddit-square.jpg,"['europe','mc','beaches','coastal','history-heritage','art-culture','well-known']"
6395182943,https://raw.githubusercontent.com/kubaivanov/pictures/main/meta/city-2000/perast--montenegro--reddit-square.jpg,"['europe','me','coastal','history-heritage','art-culture','religious']"
6395182945,https://raw.githubusercontent.com/kubaivanov/pictures/main/meta/city-2000/lovcen--montenegro--reddit-square.jpg,"['europe','me','history-heritage','mountains','nature']"
6395182947,https://raw.githubusercontent.com/kubaivanov/pictures/main/meta/city-2000/herceg-novi--montenegro--reddit-square.jpg,"['europe','me','beaches','coastal','history-heritage','art-culture','wellness']"
6395182948,https://raw.githubusercontent.com/kubaivanov/pictures/main/meta/city-2000/virpazar--montenegro--reddit-square.jpg,"['europe','me','lakes-rivers','nature','adventure']"
6395182949,https://raw.githubusercontent.com/kubaivanov/pictures/main/meta/city-2000/ulcinj--montenegro--reddit-square.jpg,"['europe','me','beaches','coastal','history-heritage']"
6395182951,https://raw.githubusercontent.com/kubaivanov/pictures/main/meta/city-2000/sveti-stefan--montenegro--reddit-square.jpg,"['europe','me','beaches','coastal','history-heritage','well-known']"
6395182953,https://raw.githubusercontent.com/kubaivanov/pictures/main/meta/city-2000/budva--montenegro--reddit-square.jpg,"['europe','me','beaches','coastal','history-heritage','art-culture','well-known']"
6395182954,https://raw.githubusercontent.com/kubaivanov/pictures/main/meta/city-2000/zabljak--montenegro--reddit-square.jpg,"['europe','me','mountains','nature','adventure']"
6395182955,https://raw.githubusercontent.com/kubaivanov/pictures/main/meta/city-2000/tivat--montenegro--reddit-square.jpg,"['europe','me','beaches','coastal']"
6395182956,https://raw.githubusercontent.com/kubaivanov/pictures/main/meta/city-2000/ohrid--north-macedonia--reddit-square.jpg,"['europe','mk','lakes-rivers','history-heritage','art-culture','religious','well-known']"
6395182957,https://raw.githubusercontent.com/kubaivanov/pictures/main/meta/city-2000/heraclea-lyncestis--north-macedonia--reddit-square.jpg,"['europe','mk','history-heritage','art-culture']"
6395182958,https://raw.githubusercontent.com/kubaivanov/pictures/main/meta/city-2000/matka-canyon--north-macedonia--reddit-square.jpg,"['europe','mk','lakes-rivers','mountains','nature','adventure']"
6395182961,https://raw.githubusercontent.com/kubaivanov/pictures/main/meta/city-2000/tetovo--north-macedonia--reddit-square.jpg,"['europe','mk','history-heritage','art-culture','religious']"
6395182965,https://raw.githubusercontent.com/kubaivanov/pictures/main/meta/city-2000/bitola--north-macedonia--reddit-square.jpg,"['europe','mk','history-heritage','art-culture']"
6395182969,https://raw.githubusercontent.com/kubaivanov/pictures/main/meta/city-2000/balzan--malta--reddit-square.jpg,"['europe','mt']"
6395182970,https://raw.githubusercontent.com/kubaivanov/pictures/main/meta/city-2000/valletta--malta--reddit-square.jpg,"['europe','mt','coastal','history-heritage','art-culture','religious','well-known']"
6395182971,https://raw.githubusercontent.com/kubaivanov/pictures/main/meta/city-2000/birgu--malta--reddit-square.jpg,"['europe','mt','coastal','history-heritage','art-culture']"
6395182972,https://raw.githubusercontent.com/kubaivanov/pictures/main/meta/city-2000/mosta--malta--reddit-square.jpg,"['europe','mt','history-heritage','art-culture','religious']"
6395182973,https://raw.githubusercontent.com/kubaivanov/pictures/main/meta/city-2000/cospicua--malta--reddit-square.jpg,"['europe','mt','coastal','history-heritage']"
6395182974,https://raw.githubusercontent.com/kubaivanov/pictures/main/meta/city-2000/pembroke--malta--reddit-square.jpg,"['europe','mt','coastal']"
6395182975,https://raw.githubusercontent.com/kubaivanov/pictures/main/meta/city-2000/mdina--malta--reddit-square.jpg,"['europe','mt','history-heritage','art-culture','religious','well-known']"
6395182976,https://raw.githubusercontent.com/kubaivanov/pictures/main/meta/city-2000/dingli--malta--reddit-square.jpg,"['europe','mt','coastal','nature']"
6395182977,https://raw.githubusercontent.com/kubaivanov/pictures/main/meta/city-2000/marsaxlokk--malta--reddit-square.jpg,"['europe','mt','coastal','food-wine']"
6395182978,https://raw.githubusercontent.com/kubaivanov/pictures/main/meta/city-2000/rabat--malta--reddit-square.jpg,"['europe','mt','history-heritage','art-culture','religious']"
6395182979,https://raw.githubusercontent.com/kubaivanov/pictures/main/meta/city-2000/senglea--malta--reddit-square.jpg,"['europe','mt','coastal','history-heritage']"
6395182980,https://raw.githubusercontent.com/kubaivanov/pictures/main/meta/city-2000/black-river-gorges-national-park--mauritius--reddit-square.jpg,"['africa','mu','mountains','nature','adventure']"
6395182981,https://raw.githubusercontent.com/kubaivanov/pictures/main/meta/city-2000/curepipe--mauritius--reddit-square.jpg,"['africa','mu']"
6395182982,https://raw.githubusercontent.com/kubaivanov/pictures/main/meta/city-2000/port-louis--mauritius--reddit-square.jpg,"['africa','mu','coastal','history-heritage','art-culture','food-wine']"
6395182983,https://raw.githubusercontent.com/kubaivanov/pictures/main/meta/city-2000/mahebourg--mauritius--reddit-square.jpg,"['africa','mu','beaches','coastal','history-heritage']"
6395182984,https://raw.githubusercontent.com/kubaivanov/pictures/main/meta/city-2000/souillac--mauritius--reddit-square.jpg,"['africa','mu','coastal','nature']"
6395182985,https://raw.githubusercontent.com/kubaivanov/pictures/main/meta/city-2000/grand-baie--mauritius--reddit-square.jpg,"['africa','mu','beaches','coastal']"
6395182986,https://raw.githubusercontent.com/kubaivanov/pictures/main/meta/city-2000/quatre-bornes--mauritius--reddit-square.jpg,"['africa','mu']"
6395182987,https://raw.githubusercontent.com/kubaivanov/pictures/main/meta/city-2000/ajijic--mexico--reddit-square.jpg,"['north-america','mx','lakes-rivers','art-culture','food-wine']"
6395182989,https://raw.githubusercontent.com/kubaivanov/pictures/main/meta/city-2000/tzintzuntzan--mexico--reddit-square.jpg,"['north-america','mx','lakes-rivers','history-heritage','religious']"
6395182990,https://raw.githubusercontent.com/kubaivanov/pictures/main/meta/city-2000/bacalar--mexico--reddit-square.jpg,"['north-america','mx','lakes-rivers','history-heritage','adventure']"
6395182992,https://raw.githubusercontent.com/kubaivanov/pictures/main/meta/city-2000/mexiquillo-natural-park--mexico--reddit-square.jpg,"['north-america','mx','beaches','coastal','food-wine','nature']"
6395182993,https://raw.githubusercontent.com/kubaivanov/pictures/main/meta/city-2000/leon--mexico--reddit-square.jpg,"['north-america','mx','history-heritage','religious']"
6395182994,https://raw.githubusercontent.com/kubaivanov/pictures/main/meta/city-2000/zacatlan--mexico--reddit-square.jpg,"['north-america','mx','history-heritage','food-wine']"
6395182995,https://raw.githubusercontent.com/kubaivanov/pictures/main/meta/city-2000/comitan--mexico--reddit-square.jpg,"['north-america','mx','history-heritage','religious']"
6395182997,https://raw.githubusercontent.com/kubaivanov/pictures/main/meta/city-2000/ciudad-obregon--mexico--reddit-square.jpg,"['north-america','mx','art-culture']"
6395182998,https://raw.githubusercontent.com/kubaivanov/pictures/main/meta/city-2000/mocorito--mexico--reddit-square.jpg,"['north-america','mx','art-culture','food-wine']"
6395182999,https://raw.githubusercontent.com/kubaivanov/pictures/main/meta/city-2000/mascota--mexico--reddit-square.jpg,"['north-america','mx','lakes-rivers','history-heritage','mountains']"
6395183001,https://raw.githubusercontent.com/kubaivanov/pictures/main/meta/city-2000/bernal--mexico--reddit-square.jpg,"['north-america','mx','history-heritage','food-wine','mountains','adventure']"
6395183005,https://raw.githubusercontent.com/kubaivanov/pictures/main/meta/city-2000/ciudad-victoria--mexico--reddit-square.jpg,"['north-america','mx','art-culture','food-wine']"
6395183007,https://raw.githubusercontent.com/kubaivanov/pictures/main/meta/city-2000/morelia--mexico--reddit-square.jpg,"['north-america','mx','history-heritage','art-culture','religious']"
6395183008,https://raw.githubusercontent.com/kubaivanov/pictures/main/meta/city-2000/lagos-de-moreno--mexico--reddit-square.jpg,"['north-america','mx','history-heritage','art-culture']"
6395183009,https://raw.githubusercontent.com/kubaivanov/pictures/main/meta/city-2000/san-luis-potosi--mexico--reddit-square.jpg,"['north-america','mx','history-heritage','art-culture','nature','adventure']"
6395183011,https://raw.githubusercontent.com/kubaivanov/pictures/main/meta/city-2000/guadalajara--mexico--reddit-square.jpg,"['north-america','mx','history-heritage','art-culture','food-wine','religious','well-known']"
6395183013,https://raw.githubusercontent.com/kubaivanov/pictures/main/meta/city-2000/finca-sala-vive--mexico--reddit-square.jpg,"['north-america','mx','food-wine']"
6395183016,https://raw.githubusercontent.com/kubaivanov/pictures/main/meta/city-2000/huajuapan--mexico--reddit-square.jpg,"['north-america','mx','history-heritage','religious']"
6395183018,https://raw.githubusercontent.com/kubaivanov/pictures/main/meta/city-2000/san-jose-de-gracia--mexico--reddit-square.jpg,"['north-america','mx','lakes-rivers','history-heritage','food-wine','religious','adventure']"
6395183019,https://raw.githubusercontent.com/kubaivanov/pictures/main/meta/city-2000/muyil--mexico--reddit-square.jpg,"['north-america','mx','lakes-rivers','history-heritage','nature']"
6395183020,https://raw.githubusercontent.com/kubaivanov/pictures/main/meta/city-2000/cosala--mexico--reddit-square.jpg,"['north-america','mx','history-heritage','food-wine','mountains','religious']"
6395183021,https://raw.githubusercontent.com/kubaivanov/pictures/main/meta/city-2000/tepic--mexico--reddit-square.jpg,"['north-america','mx','art-culture','food-wine','religious']"
6395183023,https://raw.githubusercontent.com/kubaivanov/pictures/main/meta/city-2000/huamantla--mexico--reddit-square.jpg,"['north-america','mx','history-heritage','art-culture']"
6395183024,https://raw.githubusercontent.com/kubaivanov/pictures/main/meta/city-2000/zacapoaxtla--mexico--reddit-square.jpg,"['north-america','mx','history-heritage','nature','religious']"
6395183027,https://raw.githubusercontent.com/kubaivanov/pictures/main/meta/city-2000/santiago-de-queretaro--mexico--reddit-square.jpg,"['north-america','mx','history-heritage','food-wine']"
6395183029,https://raw.githubusercontent.com/kubaivanov/pictures/main/meta/city-2000/vive-mar-turtle-camp--mexico--reddit-square.jpg,"['north-america','mx','beaches','coastal','nature']"
6395183031,https://raw.githubusercontent.com/kubaivanov/pictures/main/meta/city-2000/casas-grandes--mexico--reddit-square.jpg,"['north-america','mx','history-heritage']"
6395183032,https://raw.githubusercontent.com/kubaivanov/pictures/main/meta/city-2000/mazatlan--mexico--reddit-square.jpg,"['north-america','mx','beaches','coastal','art-culture','food-wine','well-known']"
6395183033,https://raw.githubusercontent.com/kubaivanov/pictures/main/meta/city-2000/puerto-vallarta--mexico--reddit-square.jpg,"['north-america','mx','beaches','coastal','art-culture','religious','adventure','well-known']"
6395183036,https://raw.githubusercontent.com/kubaivanov/pictures/main/meta/city-2000/toluca--mexico--reddit-square.jpg,"['north-america','mx','art-culture','food-wine','religious']"
6395183038,https://raw.githubusercontent.com/kubaivanov/pictures/main/meta/city-2000/la-noria-de-san-antonio--mexico--reddit-square.jpg,"['north-america','mx','history-heritage','food-wine','mountains','religious']"
6395183039,https://raw.githubusercontent.com/kubaivanov/pictures/main/meta/city-2000/zacatecas--mexico--reddit-square.jpg,"['north-america','mx','history-heritage','art-culture','religious']"
6395183041,https://raw.githubusercontent.com/kubaivanov/pictures/main/meta/city-2000/jardines-de-mexico--mexico--reddit-square.jpg,"['north-america','mx','art-culture','nature']"
6395183044,https://raw.githubusercontent.com/kubaivanov/pictures/main/meta/city-2000/el-rosario--mexico--reddit-square.jpg,"['north-america','mx','history-heritage','art-culture','food-wine','religious']"
6395183045,https://raw.githubusercontent.com/kubaivanov/pictures/main/meta/city-2000/campo-real-vinicola--mexico--reddit-square.jpg,"['north-america','mx','food-wine']"
6395183047,https://raw.githubusercontent.com/kubaivanov/pictures/main/meta/city-2000/desierto-de-los-leones--mexico--reddit-square.jpg,"['north-america','mx','history-heritage','nature']"
6395183049,https://raw.githubusercontent.com/kubaivanov/pictures/main/meta/city-2000/izamal--mexico--reddit-square.jpg,"['north-america','mx','history-heritage','religious']"
6395183051,https://raw.githubusercontent.com/kubaivanov/pictures/main/meta/city-2000/manzanillo--mexico--reddit-square.jpg,"['north-america','mx','beaches','coastal','food-wine','nature','adventure']"
6395183054,https://raw.githubusercontent.com/kubaivanov/pictures/main/meta/city-2000/valle-de-bravo--mexico--reddit-square.jpg,"['north-america','mx','lakes-rivers','history-heritage','food-wine','mountains','religious']"
6395183055,https://raw.githubusercontent.com/kubaivanov/pictures/main/meta/city-2000/cordoba--mexico--reddit-square.jpg,"['north-america','mx','history-heritage','art-culture','food-wine']"
6395183056,https://raw.githubusercontent.com/kubaivanov/pictures/main/meta/city-2000/creel--mexico--reddit-square.jpg,"['north-america','mx','lakes-rivers','mountains','nature','wellness']"
6395183057,https://raw.githubusercontent.com/kubaivanov/pictures/main/meta/city-2000/copala--mexico--reddit-square.jpg,"['north-america','mx','history-heritage','religious']"
6395183067,https://raw.githubusercontent.com/kubaivanov/pictures/main/meta/city-2000/cenotes-kin-ha--mexico--reddit-square.jpg,"['north-america','mx','lakes-rivers','nature','adventure']"
6395183072,https://raw.githubusercontent.com/kubaivanov/pictures/main/meta/city-2000/castillo-de-teayo--mexico--reddit-square.jpg,"['north-america','mx','history-heritage','art-culture']"
6395183075,https://raw.githubusercontent.com/kubaivanov/pictures/main/meta/city-2000/comalcalco--mexico--reddit-square.jpg,"['north-america','mx','history-heritage','art-culture']"
6395183077,https://raw.githubusercontent.com/kubaivanov/pictures/main/meta/city-2000/destileria-la-rojena--mexico--reddit-square.jpg,"['north-america','mx','history-heritage','food-wine']"
6395183078,https://raw.githubusercontent.com/kubaivanov/pictures/main/meta/city-2000/salamanca--mexico--reddit-square.jpg,"['north-america','mx','food-wine']"
6395183079,https://raw.githubusercontent.com/kubaivanov/pictures/main/meta/city-2000/la-pesca--mexico--reddit-square.jpg,"['north-america','mx','beaches','coastal','lakes-rivers','food-wine','nature']"
6395183084,https://raw.githubusercontent.com/kubaivanov/pictures/main/meta/city-2000/colima--mexico--reddit-square.jpg,"['north-america','mx','history-heritage','food-wine']"
6395183086,https://raw.githubusercontent.com/kubaivanov/pictures/main/meta/city-2000/cuernavaca--mexico--reddit-square.jpg,"['north-america','mx','history-heritage','nature','religious']"
6395183087,https://raw.githubusercontent.com/kubaivanov/pictures/main/meta/city-2000/heroica-veracruz--mexico--reddit-square.jpg,"['north-america','mx','coastal','history-heritage','art-culture','food-wine']"
6395183091,https://raw.githubusercontent.com/kubaivanov/pictures/main/meta/city-2000/cuetzalan--mexico--reddit-square.jpg,"['north-america','mx','history-heritage','art-culture','nature','religious']"
6395183093,https://raw.githubusercontent.com/kubaivanov/pictures/main/meta/city-2000/tlacotalpan--mexico--reddit-square.jpg,"['north-america','mx','lakes-rivers','history-heritage','art-culture']"
6395183095,https://raw.githubusercontent.com/kubaivanov/pictures/main/meta/city-2000/merida--mexico--reddit-square.jpg,"['north-america','mx','history-heritage','art-culture','food-wine','well-known']"
6395183097,https://raw.githubusercontent.com/kubaivanov/pictures/main/meta/city-2000/cenote-las-mojarras--mexico--reddit-square.jpg,"['north-america','mx','lakes-rivers','nature','adventure']"
6395183100,https://raw.githubusercontent.com/kubaivanov/pictures/main/meta/city-2000/guanajuato--mexico--reddit-square.jpg,"['north-america','mx','history-heritage','art-culture','religious','well-known']"
6395183101,https://raw.githubusercontent.com/kubaivanov/pictures/main/meta/city-2000/santiago--mexico--reddit-square.jpg,"['north-america','mx','lakes-rivers','history-heritage','art-culture','food-wine','mountains','religious']"
6395183102,https://raw.githubusercontent.com/kubaivanov/pictures/main/meta/city-2000/san-cristobal--mexico--reddit-square.jpg,"['north-america','mx','history-heritage','art-culture','food-wine','religious']"
6395183104,https://raw.githubusercontent.com/kubaivanov/pictures/main/meta/city-2000/magdalena-de-kino--mexico--reddit-square.jpg,"['north-america','mx','history-heritage','art-culture','religious']"
6395183105,https://raw.githubusercontent.com/kubaivanov/pictures/main/meta/city-2000/tepatitlan-de-morelos--mexico--reddit-square.jpg,"['north-america','mx','history-heritage','art-culture','food-wine','religious']"
6395183107,https://raw.githubusercontent.com/kubaivanov/pictures/main/meta/city-2000/atlatlahucan--mexico--reddit-square.jpg,"['north-america','mx','history-heritage','religious']"
6395183110,https://raw.githubusercontent.com/kubaivanov/pictures/main/meta/city-2000/yagul--mexico--reddit-square.jpg,"['north-america','mx','history-heritage','mountains','adventure']"
6395183111,https://raw.githubusercontent.com/kubaivanov/pictures/main/meta/city-2000/mitla--mexico--reddit-square.jpg,"['north-america','mx','history-heritage','food-wine']"
6395183116,https://raw.githubusercontent.com/kubaivanov/pictures/main/meta/city-2000/la-escondida--mexico--reddit-square.jpg,"['north-america','mx','food-wine','nature']"
6395183118,https://raw.githubusercontent.com/kubaivanov/pictures/main/meta/city-2000/camecuaro-lake--mexico--reddit-square.jpg,"['north-america','mx','lakes-rivers','nature']"
6395183120,https://raw.githubusercontent.com/kubaivanov/pictures/main/meta/city-2000/ex-convento-de-tecali--mexico--reddit-square.jpg,"['north-america','mx','history-heritage','religious']"
6395183121,https://raw.githubusercontent.com/kubaivanov/pictures/main/meta/city-2000/cenote-chaak-tun--mexico--reddit-square.jpg,"['north-america','mx','lakes-rivers','nature','adventure']"
6395183122,https://raw.githubusercontent.com/kubaivanov/pictures/main/meta/city-2000/san-carlos-nuevo-guaymas--mexico--reddit-square.jpg,"['north-america','mx','beaches','coastal','food-wine','adventure']"
6395183126,https://raw.githubusercontent.com/kubaivanov/pictures/main/meta/city-2000/calakmul--mexico--reddit-square.jpg,"['north-america','mx','history-heritage','nature','adventure']"
6395183128,https://raw.githubusercontent.com/kubaivanov/pictures/main/meta/city-2000/cananea--mexico--reddit-square.jpg,"['north-america','mx','history-heritage','nature']"
6395183130,https://raw.githubusercontent.com/kubaivanov/pictures/main/meta/city-2000/bustamante--mexico--reddit-square.jpg,"['north-america','mx','lakes-rivers','food-wine','nature']"
6395183131,https://raw.githubusercontent.com/kubaivanov/pictures/main/meta/city-2000/mexican-turtle-center--mexico--reddit-square.jpg,"['north-america','mx','beaches','coastal','nature']"
6395183132,https://raw.githubusercontent.com/kubaivanov/pictures/main/meta/city-2000/bellavista--mexico--reddit-square.jpg,"['north-america','mx','history-heritage']"
6395183136,https://raw.githubusercontent.com/kubaivanov/pictures/main/meta/city-2000/bucerias--mexico--reddit-square.jpg,"['north-america','mx','beaches','coastal','art-culture','food-wine']"
6395183139,https://raw.githubusercontent.com/kubaivanov/pictures/main/meta/city-2000/chiapa-de-corzo--mexico--reddit-square.jpg,"['north-america','mx','history-heritage','art-culture']"
6395183141,https://raw.githubusercontent.com/kubaivanov/pictures/main/meta/city-2000/angangueo--mexico--reddit-square.jpg,"['north-america','mx','history-heritage','nature','religious']"
6395183143,https://raw.githubusercontent.com/kubaivanov/pictures/main/meta/city-2000/ciudad-del-carmen--mexico--reddit-square.jpg,"['north-america','mx','beaches','coastal','islands','history-heritage','food-wine']"
6395183144,https://raw.githubusercontent.com/kubaivanov/pictures/main/meta/city-2000/cenote-hubiku--mexico--reddit-square.jpg,"['north-america','mx','lakes-rivers','nature']"
6395183145,https://raw.githubusercontent.com/kubaivanov/pictures/main/meta/city-2000/xilitla--mexico--reddit-square.jpg,"['north-america','mx','art-culture','mountains','nature']"
6395183149,https://raw.githubusercontent.com/kubaivanov/pictures/main/meta/city-2000/ciudad-tula--mexico--reddit-square.jpg,"['north-america','mx','history-heritage','art-culture','food-wine']"
6395183151,https://raw.githubusercontent.com/kubaivanov/pictures/main/meta/city-2000/zamora--mexico--reddit-square.jpg,"['north-america','mx','history-heritage','food-wine','religious']"
6395183154,https://raw.githubusercontent.com/kubaivanov/pictures/main/meta/city-2000/alamos--mexico--reddit-square.jpg,"['north-america','mx','history-heritage','art-culture','religious']"
6395183155,https://raw.githubusercontent.com/kubaivanov/pictures/main/meta/city-2000/aguascalientes--mexico--reddit-square.jpg,"['north-america','mx','history-heritage','art-culture']"
6395183157,https://raw.githubusercontent.com/kubaivanov/pictures/main/meta/city-2000/playa-del-carmen--mexico--reddit-square.jpg,"['north-america','mx','beaches','coastal','food-wine','nature','adventure','well-known']"
6395183158,https://raw.githubusercontent.com/kubaivanov/pictures/main/meta/city-2000/culiacan--mexico--reddit-square.jpg,"['north-america','mx','lakes-rivers','art-culture','nature']"
6395183160,https://raw.githubusercontent.com/kubaivanov/pictures/main/meta/city-2000/hierve-el-agua--mexico--reddit-square.jpg,"['north-america','mx','lakes-rivers','nature']"
6395183163,https://raw.githubusercontent.com/kubaivanov/pictures/main/meta/city-2000/parras-de-la-fuente--mexico--reddit-square.jpg,"['north-america','mx','history-heritage','food-wine']"
6395183164,https://raw.githubusercontent.com/kubaivanov/pictures/main/meta/city-2000/orizaba--mexico--reddit-square.jpg,"['north-america','mx','lakes-rivers','history-heritage','art-culture','mountains']"
6395183165,https://raw.githubusercontent.com/kubaivanov/pictures/main/meta/city-2000/xalapa--mexico--reddit-square.jpg,"['north-america','mx','art-culture','food-wine','nature']"
6395183167,https://raw.githubusercontent.com/kubaivanov/pictures/main/meta/city-2000/cancun--mexico--reddit-square.jpg,"['north-america','mx','beaches','coastal','islands','lakes-rivers','art-culture','nature','adventure','well-known']"
6395183168,https://raw.githubusercontent.com/kubaivanov/pictures/main/meta/city-2000/el-quelite--mexico--reddit-square.jpg,"['north-america','mx','history-heritage','art-culture','religious']"
6395183169,https://raw.githubusercontent.com/kubaivanov/pictures/main/meta/city-2000/taxco--mexico--reddit-square.jpg,"['north-america','mx','history-heritage','art-culture','religious']"
6395183171,https://raw.githubusercontent.com/kubaivanov/pictures/main/meta/city-2000/huasca-de-ocampo--mexico--reddit-square.jpg,"['north-america','mx','history-heritage','nature']"
6395183175,https://raw.githubusercontent.com/kubaivanov/pictures/main/meta/city-2000/puebla--mexico--reddit-square.jpg,"['north-america','mx','history-heritage','art-culture','food-wine','religious','well-known']"
6395183177,https://raw.githubusercontent.com/kubaivanov/pictures/main/meta/city-2000/cenote-yokdzonot--mexico--reddit-square.jpg,"['north-america','mx','lakes-rivers','nature']"
6395183178,https://raw.githubusercontent.com/kubaivanov/pictures/main/meta/city-2000/two-eyes-cenote--mexico--reddit-square.jpg,"['north-america','mx','lakes-rivers','nature','adventure']"
6395183180,https://raw.githubusercontent.com/kubaivanov/pictures/main/meta/city-2000/tehuacan--mexico--reddit-square.jpg,"['north-america','mx','history-heritage','art-culture','nature']"
6395183181,https://raw.githubusercontent.com/kubaivanov/pictures/main/meta/city-2000/coatepec--mexico--reddit-square.jpg,"['north-america','mx','history-heritage','art-culture','food-wine']"
6395183184,https://raw.githubusercontent.com/kubaivanov/pictures/main/meta/city-2000/cascada-de-la-tzararacua--mexico--reddit-square.jpg,"['north-america','mx','lakes-rivers','mountains','nature','adventure']"
6395183185,https://raw.githubusercontent.com/kubaivanov/pictures/main/meta/city-2000/patzcuaro--mexico--reddit-square.jpg,"['north-america','mx','lakes-rivers','history-heritage','art-culture','food-wine']"
6395183186,https://raw.githubusercontent.com/kubaivanov/pictures/main/meta/city-2000/hacienda-panoaya--mexico--reddit-square.jpg,"['north-america','mx','history-heritage','art-culture','nature']"
6395183187,https://raw.githubusercontent.com/kubaivanov/pictures/main/meta/city-2000/chignahuapan--mexico--reddit-square.jpg,"['north-america','mx','lakes-rivers','nature','wellness']"
6395183188,https://raw.githubusercontent.com/kubaivanov/pictures/main/meta/city-2000/navojoa--mexico--reddit-square.jpg,"['north-america','mx','history-heritage','art-culture','food-wine']"
6395183189,https://raw.githubusercontent.com/kubaivanov/pictures/main/meta/city-2000/san-miguel-de-allende--mexico--reddit-square.jpg,"['north-america','mx','history-heritage','art-culture','religious','well-known']"
6395183190,https://raw.githubusercontent.com/kubaivanov/pictures/main/meta/city-2000/tequisquiapan--mexico--reddit-square.jpg,"['north-america','mx','lakes-rivers','history-heritage','food-wine','wellness']"
6395183196,https://raw.githubusercontent.com/kubaivanov/pictures/main/meta/city-2000/saltillo--mexico--reddit-square.jpg,"['north-america','mx','history-heritage','art-culture','food-wine']"
6395183197,https://raw.githubusercontent.com/kubaivanov/pictures/main/meta/city-2000/atlixco--mexico--reddit-square.jpg,"['north-america','mx','food-wine','mountains','nature','religious']"
6395183449,https://raw.githubusercontent.com/kubaivanov/pictures/main/meta/city-2000/valladolid--mexico--reddit-square.jpg,"['north-america','mx','history-heritage','art-culture','religious']"
6395183450,https://raw.githubusercontent.com/kubaivanov/pictures/main/meta/city-2000/tepoztlan--mexico--reddit-square.jpg,"['north-america','mx','history-heritage','mountains','nature','adventure']"
6395183456,https://raw.githubusercontent.com/kubaivanov/pictures/main/meta/city-2000/tulum--mexico--reddit-square.jpg,"['north-america','mx','beaches','coastal','history-heritage','food-wine','nature','well-known']"
6395183459,https://raw.githubusercontent.com/kubaivanov/pictures/main/meta/city-2000/ixmiquilpan--mexico--reddit-square.jpg,"['north-america','mx','history-heritage','art-culture','religious']"
6395183462,https://raw.githubusercontent.com/kubaivanov/pictures/main/meta/city-2000/boca-de-tunel-adventure-park--mexico--reddit-square.jpg,"['north-america','mx','lakes-rivers','mountains','nature','adventure']"
6395183463,https://raw.githubusercontent.com/kubaivanov/pictures/main/meta/city-2000/linares--mexico--reddit-square.jpg,"['north-america','mx','history-heritage','art-culture','food-wine']"
6395183464,https://raw.githubusercontent.com/kubaivanov/pictures/main/meta/city-2000/oaxaca-de-juarez--mexico--reddit-square.jpg,"['north-america','mx','history-heritage','art-culture','food-wine','religious','well-known']"
6395183465,https://raw.githubusercontent.com/kubaivanov/pictures/main/meta/city-2000/chikin-ha--mexico--reddit-square.jpg,"['north-america','mx','lakes-rivers','nature','adventure']"
6395183466,https://raw.githubusercontent.com/kubaivanov/pictures/main/meta/city-2000/puerto-penasco--mexico--reddit-square.jpg,"['north-america','mx','beaches','coastal','art-culture','nature','adventure']"
6395183472,https://raw.githubusercontent.com/kubaivanov/pictures/main/meta/city-2000/ciudad-guzman--mexico--reddit-square.jpg,"['north-america','mx','food-wine','mountains','religious']"
6395183473,https://raw.githubusercontent.com/kubaivanov/pictures/main/meta/city-2000/torreon--mexico--reddit-square.jpg,"['north-america','mx','art-culture','mountains','religious']"
6395183476,https://raw.githubusercontent.com/kubaivanov/pictures/main/meta/city-2000/ranau--malaysia--reddit-square.jpg,"['asia','my','mountains','nature','adventure']"
6395183477,https://raw.githubusercontent.com/kubaivanov/pictures/main/meta/city-2000/kota-kinabalu--malaysia--reddit-square.jpg,"['asia','my','beaches','coastal','islands','mountains','nature','adventure']"
6395183478,https://raw.githubusercontent.com/kubaivanov/pictures/main/meta/city-2000/lawas--malaysia--reddit-square.jpg,"['asia','my','nature']"
6395183479,https://raw.githubusercontent.com/kubaivanov/pictures/main/meta/city-2000/sibu--malaysia--reddit-square.jpg,"['asia','my','lakes-rivers','art-culture']"
6395183480,https://raw.githubusercontent.com/kubaivanov/pictures/main/meta/city-2000/malacca--malaysia--reddit-square.jpg,"['asia','my','coastal','history-heritage','art-culture','food-wine','well-known']"
6395183481,https://raw.githubusercontent.com/kubaivanov/pictures/main/meta/city-2000/tenom--malaysia--reddit-square.jpg,"['asia','my','nature']"
6395183482,https://raw.githubusercontent.com/kubaivanov/pictures/main/meta/city-2000/batu-caves--malaysia--reddit-square.jpg,"['asia','my','history-heritage','art-culture','religious','well-known']"
6395183483,https://raw.githubusercontent.com/kubaivanov/pictures/main/meta/city-2000/kuantan--malaysia--reddit-square.jpg,"['asia','my','beaches','coastal','nature']"
6395183484,https://raw.githubusercontent.com/kubaivanov/pictures/main/meta/city-2000/bintulu--malaysia--reddit-square.jpg,"['asia','my','coastal','nature']"
6395183485,https://raw.githubusercontent.com/kubaivanov/pictures/main/meta/city-2000/kuala-lumpur--malaysia--reddit-square.jpg,"['asia','my','art-culture','food-wine','well-known']"
6395183486,https://raw.githubusercontent.com/kubaivanov/pictures/main/meta/city-2000/miri--malaysia--reddit-square.jpg,"['asia','my','coastal','nature']"
6395183487,https://raw.githubusercontent.com/kubaivanov/pictures/main/meta/city-2000/johor-bahru--malaysia--reddit-square.jpg,"['asia','my','art-culture','food-wine']"
6395183488,https://raw.githubusercontent.com/kubaivanov/pictures/main/meta/city-2000/kundasang--malaysia--reddit-square.jpg,"['asia','my','mountains','nature']"
6395183489,https://raw.githubusercontent.com/kubaivanov/pictures/main/meta/city-2000/granada--nicaragua--reddit-square.jpg,"['north-america','ni','lakes-rivers','history-heritage','art-culture','well-known']"
6395183490,https://raw.githubusercontent.com/kubaivanov/pictures/main/meta/city-2000/masaya-volcano--nicaragua--reddit-square.jpg,"['north-america','ni','mountains','nature','adventure','well-known']"
6395183491,https://raw.githubusercontent.com/kubaivanov/pictures/main/meta/city-2000/leon--nicaragua--reddit-square.jpg,"['north-america','ni','history-heritage','art-culture','religious']"
6395183492,https://raw.githubusercontent.com/kubaivanov/pictures/main/meta/city-2000/chinandega--nicaragua--reddit-square.jpg,"['north-america','ni']"
6395183493,https://raw.githubusercontent.com/kubaivanov/pictures/main/meta/city-2000/matagalpa--nicaragua--reddit-square.jpg,"['north-america','ni','food-wine','mountains','nature']"
6395183494,https://raw.githubusercontent.com/kubaivanov/pictures/main/meta/city-2000/nijmegen--netherlands--reddit-square.jpg,"['europe','nl','history-heritage','art-culture']"
6395183495,https://raw.githubusercontent.com/kubaivanov/pictures/main/meta/city-2000/leiden--netherlands--reddit-square.jpg,"['europe','nl','history-heritage','art-culture']"
6395183496,https://raw.githubusercontent.com/kubaivanov/pictures/main/meta/city-2000/venlo--netherlands--reddit-square.jpg,"['europe','nl','history-heritage','art-culture']"
6395183497,https://raw.githubusercontent.com/kubaivanov/pictures/main/meta/city-2000/gouda--netherlands--reddit-square.jpg,"['europe','nl','history-heritage','art-culture','food-wine']"
6395183499,https://raw.githubusercontent.com/kubaivanov/pictures/main/meta/city-2000/kinderdijk--netherlands--reddit-square.jpg,"['europe','nl','lakes-rivers','history-heritage','nature','well-known']"
6395183500,https://raw.githubusercontent.com/kubaivanov/pictures/main/meta/city-2000/creil--netherlands--reddit-square.jpg,"['europe','nl']"
6395183501,https://raw.githubusercontent.com/kubaivanov/pictures/main/meta/city-2000/amersfoort--netherlands--reddit-square.jpg,"['europe','nl','history-heritage','art-culture']"
6395183503,https://raw.githubusercontent.com/kubaivanov/pictures/main/meta/city-2000/amsterdam--netherlands--reddit-square.jpg,"['europe','nl','lakes-rivers','history-heritage','art-culture','food-wine','well-known']"
6395183504,https://raw.githubusercontent.com/kubaivanov/pictures/main/meta/city-2000/groningen--netherlands--reddit-square.jpg,"['europe','nl','history-heritage','art-culture']"
6395183505,https://raw.githubusercontent.com/kubaivanov/pictures/main/meta/city-2000/utrecht--netherlands--reddit-square.jpg,"['europe','nl','lakes-rivers','history-heritage','art-culture']"
6395183506,https://raw.githubusercontent.com/kubaivanov/pictures/main/meta/city-2000/espel--netherlands--reddit-square.jpg,"['europe','nl']"
6395183507,https://raw.githubusercontent.com/kubaivanov/pictures/main/meta/city-2000/flam--norway--reddit-square.jpg,"['europe','no','lakes-rivers','mountains','nature','adventure','well-known']"
6395183508,https://raw.githubusercontent.com/kubaivanov/pictures/main/meta/city-2000/norheimsund--norway--reddit-square.jpg,"['europe','no','lakes-rivers','mountains','nature']"
6395183509,https://raw.githubusercontent.com/kubaivanov/pictures/main/meta/city-2000/stavanger--norway--reddit-square.jpg,"['europe','no','coastal','history-heritage','art-culture','nature']"
6395183510,https://raw.githubusercontent.com/kubaivanov/pictures/main/meta/city-2000/fagernes--norway--reddit-square.jpg,"['europe','no','lakes-rivers','mountains','nature']"
6395183511,https://raw.githubusercontent.com/kubaivanov/pictures/main/meta/city-2000/lillehammer--norway--reddit-square.jpg,"['europe','no','history-heritage','art-culture','mountains']"
6395183512,https://raw.githubusercontent.com/kubaivanov/pictures/main/meta/city-2000/skjolden--norway--reddit-square.jpg,"['europe','no','lakes-rivers','mountains','nature']"
6395183513,https://raw.githubusercontent.com/kubaivanov/pictures/main/meta/city-2000/tonsberg--norway--reddit-square.jpg,"['europe','no','coastal','history-heritage']"
6395183514,https://raw.githubusercontent.com/kubaivanov/pictures/main/meta/city-2000/fredrikstad--norway--reddit-square.jpg,"['europe','no','coastal','history-heritage','art-culture']"
6395183515,https://raw.githubusercontent.com/kubaivanov/pictures/main/meta/city-2000/gjovik--norway--reddit-square.jpg,"['europe','no','lakes-rivers','nature']"
6395183516,https://raw.githubusercontent.com/kubaivanov/pictures/main/meta/city-2000/bharatpur--nepal--reddit-square.jpg,"['asia','np','nature','adventure']"
6395183517,https://raw.githubusercontent.com/kubaivanov/pictures/main/meta/city-2000/new-plymouth--new-zealand--reddit-square.jpg,"['oceania','nz','coastal','mountains','nature']"
6395183518,https://raw.githubusercontent.com/kubaivanov/pictures/main/meta/city-2000/rotorua--new-zealand--reddit-square.jpg,"['oceania','nz','lakes-rivers','nature','wellness','adventure','well-known']"
6395183519,https://raw.githubusercontent.com/kubaivanov/pictures/main/meta/city-2000/taupo--new-zealand--reddit-square.jpg,"['oceania','nz','lakes-rivers','mountains','nature','adventure','well-known']"
6395183520,https://raw.githubusercontent.com/kubaivanov/pictures/main/meta/city-2000/timaru--new-zealand--reddit-square.jpg,"['oceania','nz','beaches','coastal']"
6395183521,https://raw.githubusercontent.com/kubaivanov/pictures/main/meta/city-2000/napier--new-zealand--reddit-square.jpg,"['oceania','nz','coastal','history-heritage','art-culture','food-wine']"
6395183522,https://raw.githubusercontent.com/kubaivanov/pictures/main/meta/city-2000/tauranga--new-zealand--reddit-square.jpg,"['oceania','nz','beaches','coastal','nature']"
6395183523,https://raw.githubusercontent.com/kubaivanov/pictures/main/meta/city-2000/invercargill--new-zealand--reddit-square.jpg,"['oceania','nz','coastal','nature']"
6395183524,https://raw.githubusercontent.com/kubaivanov/pictures/main/meta/city-2000/tekapo--new-zealand--reddit-square.jpg,"['oceania','nz','lakes-rivers','mountains','nature','well-known']"
6395183525,https://raw.githubusercontent.com/kubaivanov/pictures/main/meta/city-2000/aoraki-mount-cook-village--new-zealand--reddit-square.jpg,"['oceania','nz','mountains','nature','adventure','well-known']"
6395183526,https://raw.githubusercontent.com/kubaivanov/pictures/main/meta/city-2000/auckland--new-zealand--reddit-square.jpg,"['oceania','nz','beaches','coastal','islands','art-culture','food-wine','well-known']"
6395183527,https://raw.githubusercontent.com/kubaivanov/pictures/main/meta/city-2000/palmerston-north--new-zealand--reddit-square.jpg,"['oceania','nz','art-culture']"
6395183528,https://raw.githubusercontent.com/kubaivanov/pictures/main/meta/city-2000/queenstown--new-zealand--reddit-square.jpg,"['oceania','nz','lakes-rivers','mountains','nature','adventure','well-known']"
6395183529,https://raw.githubusercontent.com/kubaivanov/pictures/main/meta/city-2000/dunedin--new-zealand--reddit-square.jpg,"['oceania','nz','coastal','history-heritage','art-culture','nature']"
6395183530,https://raw.githubusercontent.com/kubaivanov/pictures/main/meta/city-2000/whangarei--new-zealand--reddit-square.jpg,"['oceania','nz','beaches','coastal','nature']"
6395183531,https://raw.githubusercontent.com/kubaivanov/pictures/main/meta/city-2000/coromandel--new-zealand--reddit-square.jpg,"['oceania','nz','beaches','coastal','nature']"
6395183532,https://raw.githubusercontent.com/kubaivanov/pictures/main/meta/city-2000/matamata--new-zealand--reddit-square.jpg,"['oceania','nz','art-culture','nature']"
6395183533,https://raw.githubusercontent.com/kubaivanov/pictures/main/meta/city-2000/kerikeri--new-zealand--reddit-square.jpg,"['oceania','nz','history-heritage','food-wine']"
6395183534,https://raw.githubusercontent.com/kubaivanov/pictures/main/meta/city-2000/hamilton--new-zealand--reddit-square.jpg,"['oceania','nz','lakes-rivers','art-culture']"
6395183535,https://raw.githubusercontent.com/kubaivanov/pictures/main/meta/city-2000/fox-glacier--new-zealand--reddit-square.jpg,"['oceania','nz','mountains','nature','adventure','well-known']"
6395183536,https://raw.githubusercontent.com/kubaivanov/pictures/main/meta/city-2000/hanmer-springs--new-zealand--reddit-square.jpg,"['oceania','nz','mountains','nature','wellness','adventure']"
6395183537,https://raw.githubusercontent.com/kubaivanov/pictures/main/meta/city-2000/punakaiki--new-zealand--reddit-square.jpg,"['oceania','nz','coastal','nature']"
6395183538,https://raw.githubusercontent.com/kubaivanov/pictures/main/meta/city-2000/blenheim--new-zealand--reddit-square.jpg,"['oceania','nz','food-wine']"
6395183539,https://raw.githubusercontent.com/kubaivanov/pictures/main/meta/city-2000/paihia--new-zealand--reddit-square.jpg,"['oceania','nz','beaches','coastal','islands','history-heritage','nature']"
6395183540,https://raw.githubusercontent.com/kubaivanov/pictures/main/meta/city-2000/waitomo--new-zealand--reddit-square.jpg,"['oceania','nz','nature','adventure']"
6395183541,https://raw.githubusercontent.com/kubaivanov/pictures/main/meta/city-2000/gisborne--new-zealand--reddit-square.jpg,"['oceania','nz','beaches','coastal','history-heritage','food-wine']"
6395183542,https://raw.githubusercontent.com/kubaivanov/pictures/main/meta/city-2000/oamaru--new-zealand--reddit-square.jpg,"['oceania','nz','coastal','history-heritage','art-culture']"
6395183543,https://raw.githubusercontent.com/kubaivanov/pictures/main/meta/city-2000/christchurch--new-zealand--reddit-square.jpg,"['oceania','nz','art-culture','nature']"
6395183544,https://raw.githubusercontent.com/kubaivanov/pictures/main/meta/city-2000/wellington--new-zealand--reddit-square.jpg,"['oceania','nz','coastal','art-culture','food-wine','well-known']"
6395183545,https://raw.githubusercontent.com/kubaivanov/pictures/main/meta/city-2000/feilding--new-zealand--reddit-square.jpg,"['oceania','nz']"
6395183546,https://raw.githubusercontent.com/kubaivanov/pictures/main/meta/city-2000/franz-josef--new-zealand--reddit-square.jpg,"['oceania','nz','mountains','nature','adventure','well-known']"
6395183547,https://raw.githubusercontent.com/kubaivanov/pictures/main/meta/city-2000/nelson--new-zealand--reddit-square.jpg,"['oceania','nz','beaches','coastal','art-culture','food-wine','nature']"
6395183548,https://raw.githubusercontent.com/kubaivanov/pictures/main/meta/city-2000/rustaq--oman--reddit-square.jpg,"['asia','om','history-heritage','mountains','wellness']"
6395183549,https://raw.githubusercontent.com/kubaivanov/pictures/main/meta/city-2000/qalhat--oman--reddit-square.jpg,"['asia','om','coastal','history-heritage']"
6395183550,https://raw.githubusercontent.com/kubaivanov/pictures/main/meta/city-2000/nizwa--oman--reddit-square.jpg,"['asia','om','history-heritage','art-culture','food-wine','religious']"
6395183551,https://raw.githubusercontent.com/kubaivanov/pictures/main/meta/city-2000/santiago--panama--reddit-square.jpg,"['north-america','pa','history-heritage','art-culture']"
6395183552,https://raw.githubusercontent.com/kubaivanov/pictures/main/meta/city-2000/portobelo--panama--reddit-square.jpg,"['north-america','pa','coastal','history-heritage']"
6395183554,https://raw.githubusercontent.com/kubaivanov/pictures/main/meta/city-2000/cusco--peru--reddit-square.jpg,"['south-america','pe','history-heritage','art-culture','food-wine','mountains','well-known']"
6395183556,https://raw.githubusercontent.com/kubaivanov/pictures/main/meta/city-2000/huaraz--peru--reddit-square.jpg,"['south-america','pe','mountains','nature','adventure']"
6395183557,https://raw.githubusercontent.com/kubaivanov/pictures/main/meta/city-2000/huacachina--peru--reddit-square.jpg,"['south-america','pe','nature','adventure','well-known']"
6395183558,https://raw.githubusercontent.com/kubaivanov/pictures/main/meta/city-2000/ayacucho--peru--reddit-square.jpg,"['south-america','pe','history-heritage','art-culture','religious']"
6395183559,https://raw.githubusercontent.com/kubaivanov/pictures/main/meta/city-2000/chivay--peru--reddit-square.jpg,"['south-america','pe','mountains','nature','adventure']"
6395183561,https://raw.githubusercontent.com/kubaivanov/pictures/main/meta/city-2000/maras-salt-mines--peru--reddit-square.jpg,"['south-america','pe','history-heritage','mountains','nature']"
6395183562,https://raw.githubusercontent.com/kubaivanov/pictures/main/meta/city-2000/piura--peru--reddit-square.jpg,"['south-america','pe']"
6395183563,https://raw.githubusercontent.com/kubaivanov/pictures/main/meta/city-2000/ollantaytambo--peru--reddit-square.jpg,"['south-america','pe','history-heritage','mountains','nature']"
6395183564,https://raw.githubusercontent.com/kubaivanov/pictures/main/meta/city-2000/trujillo--peru--reddit-square.jpg,"['south-america','pe','history-heritage','art-culture']"
6395183565,https://raw.githubusercontent.com/kubaivanov/pictures/main/meta/city-2000/tumbes--peru--reddit-square.jpg,"['south-america','pe','beaches','coastal','nature']"
6395183567,https://raw.githubusercontent.com/kubaivanov/pictures/main/meta/city-2000/otuzco--peru--reddit-square.jpg,"['south-america','pe','religious']"
6395183568,https://raw.githubusercontent.com/kubaivanov/pictures/main/meta/city-2000/huarmey--peru--reddit-square.jpg,"['south-america','pe','beaches','coastal']"
6395183570,https://raw.githubusercontent.com/kubaivanov/pictures/main/meta/city-2000/tacna--peru--reddit-square.jpg,"['south-america','pe','history-heritage']"
6395183571,https://raw.githubusercontent.com/kubaivanov/pictures/main/meta/city-2000/chinchero--peru--reddit-square.jpg,"['south-america','pe','history-heritage','art-culture','mountains']"
6395183572,https://raw.githubusercontent.com/kubaivanov/pictures/main/meta/city-2000/pisac--peru--reddit-square.jpg,"['south-america','pe','history-heritage','mountains']"
6395183573,https://raw.githubusercontent.com/kubaivanov/pictures/main/meta/city-2000/arequipa--peru--reddit-square.jpg,"['south-america','pe','history-heritage','art-culture','food-wine','mountains','well-known']"
6395183574,https://raw.githubusercontent.com/kubaivanov/pictures/main/meta/city-2000/moquegua--peru--reddit-square.jpg,"['south-america','pe','food-wine']"
6395183575,https://raw.githubusercontent.com/kubaivanov/pictures/main/meta/city-2000/lima--peru--reddit-square.jpg,"['south-america','pe','coastal','history-heritage','art-culture','food-wine','well-known']"
6395183576,https://raw.githubusercontent.com/kubaivanov/pictures/main/meta/city-2000/jauja--peru--reddit-square.jpg,"['south-america','pe','mountains']"
6395183577,https://raw.githubusercontent.com/kubaivanov/pictures/main/meta/city-2000/huancayo--peru--reddit-square.jpg,"['south-america','pe','art-culture','mountains']"
6395183579,https://raw.githubusercontent.com/kubaivanov/pictures/main/meta/city-2000/cajamarca--peru--reddit-square.jpg,"['south-america','pe','history-heritage','food-wine','mountains']"
6395183580,https://raw.githubusercontent.com/kubaivanov/pictures/main/meta/city-2000/huancavelica--peru--reddit-square.jpg,"['south-america','pe','history-heritage','mountains']"
6395183581,https://raw.githubusercontent.com/kubaivanov/pictures/main/meta/city-2000/chiclayo--peru--reddit-square.jpg,"['south-america','pe','history-heritage','food-wine']"
6395183582,https://raw.githubusercontent.com/kubaivanov/pictures/main/meta/city-2000/yungay--peru--reddit-square.jpg,"['south-america','pe','mountains','nature']"
6395183583,https://raw.githubusercontent.com/kubaivanov/pictures/main/meta/city-2000/rainbow-mountain-pitumarca--peru--reddit-square.jpg,"['south-america','pe','mountains','nature','adventure','well-known']"
6395183586,https://raw.githubusercontent.com/kubaivanov/pictures/main/meta/city-2000/angeles-city--philippines--reddit-square.jpg,"['asia','ph']"
6395183587,https://raw.githubusercontent.com/kubaivanov/pictures/main/meta/city-2000/dalaguete--philippines--reddit-square.jpg,"['asia','ph','beaches','coastal','mountains','nature']"
6395183588,https://raw.githubusercontent.com/kubaivanov/pictures/main/meta/city-2000/moalboal--philippines--reddit-square.jpg,"['asia','ph','beaches','coastal','islands','nature','adventure']"
6395183589,https://raw.githubusercontent.com/kubaivanov/pictures/main/meta/city-2000/daanbantayan--philippines--reddit-square.jpg,"['asia','ph','beaches','coastal','islands']"
6395183590,https://raw.githubusercontent.com/kubaivanov/pictures/main/meta/city-2000/vigan--philippines--reddit-square.jpg,"['asia','ph','history-heritage','art-culture','well-known']"
6395183591,https://raw.githubusercontent.com/kubaivanov/pictures/main/meta/city-2000/tuguegarao--philippines--reddit-square.jpg,"['asia','ph']"
6395183592,https://raw.githubusercontent.com/kubaivanov/pictures/main/meta/city-2000/nagtabon-beach--philippines--reddit-square.jpg,"['asia','ph','beaches','coastal','nature']"
6395183593,https://raw.githubusercontent.com/kubaivanov/pictures/main/meta/city-2000/twin-beach--philippines--reddit-square.jpg,"['asia','ph','beaches','coastal']"
6395183594,https://raw.githubusercontent.com/kubaivanov/pictures/main/meta/city-2000/argao--philippines--reddit-square.jpg,"['asia','ph','coastal','history-heritage']"
6395183595,https://raw.githubusercontent.com/kubaivanov/pictures/main/meta/city-2000/baguio--philippines--reddit-square.jpg,"['asia','ph','art-culture','food-wine','mountains','nature']"
6395183596,https://raw.githubusercontent.com/kubaivanov/pictures/main/meta/city-2000/banaue--philippines--reddit-square.jpg,"['asia','ph','history-heritage','mountains','nature','well-known']"
6395183597,https://raw.githubusercontent.com/kubaivanov/pictures/main/meta/city-2000/batangas-city--philippines--reddit-square.jpg,"['asia','ph','beaches','coastal','mountains','nature']"
6395183600,https://raw.githubusercontent.com/kubaivanov/pictures/main/meta/city-2000/plock--poland--reddit-square.jpg,"['europe','pl','lakes-rivers','history-heritage','art-culture']"
6395183601,https://raw.githubusercontent.com/kubaivanov/pictures/main/meta/city-2000/tarnow--poland--reddit-square.jpg,"['europe','pl','history-heritage','art-culture']"
6395183602,https://raw.githubusercontent.com/kubaivanov/pictures/main/meta/city-2000/wloclawek--poland--reddit-square.jpg,"['europe','pl','lakes-rivers','history-heritage']"
6395183604,https://raw.githubusercontent.com/kubaivanov/pictures/main/meta/city-2000/zamosc--poland--reddit-square.jpg,"['europe','pl','history-heritage','art-culture']"
6395183605,https://raw.githubusercontent.com/kubaivanov/pictures/main/meta/city-2000/przemysl--poland--reddit-square.jpg,"['europe','pl','history-heritage','art-culture']"
6395183607,https://raw.githubusercontent.com/kubaivanov/pictures/main/meta/city-2000/wroclaw--poland--reddit-square.jpg,"['europe','pl','lakes-rivers','history-heritage','art-culture','well-known']"
6395183608,https://raw.githubusercontent.com/kubaivanov/pictures/main/meta/city-2000/poznan--poland--reddit-square.jpg,"['europe','pl','history-heritage','art-culture','food-wine']"
6395183610,https://raw.githubusercontent.com/kubaivanov/pictures/main/meta/city-2000/torun--poland--reddit-square.jpg,"['europe','pl','lakes-rivers','history-heritage','art-culture','food-wine','well-known']"
6395183613,https://raw.githubusercontent.com/kubaivanov/pictures/main/meta/city-2000/warsaw--poland--reddit-square.jpg,"['europe','pl','history-heritage','art-culture','food-wine','well-known']"
6395183615,https://raw.githubusercontent.com/kubaivanov/pictures/main/meta/city-2000/krakow--poland--reddit-square.jpg,"['europe','pl','history-heritage','art-culture','food-wine','religious','well-known']"
6395183616,https://raw.githubusercontent.com/kubaivanov/pictures/main/meta/city-2000/toro-verde-adventure-park--puerto-rico--reddit-square.jpg,"['north-america','pr','mountains','nature','adventure']"
6395183617,https://raw.githubusercontent.com/kubaivanov/pictures/main/meta/city-2000/guayama--puerto-rico--reddit-square.jpg,"['north-america','pr']"
6395183618,https://raw.githubusercontent.com/kubaivanov/pictures/main/meta/city-2000/rio-camuy-caves--puerto-rico--reddit-square.jpg,"['north-america','pr','nature','adventure']"
6395183619,https://raw.githubusercontent.com/kubaivanov/pictures/main/meta/city-2000/ponce--puerto-rico--reddit-square.jpg,"['north-america','pr','coastal','history-heritage','art-culture']"
6395183620,https://raw.githubusercontent.com/kubaivanov/pictures/main/meta/city-2000/el-yunque-angelito-trail--puerto-rico--reddit-square.jpg,"['north-america','pr','nature','adventure']"
6395183621,https://raw.githubusercontent.com/kubaivanov/pictures/main/meta/city-2000/batalha--portugal--reddit-square.jpg,"['europe','pt','history-heritage','religious']"
6395183622,https://raw.githubusercontent.com/kubaivanov/pictures/main/meta/city-2000/monsanto--portugal--reddit-square.jpg,"['europe','pt','history-heritage','mountains','nature']"
6395183623,https://raw.githubusercontent.com/kubaivanov/pictures/main/meta/city-2000/leiria--portugal--reddit-square.jpg,"['europe','pt','history-heritage','religious']"
6395183624,https://raw.githubusercontent.com/kubaivanov/pictures/main/meta/city-2000/barcelos--portugal--reddit-square.jpg,"['europe','pt','history-heritage','art-culture']"
6395183625,https://raw.githubusercontent.com/kubaivanov/pictures/main/meta/city-2000/aveiro--portugal--reddit-square.jpg,"['europe','pt','coastal','lakes-rivers','art-culture']"
6395183626,https://raw.githubusercontent.com/kubaivanov/pictures/main/meta/city-2000/guimaraes--portugal--reddit-square.jpg,"['europe','pt','history-heritage','art-culture']"
6395183627,https://raw.githubusercontent.com/kubaivanov/pictures/main/meta/city-2000/lisbon--portugal--reddit-square.jpg,"['europe','pt','coastal','lakes-rivers','history-heritage','art-culture','food-wine','religious','well-known']"
6395183628,https://raw.githubusercontent.com/kubaivanov/pictures/main/meta/city-2000/sines--portugal--reddit-square.jpg,"['europe','pt','coastal','history-heritage']"
6395183629,https://raw.githubusercontent.com/kubaivanov/pictures/main/meta/city-2000/vila-real--portugal--reddit-square.jpg,"['europe','pt','history-heritage','religious']"
6395183630,https://raw.githubusercontent.com/kubaivanov/pictures/main/meta/city-2000/obidos--portugal--reddit-square.jpg,"['europe','pt','history-heritage']"
6395183631,https://raw.githubusercontent.com/kubaivanov/pictures/main/meta/city-2000/lamego--portugal--reddit-square.jpg,"['europe','pt','history-heritage','art-culture','food-wine','mountains','religious']"
6395183632,https://raw.githubusercontent.com/kubaivanov/pictures/main/meta/city-2000/tomar--portugal--reddit-square.jpg,"['europe','pt','history-heritage','religious']"
6395183633,https://raw.githubusercontent.com/kubaivanov/pictures/main/meta/city-2000/viseu--portugal--reddit-square.jpg,"['europe','pt','history-heritage','art-culture','religious']"
6395183634,https://raw.githubusercontent.com/kubaivanov/pictures/main/meta/city-2000/nazare--portugal--reddit-square.jpg,"['europe','pt','beaches','coastal','religious','adventure']"
6395183636,https://raw.githubusercontent.com/kubaivanov/pictures/main/meta/city-2000/benagil--portugal--reddit-square.jpg,"['europe','pt','beaches','coastal','nature','adventure','well-known']"
6395183637,https://raw.githubusercontent.com/kubaivanov/pictures/main/meta/city-2000/estremoz--portugal--reddit-square.jpg,"['europe','pt','history-heritage','art-culture','religious']"
6395183638,https://raw.githubusercontent.com/kubaivanov/pictures/main/meta/city-2000/seixal--portugal--reddit-square.jpg,"['europe','pt','beaches','coastal','islands','food-wine','mountains','nature','adventure']"
6395183639,https://raw.githubusercontent.com/kubaivanov/pictures/main/meta/city-2000/braga--portugal--reddit-square.jpg,"['europe','pt','history-heritage','art-culture','religious']"
6395183640,https://raw.githubusercontent.com/kubaivanov/pictures/main/meta/city-2000/valenca--portugal--reddit-square.jpg,"['europe','pt','history-heritage']"
6395183641,https://raw.githubusercontent.com/kubaivanov/pictures/main/meta/city-2000/elvas--portugal--reddit-square.jpg,"['europe','pt','history-heritage','religious']"
6395183642,https://raw.githubusercontent.com/kubaivanov/pictures/main/meta/city-2000/beja--portugal--reddit-square.jpg,"['europe','pt','history-heritage','art-culture','religious']"
6395183643,https://raw.githubusercontent.com/kubaivanov/pictures/main/meta/city-2000/fatima--portugal--reddit-square.jpg,"['europe','pt','religious','well-known']"
6395183644,https://raw.githubusercontent.com/kubaivanov/pictures/main/meta/city-2000/amarante--portugal--reddit-square.jpg,"['europe','pt','lakes-rivers','history-heritage']"
6395183645,https://raw.githubusercontent.com/kubaivanov/pictures/main/meta/city-2000/braganca--portugal--reddit-square.jpg,"['europe','pt','history-heritage','mountains']"
6395183646,https://raw.githubusercontent.com/kubaivanov/pictures/main/meta/city-2000/santarem--portugal--reddit-square.jpg,"['europe','pt','history-heritage','art-culture','religious']"
6395183647,https://raw.githubusercontent.com/kubaivanov/pictures/main/meta/city-2000/chaves--portugal--reddit-square.jpg,"['europe','pt','history-heritage','art-culture','wellness','religious']"
6395183648,https://raw.githubusercontent.com/kubaivanov/pictures/main/meta/city-2000/portimao--portugal--reddit-square.jpg,"['europe','pt','beaches','coastal']"
6395183649,https://raw.githubusercontent.com/kubaivanov/pictures/main/meta/city-2000/coimbra--portugal--reddit-square.jpg,"['europe','pt','history-heritage','art-culture','religious']"
6395183650,https://raw.githubusercontent.com/kubaivanov/pictures/main/meta/city-2000/caldas-da-rainha--portugal--reddit-square.jpg,"['europe','pt','art-culture','wellness']"
6395183651,https://raw.githubusercontent.com/kubaivanov/pictures/main/meta/city-2000/sesimbra--portugal--reddit-square.jpg,"['europe','pt','beaches','coastal','history-heritage','nature','adventure']"
6395183652,https://raw.githubusercontent.com/kubaivanov/pictures/main/meta/city-2000/porto--portugal--reddit-square.jpg,"['europe','pt','coastal','lakes-rivers','history-heritage','art-culture','food-wine','well-known']"
6395183653,https://raw.githubusercontent.com/kubaivanov/pictures/main/meta/city-2000/ponte-de-lima--portugal--reddit-square.jpg,"['europe','pt','lakes-rivers','history-heritage']"
6395183654,https://raw.githubusercontent.com/kubaivanov/pictures/main/meta/city-2000/evora--portugal--reddit-square.jpg,"['europe','pt','history-heritage','art-culture','food-wine','religious']"
6395183655,https://raw.githubusercontent.com/kubaivanov/pictures/main/meta/city-2000/aregua--paraguay--reddit-square.jpg,"['south-america','py','lakes-rivers','art-culture']"
6395183657,https://raw.githubusercontent.com/kubaivanov/pictures/main/meta/city-2000/cerro-tres-kandu--paraguay--reddit-square.jpg,"['south-america','py','mountains','nature','adventure']"
6395183658,https://raw.githubusercontent.com/kubaivanov/pictures/main/meta/city-2000/caaguazu--paraguay--reddit-square.jpg,"['south-america','py','nature']"
6395183659,https://raw.githubusercontent.com/kubaivanov/pictures/main/meta/city-2000/san-cosme-y-damian--paraguay--reddit-square.jpg,"['south-america','py','history-heritage','religious']"
6395183660,https://raw.githubusercontent.com/kubaivanov/pictures/main/meta/city-2000/ayolas--paraguay--reddit-square.jpg,"['south-america','py','lakes-rivers','nature']"
6395183662,https://raw.githubusercontent.com/kubaivanov/pictures/main/meta/city-2000/concepcion--paraguay--reddit-square.jpg,"['south-america','py']"
6395183664,https://raw.githubusercontent.com/kubaivanov/pictures/main/meta/city-2000/villarrica--paraguay--reddit-square.jpg,"['south-america','py','history-heritage','art-culture']"
6395183665,https://raw.githubusercontent.com/kubaivanov/pictures/main/meta/city-2000/piribebuy--paraguay--reddit-square.jpg,"['south-america','py','history-heritage','nature']"
6395183666,https://raw.githubusercontent.com/kubaivanov/pictures/main/meta/city-2000/tobati--paraguay--reddit-square.jpg,"['south-america','py','art-culture']"
6395183667,https://raw.githubusercontent.com/kubaivanov/pictures/main/meta/city-2000/encarnacion--paraguay--reddit-square.jpg,"['south-america','py','lakes-rivers','history-heritage']"
6395183668,https://raw.githubusercontent.com/kubaivanov/pictures/main/meta/city-2000/saint-pierre--reunion--reddit-square.jpg,"['africa','re','beaches','coastal','food-wine']"
6395183669,https://raw.githubusercontent.com/kubaivanov/pictures/main/meta/city-2000/cilaos--reunion--reddit-square.jpg,"['africa','re','mountains','nature','wellness','adventure']"
6395183670,https://raw.githubusercontent.com/kubaivanov/pictures/main/meta/city-2000/le-port--reunion--reddit-square.jpg,"['africa','re','coastal']"
6395183671,https://raw.githubusercontent.com/kubaivanov/pictures/main/meta/city-2000/saint-paul--reunion--reddit-square.jpg,"['africa','re','beaches','coastal','history-heritage']"
6395183672,https://raw.githubusercontent.com/kubaivanov/pictures/main/meta/city-2000/saint-leu--reunion--reddit-square.jpg,"['africa','re','beaches','coastal','nature','adventure']"
6395183673,https://raw.githubusercontent.com/kubaivanov/pictures/main/meta/city-2000/saint-denis--reunion--reddit-square.jpg,"['africa','re','coastal','history-heritage','art-culture']"
6395183674,https://raw.githubusercontent.com/kubaivanov/pictures/main/meta/city-2000/turda--romania--reddit-square.jpg,"['europe','ro','history-heritage','nature','wellness']"
6395183675,https://raw.githubusercontent.com/kubaivanov/pictures/main/meta/city-2000/sibiu--romania--reddit-square.jpg,"['europe','ro','history-heritage','art-culture','well-known']"
6395183676,https://raw.githubusercontent.com/kubaivanov/pictures/main/meta/city-2000/timisoara--romania--reddit-square.jpg,"['europe','ro','history-heritage','art-culture']"
6395183677,https://raw.githubusercontent.com/kubaivanov/pictures/main/meta/city-2000/bucharest--romania--reddit-square.jpg,"['europe','ro','history-heritage','art-culture','food-wine','well-known']"
6395183678,https://raw.githubusercontent.com/kubaivanov/pictures/main/meta/city-2000/sighisoara--romania--reddit-square.jpg,"['europe','ro','history-heritage','art-culture','well-known']"
6395183679,https://raw.githubusercontent.com/kubaivanov/pictures/main/meta/city-2000/oradea--romania--reddit-square.jpg,"['europe','ro','history-heritage','art-culture','wellness']"
6395183680,https://raw.githubusercontent.com/kubaivanov/pictures/main/meta/city-2000/brasov--romania--reddit-square.jpg,"['europe','ro','history-heritage','art-culture','mountains','well-known']"
6395183681,https://raw.githubusercontent.com/kubaivanov/pictures/main/meta/city-2000/targoviste--romania--reddit-square.jpg,"['europe','ro','history-heritage']"
6395183683,https://raw.githubusercontent.com/kubaivanov/pictures/main/meta/city-2000/arad--romania--reddit-square.jpg,"['europe','ro','history-heritage','art-culture']"
6395183684,https://raw.githubusercontent.com/kubaivanov/pictures/main/meta/city-2000/constanta--romania--reddit-square.jpg,"['europe','ro','beaches','coastal','history-heritage','art-culture']"
6395183686,https://raw.githubusercontent.com/kubaivanov/pictures/main/meta/city-2000/alba-iulia--romania--reddit-square.jpg,"['europe','ro','history-heritage','art-culture']"
6395183688,https://raw.githubusercontent.com/kubaivanov/pictures/main/meta/city-2000/subotica--serbia--reddit-square.jpg,"['europe','rs','history-heritage','art-culture']"
6395183689,https://raw.githubusercontent.com/kubaivanov/pictures/main/meta/city-2000/novi-sad--serbia--reddit-square.jpg,"['europe','rs','lakes-rivers','history-heritage','art-culture']"
6395183690,https://raw.githubusercontent.com/kubaivanov/pictures/main/meta/city-2000/sremski-karlovci--serbia--reddit-square.jpg,"['europe','rs','history-heritage','food-wine','religious']"
6395183692,https://raw.githubusercontent.com/kubaivanov/pictures/main/meta/city-2000/zrenjanin--serbia--reddit-square.jpg,"['europe','rs','history-heritage','art-culture']"
6395183693,https://raw.githubusercontent.com/kubaivanov/pictures/main/meta/city-2000/vrsac--serbia--reddit-square.jpg,"['europe','rs','history-heritage','food-wine','mountains']"
6395183694,https://raw.githubusercontent.com/kubaivanov/pictures/main/meta/city-2000/huye--rwanda--reddit-square.jpg,"['africa','rw']"
6395183696,https://raw.githubusercontent.com/kubaivanov/pictures/main/meta/city-2000/akagera-national-park--rwanda--reddit-square.jpg,"['africa','rw','nature','adventure']"
6395183697,https://raw.githubusercontent.com/kubaivanov/pictures/main/meta/city-2000/rwamagana--rwanda--reddit-square.jpg,"['africa','rw']"
6395183700,https://raw.githubusercontent.com/kubaivanov/pictures/main/meta/city-2000/duba--saudi-arabia--reddit-square.jpg,"['asia','sa','beaches','coastal']"
6395183705,https://raw.githubusercontent.com/kubaivanov/pictures/main/meta/city-2000/al-wajh--saudi-arabia--reddit-square.jpg,"['asia','sa','beaches','coastal']"
6395183708,https://raw.githubusercontent.com/kubaivanov/pictures/main/meta/city-2000/sakakah--saudi-arabia--reddit-square.jpg,"['asia','sa','history-heritage']"
6395183710,https://raw.githubusercontent.com/kubaivanov/pictures/main/meta/city-2000/rabigh--saudi-arabia--reddit-square.jpg,"['asia','sa','beaches','coastal']"
6395183714,https://raw.githubusercontent.com/kubaivanov/pictures/main/meta/city-2000/al-hofuf--saudi-arabia--reddit-square.jpg,"['asia','sa','history-heritage','nature']"
6395183715,https://raw.githubusercontent.com/kubaivanov/pictures/main/meta/city-2000/al-khobar--saudi-arabia--reddit-square.jpg,"['asia','sa','beaches','coastal']"
6395183716,https://raw.githubusercontent.com/kubaivanov/pictures/main/meta/city-2000/al-jubail--saudi-arabia--reddit-square.jpg,"['asia','sa','beaches','coastal']"
6395183717,https://raw.githubusercontent.com/kubaivanov/pictures/main/meta/city-2000/umluj--saudi-arabia--reddit-square.jpg,"['asia','sa','beaches','coastal','islands','nature']"
6395183719,https://raw.githubusercontent.com/kubaivanov/pictures/main/meta/city-2000/taif--saudi-arabia--reddit-square.jpg,"['asia','sa','food-wine','mountains','nature']"
6395183720,https://raw.githubusercontent.com/kubaivanov/pictures/main/meta/city-2000/al-qunfudhah--saudi-arabia--reddit-square.jpg,"['asia','sa','beaches','coastal']"
6395183722,https://raw.githubusercontent.com/kubaivanov/pictures/main/meta/city-2000/anse-boileau--seychelles--reddit-square.jpg,"['africa','sc','beaches','coastal','islands']"
6395183723,https://raw.githubusercontent.com/kubaivanov/pictures/main/meta/city-2000/mare-anglaise--seychelles--reddit-square.jpg,"['africa','sc','beaches','coastal','islands']"
6395183724,https://raw.githubusercontent.com/kubaivanov/pictures/main/meta/city-2000/victoria--seychelles--reddit-square.jpg,"['africa','sc','beaches','coastal','islands','art-culture']"
6395183725,https://raw.githubusercontent.com/kubaivanov/pictures/main/meta/city-2000/quatre-bornes--seychelles--reddit-square.jpg,"['africa','sc']"
6395183726,https://raw.githubusercontent.com/kubaivanov/pictures/main/meta/city-2000/vaxholm--sweden--reddit-square.jpg,"['europe','se','coastal','islands','history-heritage']"
6395183727,https://raw.githubusercontent.com/kubaivanov/pictures/main/meta/city-2000/falun--sweden--reddit-square.jpg,"['europe','se','history-heritage','art-culture']"
6395183728,https://raw.githubusercontent.com/kubaivanov/pictures/main/meta/city-2000/karlskrona--sweden--reddit-square.jpg,"['europe','se','coastal','islands','history-heritage','art-culture']"
6395183729,https://raw.githubusercontent.com/kubaivanov/pictures/main/meta/city-2000/vasteras--sweden--reddit-square.jpg,"['europe','se','lakes-rivers','history-heritage','art-culture']"
6395183730,https://raw.githubusercontent.com/kubaivanov/pictures/main/meta/city-2000/lund--sweden--reddit-square.jpg,"['europe','se','history-heritage','art-culture','religious']"
6395183732,https://raw.githubusercontent.com/kubaivanov/pictures/main/meta/city-2000/kristianstad--sweden--reddit-square.jpg,"['europe','se','history-heritage','art-culture']"
6395183733,https://raw.githubusercontent.com/kubaivanov/pictures/main/meta/city-2000/sigtuna--sweden--reddit-square.jpg,"['europe','se','lakes-rivers','history-heritage','religious']"
6395183734,https://raw.githubusercontent.com/kubaivanov/pictures/main/meta/city-2000/orebro--sweden--reddit-square.jpg,"['europe','se','lakes-rivers','history-heritage','art-culture']"
6395183735,https://raw.githubusercontent.com/kubaivanov/pictures/main/meta/city-2000/jonkoping--sweden--reddit-square.jpg,"['europe','se','lakes-rivers']"
6395183736,https://raw.githubusercontent.com/kubaivanov/pictures/main/meta/city-2000/uppsala--sweden--reddit-square.jpg,"['europe','se','history-heritage','art-culture','religious']"
6395183737,https://raw.githubusercontent.com/kubaivanov/pictures/main/meta/city-2000/gothenburg--sweden--reddit-square.jpg,"['europe','se','coastal','islands','art-culture','food-wine','well-known']"
6395183738,https://raw.githubusercontent.com/kubaivanov/pictures/main/meta/city-2000/malmo--sweden--reddit-square.jpg,"['europe','se','coastal','art-culture','food-wine']"
6395183739,https://raw.githubusercontent.com/kubaivanov/pictures/main/meta/city-2000/ystad--sweden--reddit-square.jpg,"['europe','se','beaches','coastal','history-heritage','art-culture']"
6395183740,https://raw.githubusercontent.com/kubaivanov/pictures/main/meta/city-2000/norrkoping--sweden--reddit-square.jpg,"['europe','se','lakes-rivers','history-heritage','art-culture']"
6395183741,https://raw.githubusercontent.com/kubaivanov/pictures/main/meta/city-2000/singapore--singapore--reddit-square.jpg,"['asia','sg','coastal','islands','art-culture','food-wine','well-known']"
6395183742,https://raw.githubusercontent.com/kubaivanov/pictures/main/meta/city-2000/celje--slovenia--reddit-square.jpg,"['europe','si','history-heritage','art-culture']"
6395183743,https://raw.githubusercontent.com/kubaivanov/pictures/main/meta/city-2000/lendava--slovenia--reddit-square.jpg,"['europe','si','history-heritage','food-wine']"
6395183744,https://raw.githubusercontent.com/kubaivanov/pictures/main/meta/city-2000/portoroz--slovenia--reddit-square.jpg,"['europe','si','beaches','coastal','wellness']"
6395183745,https://raw.githubusercontent.com/kubaivanov/pictures/main/meta/city-2000/koper--slovenia--reddit-square.jpg,"['europe','si','coastal','history-heritage','art-culture']"
6395183747,https://raw.githubusercontent.com/kubaivanov/pictures/main/meta/city-2000/bled--slovenia--reddit-square.jpg,"['europe','si','lakes-rivers','history-heritage','mountains','nature','wellness','well-known']"
6395183748,https://raw.githubusercontent.com/kubaivanov/pictures/main/meta/city-2000/kranj--slovenia--reddit-square.jpg,"['europe','si','history-heritage','art-culture','mountains']"
6395183750,https://raw.githubusercontent.com/kubaivanov/pictures/main/meta/city-2000/lake-bohinj--slovenia--reddit-square.jpg,"['europe','si','lakes-rivers','mountains','nature','adventure']"
6395183751,https://raw.githubusercontent.com/kubaivanov/pictures/main/meta/city-2000/ptuj--slovenia--reddit-square.jpg,"['europe','si','history-heritage','art-culture','food-wine']"
6395183753,https://raw.githubusercontent.com/kubaivanov/pictures/main/meta/city-2000/izola--slovenia--reddit-square.jpg,"['europe','si','beaches','coastal','food-wine']"
6395183755,https://raw.githubusercontent.com/kubaivanov/pictures/main/meta/city-2000/bovec--slovenia--reddit-square.jpg,"['europe','si','mountains','nature','adventure']"
6395183756,https://raw.githubusercontent.com/kubaivanov/pictures/main/meta/city-2000/ljubljana--slovenia--reddit-square.jpg,"['europe','si','lakes-rivers','history-heritage','art-culture','food-wine','well-known']"
6395183758,https://raw.githubusercontent.com/kubaivanov/pictures/main/meta/city-2000/maribor--slovenia--reddit-square.jpg,"['europe','si','lakes-rivers','art-culture','food-wine']"
6395183759,https://raw.githubusercontent.com/kubaivanov/pictures/main/meta/city-2000/kranjska-gora-zelenci-lake--slovenia--reddit-square.jpg,"['europe','si','lakes-rivers','mountains','nature','adventure']"
6395183761,https://raw.githubusercontent.com/kubaivanov/pictures/main/meta/city-2000/bardejov--slovakia--reddit-square.jpg,"['europe','sk','history-heritage','art-culture']"
6395183762,https://raw.githubusercontent.com/kubaivanov/pictures/main/meta/city-2000/bratislava--slovakia--reddit-square.jpg,"['europe','sk','lakes-rivers','history-heritage','art-culture','food-wine','well-known']"
6395183763,https://raw.githubusercontent.com/kubaivanov/pictures/main/meta/city-2000/banska-stiavnica--slovakia--reddit-square.jpg,"['europe','sk','history-heritage','art-culture']"
6395183764,https://raw.githubusercontent.com/kubaivanov/pictures/main/meta/city-2000/levoca--slovakia--reddit-square.jpg,"['europe','sk','history-heritage','art-culture','religious']"
6395183765,https://raw.githubusercontent.com/kubaivanov/pictures/main/meta/city-2000/kosice--slovakia--reddit-square.jpg,"['europe','sk','history-heritage','art-culture']"
6395183766,https://raw.githubusercontent.com/kubaivanov/pictures/main/meta/city-2000/strbske-pleso-mountain-lake--slovakia--reddit-square.jpg,"['europe','sk','lakes-rivers','mountains','nature','adventure']"
6395183767,https://raw.githubusercontent.com/kubaivanov/pictures/main/meta/city-2000/totness--suriname--reddit-square.jpg,"['south-america','sr']"
6395183769,https://raw.githubusercontent.com/kubaivanov/pictures/main/meta/city-2000/santa-ana--el-salvador--reddit-square.jpg,"['north-america','sv','history-heritage','art-culture']"
6395183770,https://raw.githubusercontent.com/kubaivanov/pictures/main/meta/city-2000/san-salvador--el-salvador--reddit-square.jpg,"['north-america','sv','art-culture','food-wine']"
6395183771,https://raw.githubusercontent.com/kubaivanov/pictures/main/meta/city-2000/phitsanulok--thailand--reddit-square.jpg,"['asia','th','history-heritage','art-culture','religious']"
6395183772,https://raw.githubusercontent.com/kubaivanov/pictures/main/meta/city-2000/phraya-nakhon-cave--thailand--reddit-square.jpg,"['asia','th','beaches','coastal','mountains','nature','adventure']"
6395183773,https://raw.githubusercontent.com/kubaivanov/pictures/main/meta/city-2000/lopburi--thailand--reddit-square.jpg,"['asia','th','history-heritage','religious']"
6395183774,https://raw.githubusercontent.com/kubaivanov/pictures/main/meta/city-2000/khao-yai--thailand--reddit-square.jpg,"['asia','th','mountains','nature','adventure']"
6395183775,https://raw.githubusercontent.com/kubaivanov/pictures/main/meta/city-2000/pattaya--thailand--reddit-square.jpg,"['asia','th','beaches','coastal','well-known']"
6395183776,https://raw.githubusercontent.com/kubaivanov/pictures/main/meta/city-2000/chiang-mai--thailand--reddit-square.jpg,"['asia','th','history-heritage','art-culture','food-wine','mountains','religious','well-known']"
6395183777,https://raw.githubusercontent.com/kubaivanov/pictures/main/meta/city-2000/chiang-rai--thailand--reddit-square.jpg,"['asia','th','art-culture','mountains','nature','religious']"
6395183778,https://raw.githubusercontent.com/kubaivanov/pictures/main/meta/city-2000/ubon-ratchathani--thailand--reddit-square.jpg,"['asia','th','history-heritage','art-culture','religious']"
6395183779,https://raw.githubusercontent.com/kubaivanov/pictures/main/meta/city-2000/erawan--thailand--reddit-square.jpg,"['asia','th','lakes-rivers','mountains','nature','adventure']"
6395183780,https://raw.githubusercontent.com/kubaivanov/pictures/main/meta/city-2000/lampang--thailand--reddit-square.jpg,"['asia','th','history-heritage','art-culture','religious']"
6395183782,https://raw.githubusercontent.com/kubaivanov/pictures/main/meta/city-2000/sukhothai--thailand--reddit-square.jpg,"['asia','th','history-heritage','art-culture','religious','well-known']"
6395183783,https://raw.githubusercontent.com/kubaivanov/pictures/main/meta/city-2000/ayutthaya--thailand--reddit-square.jpg,"['asia','th','history-heritage','art-culture','religious','well-known']"
6395183784,https://raw.githubusercontent.com/kubaivanov/pictures/main/meta/city-2000/nakhon-ratchasima--thailand--reddit-square.jpg,"['asia','th']"
6395183785,https://raw.githubusercontent.com/kubaivanov/pictures/main/meta/city-2000/surin--thailand--reddit-square.jpg,"['asia','th','art-culture']"
6395183786,https://raw.githubusercontent.com/kubaivanov/pictures/main/meta/city-2000/chanthaburi--thailand--reddit-square.jpg,"['asia','th','history-heritage','food-wine']"
6395183787,https://raw.githubusercontent.com/kubaivanov/pictures/main/meta/city-2000/nakhon-pathom--thailand--reddit-square.jpg,"['asia','th','history-heritage','religious']"
6395183788,https://raw.githubusercontent.com/kubaivanov/pictures/main/meta/city-2000/khon-kaen--thailand--reddit-square.jpg,"['asia','th','art-culture','food-wine']"
6395183789,https://raw.githubusercontent.com/kubaivanov/pictures/main/meta/city-2000/sai-yok--thailand--reddit-square.jpg,"['asia','th','lakes-rivers','mountains','nature','adventure']"
6395183790,https://raw.githubusercontent.com/kubaivanov/pictures/main/meta/city-2000/khao-sok--thailand--reddit-square.jpg,"['asia','th','lakes-rivers','mountains','nature','adventure']"
6395183792,https://raw.githubusercontent.com/kubaivanov/pictures/main/meta/city-2000/surat-thani--thailand--reddit-square.jpg,"['asia','th','food-wine']"
6395183793,https://raw.githubusercontent.com/kubaivanov/pictures/main/meta/city-2000/phuket--thailand--reddit-square.jpg,"['asia','th','beaches','coastal','islands','nature','adventure','well-known']"
6395183794,https://raw.githubusercontent.com/kubaivanov/pictures/main/meta/city-2000/khujand--tajikistan--reddit-square.jpg,"['asia','tj','history-heritage','art-culture']"
6395183795,https://raw.githubusercontent.com/kubaivanov/pictures/main/meta/city-2000/sfax--tunisia--reddit-square.jpg,"['africa','tn','coastal','history-heritage','art-culture','food-wine']"
6395183796,https://raw.githubusercontent.com/kubaivanov/pictures/main/meta/city-2000/el-jem--tunisia--reddit-square.jpg,"['africa','tn','history-heritage','well-known']"
6395183797,https://raw.githubusercontent.com/kubaivanov/pictures/main/meta/city-2000/dougga--tunisia--reddit-square.jpg,"['africa','tn','history-heritage']"
6395183798,https://raw.githubusercontent.com/kubaivanov/pictures/main/meta/city-2000/monastir--tunisia--reddit-square.jpg,"['africa','tn','beaches','coastal','history-heritage','religious']"
6395183801,https://raw.githubusercontent.com/kubaivanov/pictures/main/meta/city-2000/carthage--tunisia--reddit-square.jpg,"['africa','tn','coastal','history-heritage','art-culture','well-known']"
6395183802,https://raw.githubusercontent.com/kubaivanov/pictures/main/meta/city-2000/mahdia--tunisia--reddit-square.jpg,"['africa','tn','beaches','coastal','history-heritage']"
6395183803,https://raw.githubusercontent.com/kubaivanov/pictures/main/meta/city-2000/hammamet--tunisia--reddit-square.jpg,"['africa','tn','beaches','coastal','well-known']"
6395183804,https://raw.githubusercontent.com/kubaivanov/pictures/main/meta/city-2000/sousse--tunisia--reddit-square.jpg,"['africa','tn','beaches','coastal','history-heritage','well-known']"
6395183805,https://raw.githubusercontent.com/kubaivanov/pictures/main/meta/city-2000/kairouan--tunisia--reddit-square.jpg,"['africa','tn','history-heritage','art-culture','religious','well-known']"
6395183806,https://raw.githubusercontent.com/kubaivanov/pictures/main/meta/city-2000/edirne--turkey--reddit-square.jpg,"['asia','tr','history-heritage','art-culture','food-wine','religious']"
6395183807,https://raw.githubusercontent.com/kubaivanov/pictures/main/meta/city-2000/bursa--turkey--reddit-square.jpg,"['asia','tr','history-heritage','art-culture','food-wine','mountains','religious','well-known']"
6395183808,https://raw.githubusercontent.com/kubaivanov/pictures/main/meta/city-2000/istanbul-east--turkey--reddit-square.jpg,"['asia','tr','coastal','history-heritage','art-culture','food-wine','religious','well-known']"
6395183809,https://raw.githubusercontent.com/kubaivanov/pictures/main/meta/city-2000/hopa--turkey--reddit-square.jpg,"['asia','tr','coastal','mountains','nature']"
6395183810,https://raw.githubusercontent.com/kubaivanov/pictures/main/meta/city-2000/izmir--turkey--reddit-square.jpg,"['asia','tr','coastal','history-heritage','art-culture','food-wine','well-known']"
6395183811,https://raw.githubusercontent.com/kubaivanov/pictures/main/meta/city-2000/kars--turkey--reddit-square.jpg,"['asia','tr','history-heritage','art-culture','mountains']"
6395183812,https://raw.githubusercontent.com/kubaivanov/pictures/main/meta/city-2000/artvin--turkey--reddit-square.jpg,"['asia','tr','mountains','nature','adventure']"
6395183813,https://raw.githubusercontent.com/kubaivanov/pictures/main/meta/city-2000/sirince-koyu--turkey--reddit-square.jpg,"['asia','tr','history-heritage','art-culture','food-wine']"
6395183814,https://raw.githubusercontent.com/kubaivanov/pictures/main/meta/city-2000/safranbolu--turkey--reddit-square.jpg,"['asia','tr','history-heritage','art-culture','well-known']"
6395183815,https://raw.githubusercontent.com/kubaivanov/pictures/main/meta/city-2000/iznik--turkey--reddit-square.jpg,"['asia','tr','lakes-rivers','history-heritage','art-culture','religious']"
6395183816,https://raw.githubusercontent.com/kubaivanov/pictures/main/meta/city-2000/eskisehir--turkey--reddit-square.jpg,"['asia','tr','lakes-rivers','art-culture']"
6395183817,https://raw.githubusercontent.com/kubaivanov/pictures/main/meta/city-2000/trabzon--turkey--reddit-square.jpg,"['asia','tr','coastal','history-heritage','art-culture','mountains','religious']"
6395183818,https://raw.githubusercontent.com/kubaivanov/pictures/main/meta/city-2000/fethiye--turkey--reddit-square.jpg,"['asia','tr','beaches','coastal','history-heritage','mountains','nature','adventure']"
6395183819,https://raw.githubusercontent.com/kubaivanov/pictures/main/meta/city-2000/ankara--turkey--reddit-square.jpg,"['asia','tr','history-heritage','art-culture','well-known']"
6395183820,https://raw.githubusercontent.com/kubaivanov/pictures/main/meta/city-2000/ephesus--turkey--reddit-square.jpg,"['asia','tr','history-heritage','art-culture','well-known']"
6395183821,https://raw.githubusercontent.com/kubaivanov/pictures/main/meta/city-2000/konya--turkey--reddit-square.jpg,"['asia','tr','history-heritage','art-culture','religious','well-known']"
6395183822,https://raw.githubusercontent.com/kubaivanov/pictures/main/meta/city-2000/pamukkale--turkey--reddit-square.jpg,"['asia','tr','history-heritage','nature','wellness','well-known']"
6395183823,https://raw.githubusercontent.com/kubaivanov/pictures/main/meta/city-2000/rize--turkey--reddit-square.jpg,"['asia','tr','coastal','food-wine','mountains','nature']"
6395183824,https://raw.githubusercontent.com/kubaivanov/pictures/main/meta/city-2000/taoyuan--taiwan--reddit-square.jpg,"['asia','tw']"
6395183826,https://raw.githubusercontent.com/kubaivanov/pictures/main/meta/city-2000/nantou--taiwan--reddit-square.jpg,"['asia','tw','lakes-rivers','mountains','nature']"
6395183827,https://raw.githubusercontent.com/kubaivanov/pictures/main/meta/city-2000/tainan--taiwan--reddit-square.jpg,"['asia','tw','history-heritage','art-culture','food-wine','religious','well-known']"
6395183828,https://raw.githubusercontent.com/kubaivanov/pictures/main/meta/city-2000/chiayi--taiwan--reddit-square.jpg,"['asia','tw','art-culture','mountains','nature']"
6395183829,https://raw.githubusercontent.com/kubaivanov/pictures/main/meta/city-2000/qingjing-farm--taiwan--reddit-square.jpg,"['asia','tw','mountains','nature']"
6395183830,https://raw.githubusercontent.com/kubaivanov/pictures/main/meta/city-2000/hsinchu--taiwan--reddit-square.jpg,"['asia','tw','art-culture','food-wine']"
6395183831,https://raw.githubusercontent.com/kubaivanov/pictures/main/meta/city-2000/miaoli--taiwan--reddit-square.jpg,"['asia','tw','food-wine','mountains','nature']"
6395183832,https://raw.githubusercontent.com/kubaivanov/pictures/main/meta/city-2000/arusha--tanzania--reddit-square.jpg,"['africa','tz','mountains','nature','adventure','well-known']"
6395183833,https://raw.githubusercontent.com/kubaivanov/pictures/main/meta/city-2000/ivano-frankivsk--ukraine--reddit-square.jpg,"['europe','ua','history-heritage','art-culture','mountains']"
6395183834,https://raw.githubusercontent.com/kubaivanov/pictures/main/meta/city-2000/chernivtsi--ukraine--reddit-square.jpg,"['europe','ua','history-heritage','art-culture']"
6395183835,https://raw.githubusercontent.com/kubaivanov/pictures/main/meta/city-2000/lviv--ukraine--reddit-square.jpg,"['europe','ua','history-heritage','art-culture','food-wine','well-known']"
6395183836,https://raw.githubusercontent.com/kubaivanov/pictures/main/meta/city-2000/moroto-town--uganda--reddit-square.jpg,"['africa','ug','mountains','nature','adventure']"
6395183837,https://raw.githubusercontent.com/kubaivanov/pictures/main/meta/city-2000/jinja--uganda--reddit-square.jpg,"['africa','ug','lakes-rivers','nature','adventure']"
6395183838,https://raw.githubusercontent.com/kubaivanov/pictures/main/meta/city-2000/murchison-falls--uganda--reddit-square.jpg,"['africa','ug','lakes-rivers','nature','adventure','well-known']"
6395183839,https://raw.githubusercontent.com/kubaivanov/pictures/main/meta/city-2000/lake-bunyonyi--uganda--reddit-square.jpg,"['africa','ug','lakes-rivers','mountains','nature']"
6395183840,https://raw.githubusercontent.com/kubaivanov/pictures/main/meta/city-2000/fort-portal--uganda--reddit-square.jpg,"['africa','ug','lakes-rivers','mountains','nature']"
6395183841,https://raw.githubusercontent.com/kubaivanov/pictures/main/meta/city-2000/ziwa-rhino-sanctuary--uganda--reddit-square.jpg,"['africa','ug','nature','adventure']"
6395183842,https://raw.githubusercontent.com/kubaivanov/pictures/main/meta/city-2000/gulu--uganda--reddit-square.jpg,"['africa','ug']"
6395183843,https://raw.githubusercontent.com/kubaivanov/pictures/main/meta/city-2000/lake-mburo-national-park--uganda--reddit-square.jpg,"['africa','ug','lakes-rivers','nature','adventure']"
6395183844,https://raw.githubusercontent.com/kubaivanov/pictures/main/meta/city-2000/mbale-town--uganda--reddit-square.jpg,"['africa','ug','mountains','nature']"
6395183845,https://raw.githubusercontent.com/kubaivanov/pictures/main/meta/city-2000/kampala--uganda--reddit-square.jpg,"['africa','ug','art-culture','food-wine']"
6395183846,https://raw.githubusercontent.com/kubaivanov/pictures/main/meta/city-2000/kabale--uganda--reddit-square.jpg,"['africa','ug','mountains','nature']"
6395183847,https://raw.githubusercontent.com/kubaivanov/pictures/main/meta/city-2000/acadia-national-park--united-states--reddit-square.jpg,"['north-america','us','coastal','mountains','nature','adventure']"
6395183848,https://raw.githubusercontent.com/kubaivanov/pictures/main/meta/city-2000/monument-valley-az--united-states--reddit-square.jpg,"['north-america','us','history-heritage','mountains','nature','adventure','well-known']"
6395183849,https://raw.githubusercontent.com/kubaivanov/pictures/main/meta/city-2000/montgomery-al--united-states--reddit-square.jpg,"['north-america','us','history-heritage','art-culture']"
6395183850,https://raw.githubusercontent.com/kubaivanov/pictures/main/meta/city-2000/pensacola-fl--united-states--reddit-square.jpg,"['north-america','us','beaches','coastal','history-heritage','art-culture']"
6395183851,https://raw.githubusercontent.com/kubaivanov/pictures/main/meta/city-2000/six-flags-great-adventure--united-states--reddit-square.jpg,"['north-america','us','adventure']"
6395183853,https://raw.githubusercontent.com/kubaivanov/pictures/main/meta/city-2000/jekyll-island-ga--united-states--reddit-square.jpg,"['north-america','us','beaches','coastal','islands','history-heritage','nature']"
6395183854,https://raw.githubusercontent.com/kubaivanov/pictures/main/meta/city-2000/springfield-ma--united-states--reddit-square.jpg,"['north-america','us','history-heritage','art-culture']"
6395183855,https://raw.githubusercontent.com/kubaivanov/pictures/main/meta/city-2000/trees-of-mystery--united-states--reddit-square.jpg,"['north-america','us','art-culture','nature','adventure']"
6395183856,https://raw.githubusercontent.com/kubaivanov/pictures/main/meta/city-2000/providence-ri--united-states--reddit-square.jpg,"['north-america','us','coastal','lakes-rivers','history-heritage','art-culture']"
6395183857,https://raw.githubusercontent.com/kubaivanov/pictures/main/meta/city-2000/sedona-az--united-states--reddit-square.jpg,"['north-america','us','art-culture','mountains','nature','adventure']"
6395183858,https://raw.githubusercontent.com/kubaivanov/pictures/main/meta/city-2000/st-augustine-fl--united-states--reddit-square.jpg,"['north-america','us','beaches','coastal','history-heritage','religious']"
6395183859,https://raw.githubusercontent.com/kubaivanov/pictures/main/meta/city-2000/crater-lake-national-park-or--united-states--reddit-square.jpg,"['north-america','us','lakes-rivers','mountains','nature','adventure']"
6395183860,https://raw.githubusercontent.com/kubaivanov/pictures/main/meta/city-2000/mendocino-ca--united-states--reddit-square.jpg,"['north-america','us','coastal','art-culture','nature']"
6395183861,https://raw.githubusercontent.com/kubaivanov/pictures/main/meta/city-2000/pebble-beach-ca--united-states--reddit-square.jpg,"['north-america','us','coastal','nature']"
6395183862,https://raw.githubusercontent.com/kubaivanov/pictures/main/meta/city-2000/monterey-ca--united-states--reddit-square.jpg,"['north-america','us','coastal','history-heritage','art-culture','food-wine','nature']"
6395183863,https://raw.githubusercontent.com/kubaivanov/pictures/main/meta/city-2000/los-angeles-ca--united-states--reddit-square.jpg,"['north-america','us','beaches','coastal','art-culture','food-wine','well-known']"
6395183864,https://raw.githubusercontent.com/kubaivanov/pictures/main/meta/city-2000/memphis-tn--united-states--reddit-square.jpg,"['north-america','us','history-heritage','art-culture','food-wine','well-known']"
6395183865,https://raw.githubusercontent.com/kubaivanov/pictures/main/meta/city-2000/branson-mo--united-states--reddit-square.jpg,"['north-america','us','art-culture']"
6395183866,https://raw.githubusercontent.com/kubaivanov/pictures/main/meta/city-2000/jamestown-ny--united-states--reddit-square.jpg,"['north-america','us','art-culture']"
6395183867,https://raw.githubusercontent.com/kubaivanov/pictures/main/meta/city-2000/fredericksburg-va--united-states--reddit-square.jpg,"['north-america','us','history-heritage']"
6395183868,https://raw.githubusercontent.com/kubaivanov/pictures/main/meta/city-2000/santa-barbara-ca--united-states--reddit-square.jpg,"['north-america','us','beaches','coastal','history-heritage','art-culture','food-wine']"
6395183869,https://raw.githubusercontent.com/kubaivanov/pictures/main/meta/city-2000/helen-ga--united-states--reddit-square.jpg,"['north-america','us','lakes-rivers','art-culture','food-wine','mountains','nature']"
6395183870,https://raw.githubusercontent.com/kubaivanov/pictures/main/meta/city-2000/eureka-ca--united-states--reddit-square.jpg,"['north-america','us','coastal','history-heritage','art-culture']"
6395183871,https://raw.githubusercontent.com/kubaivanov/pictures/main/meta/city-2000/jedediah-smith-redwoods-state-park--united-states--reddit-square.jpg,"['north-america','us','lakes-rivers','mountains','nature','adventure']"
6395183872,https://raw.githubusercontent.com/kubaivanov/pictures/main/meta/city-2000/las-vegas-nv--united-states--reddit-square.jpg,"['north-america','us','art-culture','food-wine','well-known']"
6395183873,https://raw.githubusercontent.com/kubaivanov/pictures/main/meta/city-2000/portsmouth-nh--united-states--reddit-square.jpg,"['north-america','us','coastal','history-heritage','art-culture','food-wine']"
6395183875,https://raw.githubusercontent.com/kubaivanov/pictures/main/meta/city-2000/daytona-beach-fl--united-states--reddit-square.jpg,"['north-america','us','beaches','coastal','art-culture','adventure']"
6395183876,https://raw.githubusercontent.com/kubaivanov/pictures/main/meta/city-2000/hersheypark--united-states--reddit-square.jpg,"['north-america','us','food-wine','adventure']"
6395183877,https://raw.githubusercontent.com/kubaivanov/pictures/main/meta/city-2000/niagara-falls-ny--united-states--reddit-square.jpg,"['north-america','us','lakes-rivers','nature','adventure','well-known']"
6395183879,https://raw.githubusercontent.com/kubaivanov/pictures/main/meta/city-2000/keuka-lake--united-states--reddit-square.jpg,"['north-america','us','lakes-rivers','food-wine','mountains','nature']"
6395183880,https://raw.githubusercontent.com/kubaivanov/pictures/main/meta/city-2000/pigeon-forge-tn--united-states--reddit-square.jpg,"['north-america','us','art-culture','mountains','nature','adventure']"
6395183881,https://raw.githubusercontent.com/kubaivanov/pictures/main/meta/city-2000/hyde-park-ny--united-states--reddit-square.jpg,"['north-america','us','history-heritage','art-culture','nature']"
6395183882,https://raw.githubusercontent.com/kubaivanov/pictures/main/meta/city-2000/everglades-national-park--united-states--reddit-square.jpg,"['north-america','us','lakes-rivers','nature','adventure','well-known']"
6395183884,https://raw.githubusercontent.com/kubaivanov/pictures/main/meta/city-2000/huntington-beach-ca--united-states--reddit-square.jpg,"['north-america','us','beaches','coastal','art-culture','adventure']"
6395183885,https://raw.githubusercontent.com/kubaivanov/pictures/main/meta/city-2000/spokane-wa--united-states--reddit-square.jpg,"['north-america','us','lakes-rivers','history-heritage','art-culture','nature']"
6395183886,https://raw.githubusercontent.com/kubaivanov/pictures/main/meta/city-2000/sleepy-hollow-ny--united-states--reddit-square.jpg,"['north-america','us','history-heritage','art-culture','religious']"
6395183887,https://raw.githubusercontent.com/kubaivanov/pictures/main/meta/city-2000/redwood-national-park-ca--united-states--reddit-square.jpg,"['north-america','us','coastal','nature','adventure','well-known']"
6395183888,https://raw.githubusercontent.com/kubaivanov/pictures/main/meta/city-2000/lakeland-fl--united-states--reddit-square.jpg,"['north-america','us','history-heritage','art-culture']"
6395183889,https://raw.githubusercontent.com/kubaivanov/pictures/main/meta/city-2000/yuma-az--united-states--reddit-square.jpg,"['north-america','us','lakes-rivers','history-heritage']"
6395183890,https://raw.githubusercontent.com/kubaivanov/pictures/main/meta/city-2000/dana-point-ca--united-states--reddit-square.jpg,"['north-america','us','beaches','coastal']"
6395183891,https://raw.githubusercontent.com/kubaivanov/pictures/main/meta/city-2000/grand-canyon-village-az--united-states--reddit-square.jpg,"['north-america','us','history-heritage','mountains','nature','adventure','well-known']"
6395183892,https://raw.githubusercontent.com/kubaivanov/pictures/main/meta/city-2000/shreveport-la--united-states--reddit-square.jpg,"['north-america','us','history-heritage','art-culture','food-wine']"
6395183893,https://raw.githubusercontent.com/kubaivanov/pictures/main/meta/city-2000/six-flags-new-england--united-states--reddit-square.jpg,"['north-america','us','adventure']"
6395183894,https://raw.githubusercontent.com/kubaivanov/pictures/main/meta/city-2000/panama-city-fl--united-states--reddit-square.jpg,"['north-america','us','beaches','coastal','nature','adventure']"
6395183895,https://raw.githubusercontent.com/kubaivanov/pictures/main/meta/city-2000/flagstaff-az--united-states--reddit-square.jpg,"['north-america','us','mountains','nature','adventure']"
6395183896,https://raw.githubusercontent.com/kubaivanov/pictures/main/meta/city-2000/great-falls-park--united-states--reddit-square.jpg,"['north-america','us','lakes-rivers','history-heritage','nature','adventure']"
6395183897,https://raw.githubusercontent.com/kubaivanov/pictures/main/meta/city-2000/manchester-vt--united-states--reddit-square.jpg,"['north-america','us','history-heritage','art-culture','mountains','nature','adventure']"
6395183898,https://raw.githubusercontent.com/kubaivanov/pictures/main/meta/city-2000/salem-ma--united-states--reddit-square.jpg,"['north-america','us','history-heritage','art-culture','well-known']"
6395183900,https://raw.githubusercontent.com/kubaivanov/pictures/main/meta/city-2000/lake-george-ny--united-states--reddit-square.jpg,"['north-america','us','lakes-rivers','history-heritage','nature','adventure']"
6395183901,https://raw.githubusercontent.com/kubaivanov/pictures/main/meta/city-2000/chattanooga-tn--united-states--reddit-square.jpg,"['north-america','us','lakes-rivers','art-culture','nature']"
6395183902,https://raw.githubusercontent.com/kubaivanov/pictures/main/meta/city-2000/wilmington-de--united-states--reddit-square.jpg,"['north-america','us','history-heritage','art-culture']"
6395183903,https://raw.githubusercontent.com/kubaivanov/pictures/main/meta/city-2000/ventura-ca--united-states--reddit-square.jpg,"['north-america','us','beaches','coastal','history-heritage','adventure']"
6395183904,https://raw.githubusercontent.com/kubaivanov/pictures/main/meta/city-2000/joshua-tree-ca--united-states--reddit-square.jpg,"['north-america','us','mountains','nature','adventure']"
6395183905,https://raw.githubusercontent.com/kubaivanov/pictures/main/meta/city-2000/newport-ri--united-states--reddit-square.jpg,"['north-america','us','coastal','history-heritage','art-culture']"
6395183906,https://raw.githubusercontent.com/kubaivanov/pictures/main/meta/city-2000/kennedy-space-center-visitor-complex--united-states--reddit-square.jpg,"['north-america','us','history-heritage','adventure','well-known']"
6395183907,https://raw.githubusercontent.com/kubaivanov/pictures/main/meta/city-2000/maldonado--uruguay--reddit-square.jpg,"['south-america','uy','history-heritage']"
6395183908,https://raw.githubusercontent.com/kubaivanov/pictures/main/meta/city-2000/punta-del-este--uruguay--reddit-square.jpg,"['south-america','uy','beaches','coastal','well-known']"
6395183909,https://raw.githubusercontent.com/kubaivanov/pictures/main/meta/city-2000/mercedes--uruguay--reddit-square.jpg,"['south-america','uy']"
6395183910,https://raw.githubusercontent.com/kubaivanov/pictures/main/meta/city-2000/piriapolis--uruguay--reddit-square.jpg,"['south-america','uy','beaches','coastal','mountains']"
6395183911,https://raw.githubusercontent.com/kubaivanov/pictures/main/meta/city-2000/carmelo--uruguay--reddit-square.jpg,"['south-america','uy','history-heritage','food-wine']"
6395183912,https://raw.githubusercontent.com/kubaivanov/pictures/main/meta/city-2000/punta-del-diablo--uruguay--reddit-square.jpg,"['south-america','uy','beaches','coastal']"
6395183913,https://raw.githubusercontent.com/kubaivanov/pictures/main/meta/city-2000/colonia-del-sacramento--uruguay--reddit-square.jpg,"['south-america','uy','history-heritage','well-known']"
6395183914,https://raw.githubusercontent.com/kubaivanov/pictures/main/meta/city-2000/kokand--uzbekistan--reddit-square.jpg,"['asia','uz','history-heritage','art-culture']"
6395183915,https://raw.githubusercontent.com/kubaivanov/pictures/main/meta/city-2000/bukhara--uzbekistan--reddit-square.jpg,"['asia','uz','history-heritage','art-culture','religious','well-known']"
6395183916,https://raw.githubusercontent.com/kubaivanov/pictures/main/meta/city-2000/samarkand--uzbekistan--reddit-square.jpg,"['asia','uz','history-heritage','art-culture','religious','well-known']"
6395183917,https://raw.githubusercontent.com/kubaivanov/pictures/main/meta/city-2000/margilan--uzbekistan--reddit-square.jpg,"['asia','uz','art-culture']"
6395183918,https://raw.githubusercontent.com/kubaivanov/pictures/main/meta/city-2000/rishtan--uzbekistan--reddit-square.jpg,"['asia','uz','art-culture']"
6395183919,https://raw.githubusercontent.com/kubaivanov/pictures/main/meta/city-2000/brewers-bay--british-virgin-islands--reddit-square.jpg,"['north-america','vg','beaches','coastal','islands']"
6395183920,https://raw.githubusercontent.com/kubaivanov/pictures/main/meta/city-2000/long-bay-beach--british-virgin-islands--reddit-square.jpg,"['north-america','vg','beaches','coastal','islands']"
6395183921,https://raw.githubusercontent.com/kubaivanov/pictures/main/meta/city-2000/road-town--british-virgin-islands--reddit-square.jpg,"['north-america','vg','coastal','islands']"
6395183922,https://raw.githubusercontent.com/kubaivanov/pictures/main/meta/city-2000/cane-garden-bay--british-virgin-islands--reddit-square.jpg,"['north-america','vg','beaches','coastal','islands']"
6395183923,https://raw.githubusercontent.com/kubaivanov/pictures/main/meta/city-2000/perfume-pagoda--vietnam--reddit-square.jpg,"['asia','vn','lakes-rivers','mountains','nature','religious']"
6395183924,https://raw.githubusercontent.com/kubaivanov/pictures/main/meta/city-2000/quang-tri--vietnam--reddit-square.jpg,"['asia','vn','history-heritage']"
6395183925,https://raw.githubusercontent.com/kubaivanov/pictures/main/meta/city-2000/hue--vietnam--reddit-square.jpg,"['asia','vn','history-heritage','art-culture','food-wine','religious','well-known']"
6395183926,https://raw.githubusercontent.com/kubaivanov/pictures/main/meta/city-2000/lang-son--vietnam--reddit-square.jpg,"['asia','vn','mountains','nature']"
6395183927,https://raw.githubusercontent.com/kubaivanov/pictures/main/meta/city-2000/pleiku--vietnam--reddit-square.jpg,"['asia','vn','nature']"
6395183928,https://raw.githubusercontent.com/kubaivanov/pictures/main/meta/city-2000/da-nang--vietnam--reddit-square.jpg,"['asia','vn','beaches','coastal','art-culture','food-wine','well-known']"
6395183929,https://raw.githubusercontent.com/kubaivanov/pictures/main/meta/city-2000/ba-ho-waterfalls--vietnam--reddit-square.jpg,"['asia','vn','nature','adventure']"
6395183930,https://raw.githubusercontent.com/kubaivanov/pictures/main/meta/city-2000/paradise-cave--vietnam--reddit-square.jpg,"['asia','vn','nature','adventure']"
6395183931,https://raw.githubusercontent.com/kubaivanov/pictures/main/meta/city-2000/vung-tau--vietnam--reddit-square.jpg,"['asia','vn','beaches','coastal']"
6395183932,https://raw.githubusercontent.com/kubaivanov/pictures/main/meta/city-2000/my-son--vietnam--reddit-square.jpg,"['asia','vn','history-heritage','art-culture','religious']"
6395183933,https://raw.githubusercontent.com/kubaivanov/pictures/main/meta/city-2000/ban-gioc-detian-falls--vietnam--reddit-square.jpg,"['asia','vn','mountains','nature','adventure']"
6395183934,https://raw.githubusercontent.com/kubaivanov/pictures/main/meta/city-2000/nha-trang--vietnam--reddit-square.jpg,"['asia','vn','beaches','coastal','islands','adventure']"
6395183935,https://raw.githubusercontent.com/kubaivanov/pictures/main/meta/city-2000/hoi-an--vietnam--reddit-square.jpg,"['asia','vn','lakes-rivers','history-heritage','art-culture','food-wine','well-known']"
6395183936,https://raw.githubusercontent.com/kubaivanov/pictures/main/meta/city-2000/trang-an--vietnam--reddit-square.jpg,"['asia','vn','lakes-rivers','history-heritage','mountains','nature','well-known']"
6395183937,https://raw.githubusercontent.com/kubaivanov/pictures/main/meta/city-2000/vinh-moc-tunnels--vietnam--reddit-square.jpg,"['asia','vn','history-heritage']"
6395183938,https://raw.githubusercontent.com/kubaivanov/pictures/main/meta/city-2000/ba-na-hills--vietnam--reddit-square.jpg,"['asia','vn','mountains','nature']"
6395183939,https://raw.githubusercontent.com/kubaivanov/pictures/main/meta/city-2000/prizren--kosovo--reddit-square.jpg,"['europe','xk','history-heritage','art-culture','mountains','religious']"
6395183940,https://raw.githubusercontent.com/kubaivanov/pictures/main/meta/city-2000/pietermaritzburg--south-africa--reddit-square.jpg,"['africa','za','history-heritage','art-culture']"
6395183941,https://raw.githubusercontent.com/kubaivanov/pictures/main/meta/city-2000/knysna--south-africa--reddit-square.jpg,"['africa','za','coastal','lakes-rivers','mountains','nature','adventure']"
6395183942,https://raw.githubusercontent.com/kubaivanov/pictures/main/meta/city-2000/graaff-reinet--south-africa--reddit-square.jpg,"['africa','za','history-heritage','mountains']"
6395183943,https://raw.githubusercontent.com/kubaivanov/pictures/main/meta/city-2000/hermanus--south-africa--reddit-square.jpg,"['africa','za','beaches','coastal','nature','adventure']"
6395183944,https://raw.githubusercontent.com/kubaivanov/pictures/main/meta/city-2000/george--south-africa--reddit-square.jpg,"['africa','za','mountains','nature']"
6395183945,https://raw.githubusercontent.com/kubaivanov/pictures/main/meta/city-2000/east-london--south-africa--reddit-square.jpg,"['africa','za','beaches','coastal','history-heritage']"
6395183946,https://raw.githubusercontent.com/kubaivanov/pictures/main/meta/city-2000/newcastle--south-africa--reddit-square.jpg,"['africa','za','history-heritage']"
6395183947,https://raw.githubusercontent.com/kubaivanov/pictures/main/meta/city-2000/franschhoek--south-africa--reddit-square.jpg,"['africa','za','history-heritage','food-wine','mountains']"
6395184357,https://raw.githubusercontent.com/kubaivanov/pictures/main/meta/city-2000/kefalos--greece--reddit-square.jpg,"['europe','gr','beaches','coastal','islands','history-heritage']"
6395184360,https://raw.githubusercontent.com/kubaivanov/pictures/main/meta/city-2000/agios-stefanos-beach--greece--reddit-square.jpg,"['europe','gr','beaches','coastal','islands','history-heritage']"
6395184361,https://raw.githubusercontent.com/kubaivanov/pictures/main/meta/city-2000/thermes-beach--greece--reddit-square.jpg,"['europe','gr','beaches','coastal','islands','wellness']"
6395184362,https://raw.githubusercontent.com/kubaivanov/pictures/main/meta/city-2000/antimachia--greece--reddit-square.jpg,"['europe','gr','islands','history-heritage','art-culture']"
6395184365,https://raw.githubusercontent.com/kubaivanov/pictures/main/meta/city-2000/palio-pyli--greece--reddit-square.jpg,"['europe','gr','islands','history-heritage','mountains','religious']"
6395184366,https://raw.githubusercontent.com/kubaivanov/pictures/main/meta/city-2000/asclepieion-at-kos--greece--reddit-square.jpg,"['europe','gr','islands','history-heritage','religious']"
6395184372,https://raw.githubusercontent.com/kubaivanov/pictures/main/meta/city-2000/juticalpa--honduras--reddit-square.jpg,"['north-america','hn']"
6395184376,https://raw.githubusercontent.com/kubaivanov/pictures/main/meta/city-2000/siguatepeque--honduras--reddit-square.jpg,"['north-america','hn','mountains','nature']"
6395184386,https://raw.githubusercontent.com/kubaivanov/pictures/main/meta/city-2000/puerto-cortes--honduras--reddit-square.jpg,"['north-america','hn','coastal','history-heritage']"
6395184421,https://raw.githubusercontent.com/kubaivanov/pictures/main/meta/city-2000/bamburi-beach--kenya--reddit-square.jpg,"['africa','ke','beaches','coastal']"
6395184434,https://raw.githubusercontent.com/kubaivanov/pictures/main/meta/city-2000/desaru-coast--malaysia--reddit-square.jpg,"['asia','my','beaches','coastal']"
6395184462,https://raw.githubusercontent.com/kubaivanov/pictures/main/meta/city-2000/playa-costa-del-sol--el-salvador--reddit-square.jpg,"['north-america','sv','beaches','coastal']"
6395184466,https://raw.githubusercontent.com/kubaivanov/pictures/main/meta/city-2000/el-sunzal--el-salvador--reddit-square.jpg,"['north-america','sv','beaches','coastal','adventure']"
6395184468,https://raw.githubusercontent.com/kubaivanov/pictures/main/meta/city-2000/san-miguel--el-salvador--reddit-square.jpg,"['north-america','sv']"
6395184469,https://raw.githubusercontent.com/kubaivanov/pictures/main/meta/city-2000/atami--el-salvador--reddit-square.jpg,"['north-america','sv','beaches','coastal']"
6395184473,https://raw.githubusercontent.com/kubaivanov/pictures/main/meta/city-2000/playa-san-blas--el-salvador--reddit-square.jpg,"['north-america','sv','beaches','coastal']"
6395184478,https://raw.githubusercontent.com/kubaivanov/pictures/main/meta/city-2000/el-zonte--el-salvador--reddit-square.jpg,"['north-america','sv','beaches','coastal','adventure']"
6395184514,https://raw.githubusercontent.com/kubaivanov/pictures/main/meta/city-2000/gundogan--turkey--reddit-square.jpg,"['asia','tr','beaches','coastal','food-wine']"
6395184529,https://raw.githubusercontent.com/kubaivanov/pictures/main/meta/city-2000/al-marjan-island--united-arab-emirates--reddit-square.jpg,"['asia','ae','beaches','coastal','islands']"
6395184532,https://raw.githubusercontent.com/kubaivanov/pictures/main/meta/city-2000/ras-al-khaimah--united-arab-emirates--reddit-square.jpg,"['asia','ae','history-heritage','mountains']"
6395184535,https://raw.githubusercontent.com/kubaivanov/pictures/main/meta/city-2000/bab-al-shams--united-arab-emirates--reddit-square.jpg,"['asia','ae','nature','wellness']"
6395184536,https://raw.githubusercontent.com/kubaivanov/pictures/main/meta/city-2000/al-aqah--united-arab-emirates--reddit-square.jpg,"['asia','ae','beaches','coastal','mountains']"
6395184541,https://raw.githubusercontent.com/kubaivanov/pictures/main/meta/city-2000/darkwood-beach--antigua-and-barbuda--reddit-square.jpg,"['north-america','ag','beaches','coastal','islands']"
6395184545,https://raw.githubusercontent.com/kubaivanov/pictures/main/meta/city-2000/runaway-bay--antigua-and-barbuda--reddit-square.jpg,"['north-america','ag','beaches','coastal','islands']"
6395184550,https://raw.githubusercontent.com/kubaivanov/pictures/main/meta/city-2000/hodges-bay--antigua-and-barbuda--reddit-square.jpg,"['north-america','ag','beaches','coastal','islands']"
6395184553,https://raw.githubusercontent.com/kubaivanov/pictures/main/meta/city-2000/turners-beach--antigua-and-barbuda--reddit-square.jpg,"['north-america','ag','beaches','coastal','islands']"
6395184554,https://raw.githubusercontent.com/kubaivanov/pictures/main/meta/city-2000/dutchman-s-bay--antigua-and-barbuda--reddit-square.jpg,"['north-america','ag','beaches','coastal','islands']"
6395184557,https://raw.githubusercontent.com/kubaivanov/pictures/main/meta/city-2000/long-bay-beach--antigua-and-barbuda--reddit-square.jpg,"['north-america','ag','beaches','coastal','islands']"
6395184561,https://raw.githubusercontent.com/kubaivanov/pictures/main/meta/city-2000/hermitage-bay--antigua-and-barbuda--reddit-square.jpg,"['north-america','ag','beaches','coastal','islands']"
6395184565,https://raw.githubusercontent.com/kubaivanov/pictures/main/meta/city-2000/island-harbour--anguilla--reddit-square.jpg,"['north-america','ai','beaches','coastal','islands']"
6395184569,https://raw.githubusercontent.com/kubaivanov/pictures/main/meta/city-2000/mount-fortune--anguilla--reddit-square.jpg,"['north-america','ai','islands']"
6395184572,https://raw.githubusercontent.com/kubaivanov/pictures/main/meta/city-2000/the-valley--anguilla--reddit-square.jpg,"['north-america','ai','islands']"
6395184573,https://raw.githubusercontent.com/kubaivanov/pictures/main/meta/city-2000/long-bay-village--anguilla--reddit-square.jpg,"['north-america','ai','beaches','coastal','islands']"
6395184575,https://raw.githubusercontent.com/kubaivanov/pictures/main/meta/city-2000/shoal-bay-village--anguilla--reddit-square.jpg,"['north-america','ai','beaches','coastal','islands']"
6395184631,https://raw.githubusercontent.com/kubaivanov/pictures/main/meta/city-2000/buenos-aires--argentina--reddit-square.jpg,"['south-america','ar','history-heritage','art-culture','food-wine','well-known']"
6395184656,https://raw.githubusercontent.com/kubaivanov/pictures/main/meta/city-2000/cordoba--argentina--reddit-square.jpg,"['south-america','ar','history-heritage','art-culture','food-wine','religious']"
6395184690,https://raw.githubusercontent.com/kubaivanov/pictures/main/meta/city-2000/vienna--austria--reddit-square.jpg,"['europe','at','history-heritage','art-culture','food-wine','well-known']"
6395184720,https://raw.githubusercontent.com/kubaivanov/pictures/main/meta/city-2000/palm-beach--aruba--reddit-square.jpg,"['north-america','aw','beaches','coastal','islands']"
6395184723,https://raw.githubusercontent.com/kubaivanov/pictures/main/meta/city-2000/manchebo-beach--aruba--reddit-square.jpg,"['north-america','aw','beaches','coastal','islands']"
6395184725,https://raw.githubusercontent.com/kubaivanov/pictures/main/meta/city-2000/andicuri-beach--aruba--reddit-square.jpg,"['north-america','aw','beaches','coastal','islands']"
6395184731,https://raw.githubusercontent.com/kubaivanov/pictures/main/meta/city-2000/eagle-beach--aruba--reddit-square.jpg,"['north-america','aw','beaches','coastal','islands']"
6395184733,https://raw.githubusercontent.com/kubaivanov/pictures/main/meta/city-2000/druif-beach--aruba--reddit-square.jpg,"['north-america','aw','beaches','coastal','islands']"
6395184734,https://raw.githubusercontent.com/kubaivanov/pictures/main/meta/city-2000/divi-beach--aruba--reddit-square.jpg,"['north-america','aw','beaches','coastal','islands']"
6395184761,https://raw.githubusercontent.com/kubaivanov/pictures/main/meta/city-2000/long-bay--barbados--reddit-square.jpg,"['north-america','bb','beaches','coastal','islands']"
6395184762,https://raw.githubusercontent.com/kubaivanov/pictures/main/meta/city-2000/crane-beach--barbados--reddit-square.jpg,"['north-america','bb','beaches','coastal','islands']"
6395184773,https://raw.githubusercontent.com/kubaivanov/pictures/main/meta/city-2000/mount-standfast--barbados--reddit-square.jpg,"['north-america','bb','beaches','coastal','islands']"
6395184817,https://raw.githubusercontent.com/kubaivanov/pictures/main/meta/city-2000/sunny-beach--bulgaria--reddit-square.jpg,"['europe','bg','beaches','coastal']"
6395184839,https://raw.githubusercontent.com/kubaivanov/pictures/main/meta/city-2000/john-smith-s-bay-beach--bermuda--reddit-square.jpg,"['north-america','bm','beaches','coastal','islands']"
6395184844,https://raw.githubusercontent.com/kubaivanov/pictures/main/meta/city-2000/cooper-s-island-nature-reserve--bermuda--reddit-square.jpg,"['north-america','bm','beaches','coastal','islands','nature']"
6395184846,https://raw.githubusercontent.com/kubaivanov/pictures/main/meta/city-2000/hog-bay--bermuda--reddit-square.jpg,"['north-america','bm','beaches','coastal','islands']"
6395184850,https://raw.githubusercontent.com/kubaivanov/pictures/main/meta/city-2000/caroline-bay-marina--bermuda--reddit-square.jpg,"['north-america','bm','coastal','islands']"
6395184870,https://raw.githubusercontent.com/kubaivanov/pictures/main/meta/city-2000/puerto-quijarro--bolivia--reddit-square.jpg,"['south-america','bo','lakes-rivers','nature']"
6395184874,https://raw.githubusercontent.com/kubaivanov/pictures/main/meta/city-2000/puerto-suarez--bolivia--reddit-square.jpg,"['south-america','bo','lakes-rivers','nature']"
6395184883,https://raw.githubusercontent.com/kubaivanov/pictures/main/meta/city-2000/cabo-de-santo-agostinho--brazil--reddit-square.jpg,"['south-america','br','beaches','coastal']"
6395184884,https://raw.githubusercontent.com/kubaivanov/pictures/main/meta/city-2000/torres--brazil--reddit-square.jpg,"['south-america','br','beaches','coastal','nature']"
6395184891,https://raw.githubusercontent.com/kubaivanov/pictures/main/meta/city-2000/itacare--brazil--reddit-square.jpg,"['south-america','br','beaches','coastal','nature','adventure']"
6395184894,https://raw.githubusercontent.com/kubaivanov/pictures/main/meta/city-2000/sao-paulo--brazil--reddit-square.jpg,"['south-america','br','art-culture','food-wine','well-known']"
6395184899,https://raw.githubusercontent.com/kubaivanov/pictures/main/meta/city-2000/macae--brazil--reddit-square.jpg,"['south-america','br','beaches','coastal']"
6395184902,https://raw.githubusercontent.com/kubaivanov/pictures/main/meta/city-2000/visconde-de-maua--brazil--reddit-square.jpg,"['south-america','br','mountains','nature','adventure']"
6395184904,https://raw.githubusercontent.com/kubaivanov/pictures/main/meta/city-2000/paracuru--brazil--reddit-square.jpg,"['south-america','br','beaches','coastal','adventure']"
6395184905,https://raw.githubusercontent.com/kubaivanov/pictures/main/meta/city-2000/praia-do-rosa--brazil--reddit-square.jpg,"['south-america','br','beaches','coastal','nature','adventure']"
6395184918,https://raw.githubusercontent.com/kubaivanov/pictures/main/meta/city-2000/barra-do-sahy--brazil--reddit-square.jpg,"['south-america','br','beaches','coastal']"
6395184921,https://raw.githubusercontent.com/kubaivanov/pictures/main/meta/city-2000/erechim--brazil--reddit-square.jpg,"['south-america','br']"
6395184929,https://raw.githubusercontent.com/kubaivanov/pictures/main/meta/city-2000/aparecida--brazil--reddit-square.jpg,"['south-america','br','religious']"
6395184932,https://raw.githubusercontent.com/kubaivanov/pictures/main/meta/city-2000/sao-sebastiao--brazil--reddit-square.jpg,"['south-america','br','beaches','coastal','nature']"
6395184933,https://raw.githubusercontent.com/kubaivanov/pictures/main/meta/city-2000/paulo-afonso--brazil--reddit-square.jpg,"['south-america','br','lakes-rivers','nature','adventure']"
6395184936,https://raw.githubusercontent.com/kubaivanov/pictures/main/meta/city-2000/porto-de-galinhas--brazil--reddit-square.jpg,"['south-america','br','beaches','coastal','nature']"
6395184940,https://raw.githubusercontent.com/kubaivanov/pictures/main/meta/city-2000/ipitangas--brazil--reddit-square.jpg,"['south-america','br','beaches','coastal']"
6395184948,https://raw.githubusercontent.com/kubaivanov/pictures/main/meta/city-2000/pontal-do-peba--brazil--reddit-square.jpg,"['south-america','br','beaches','coastal']"
6395184957,https://raw.githubusercontent.com/kubaivanov/pictures/main/meta/city-2000/sao-carlos--brazil--reddit-square.jpg,"['south-america','br']"
6395184970,https://raw.githubusercontent.com/kubaivanov/pictures/main/meta/city-2000/caraguatatuba--brazil--reddit-square.jpg,"['south-america','br','beaches','coastal','mountains','nature']"
6395184975,https://raw.githubusercontent.com/kubaivanov/pictures/main/meta/city-2000/campinas--brazil--reddit-square.jpg,"['south-america','br','art-culture']"
6395184980,https://raw.githubusercontent.com/kubaivanov/pictures/main/meta/city-2000/porto-seguro--brazil--reddit-square.jpg,"['south-america','br','beaches','coastal','history-heritage','art-culture']"
6395184994,https://raw.githubusercontent.com/kubaivanov/pictures/main/meta/city-2000/mambucaba--brazil--reddit-square.jpg,"['south-america','br','beaches','coastal','history-heritage','mountains','nature']"
6395185003,https://raw.githubusercontent.com/kubaivanov/pictures/main/meta/city-2000/arraial-do-cabo--brazil--reddit-square.jpg,"['south-america','br','beaches','coastal','nature','adventure']"
6395185005,https://raw.githubusercontent.com/kubaivanov/pictures/main/meta/city-2000/criciuma--brazil--reddit-square.jpg,"['south-america','br']"
6395185007,https://raw.githubusercontent.com/kubaivanov/pictures/main/meta/city-2000/itatiaia--brazil--reddit-square.jpg,"['south-america','br','mountains','nature','adventure']"
6395185008,https://raw.githubusercontent.com/kubaivanov/pictures/main/meta/city-2000/sobral--brazil--reddit-square.jpg,"['south-america','br','history-heritage','art-culture']"
6395185013,https://raw.githubusercontent.com/kubaivanov/pictures/main/meta/city-2000/diamantina--brazil--reddit-square.jpg,"['south-america','br','history-heritage','art-culture','mountains','religious']"
6395185014,https://raw.githubusercontent.com/kubaivanov/pictures/main/meta/city-2000/cabo-frio--brazil--reddit-square.jpg,"['south-america','br','beaches','coastal']"
6395185021,https://raw.githubusercontent.com/kubaivanov/pictures/main/meta/city-2000/pipa-beach--brazil--reddit-square.jpg,"['south-america','br','beaches','coastal','nature','adventure']"
6395185028,https://raw.githubusercontent.com/kubaivanov/pictures/main/meta/city-2000/aracatuba--brazil--reddit-square.jpg,"['south-america','br']"
6395185034,https://raw.githubusercontent.com/kubaivanov/pictures/main/meta/city-2000/sao-roque--brazil--reddit-square.jpg,"['south-america','br','food-wine']"
6395185036,https://raw.githubusercontent.com/kubaivanov/pictures/main/meta/city-2000/tamandare--brazil--reddit-square.jpg,"['south-america','br','beaches','coastal','nature']"
6395185038,https://raw.githubusercontent.com/kubaivanov/pictures/main/meta/city-2000/sandyport-beach--bahamas--reddit-square.jpg,"['north-america','bs','beaches','coastal','islands']"
6395185040,https://raw.githubusercontent.com/kubaivanov/pictures/main/meta/city-2000/west-end--bahamas--reddit-square.jpg,"['north-america','bs','beaches','coastal','islands']"
6395185041,https://raw.githubusercontent.com/kubaivanov/pictures/main/meta/city-2000/coral-harbour-beach--bahamas--reddit-square.jpg,"['north-america','bs','beaches','coastal','islands']"
6395185044,https://raw.githubusercontent.com/kubaivanov/pictures/main/meta/city-2000/rokers-point-settlement--bahamas--reddit-square.jpg,"['north-america','bs','beaches','coastal','islands']"
6395185045,https://raw.githubusercontent.com/kubaivanov/pictures/main/meta/city-2000/paradise-island--bahamas--reddit-square.jpg,"['north-america','bs','beaches','coastal','islands']"
6395185046,https://raw.githubusercontent.com/kubaivanov/pictures/main/meta/city-2000/mount-pleasant-village--bahamas--reddit-square.jpg,"['north-america','bs','islands']"
6395185051,https://raw.githubusercontent.com/kubaivanov/pictures/main/meta/city-2000/adelaide--bahamas--reddit-square.jpg,"['north-america','bs','islands']"
6395185053,https://raw.githubusercontent.com/kubaivanov/pictures/main/meta/city-2000/old-fort-bay--bahamas--reddit-square.jpg,"['north-america','bs','beaches','coastal','islands','history-heritage']"
6395185054,https://raw.githubusercontent.com/kubaivanov/pictures/main/meta/city-2000/george-town--bahamas--reddit-square.jpg,"['north-america','bs','beaches','coastal','islands']"
6395185061,https://raw.githubusercontent.com/kubaivanov/pictures/main/meta/city-2000/lyford-cay--bahamas--reddit-square.jpg,"['north-america','bs','beaches','coastal','islands']"
6395185065,https://raw.githubusercontent.com/kubaivanov/pictures/main/meta/city-2000/high-rock--bahamas--reddit-square.jpg,"['north-america','bs','beaches','coastal','islands']"
6395185092,https://raw.githubusercontent.com/kubaivanov/pictures/main/meta/city-2000/richmond--canada--reddit-square.jpg,"['north-america','ca','art-culture','food-wine']"
6395185093,https://raw.githubusercontent.com/kubaivanov/pictures/main/meta/city-2000/halifax-ns--canada--reddit-square.jpg,"['north-america','ca','coastal','history-heritage','art-culture']"
6395185094,https://raw.githubusercontent.com/kubaivanov/pictures/main/meta/city-2000/toronto-on--canada--reddit-square.jpg,"['north-america','ca','art-culture','food-wine','well-known']"
6395185095,https://raw.githubusercontent.com/kubaivanov/pictures/main/meta/city-2000/vancouver-bc--canada--reddit-square.jpg,"['north-america','ca','coastal','art-culture','food-wine','mountains','nature','well-known']"
6395185100,https://raw.githubusercontent.com/kubaivanov/pictures/main/meta/city-2000/oak-island-ns--canada--reddit-square.jpg,"['north-america','ca','coastal','islands','history-heritage']"
6395185123,https://raw.githubusercontent.com/kubaivanov/pictures/main/meta/city-2000/zurich--switzerland--reddit-square.jpg,"['europe','ch','lakes-rivers','art-culture','food-wine','well-known']"
6395185138,https://raw.githubusercontent.com/kubaivanov/pictures/main/meta/city-2000/interlaken--switzerland--reddit-square.jpg,"['europe','ch','lakes-rivers','mountains','nature','adventure','well-known']"
6395185162,https://raw.githubusercontent.com/kubaivanov/pictures/main/meta/city-2000/puerto-montt--chile--reddit-square.jpg,"['south-america','cl','coastal','lakes-rivers','mountains','nature']"
6395185176,https://raw.githubusercontent.com/kubaivanov/pictures/main/meta/city-2000/valle-nevado--chile--reddit-square.jpg,"['south-america','cl','mountains','adventure']"
6395185179,https://raw.githubusercontent.com/kubaivanov/pictures/main/meta/city-2000/curico--chile--reddit-square.jpg,"['south-america','cl','food-wine']"
6395185189,https://raw.githubusercontent.com/kubaivanov/pictures/main/meta/city-2000/pozo-almonte--chile--reddit-square.jpg,"['south-america','cl']"
6395185268,https://raw.githubusercontent.com/kubaivanov/pictures/main/meta/city-2000/montezuma--costa-rica--reddit-square.jpg,"['north-america','cr','beaches','coastal','nature','adventure']"
6395185271,https://raw.githubusercontent.com/kubaivanov/pictures/main/meta/city-2000/bejuco-beach--costa-rica--reddit-square.jpg,"['north-america','cr','beaches','coastal']"
6395185272,https://raw.githubusercontent.com/kubaivanov/pictures/main/meta/city-2000/san-ramon--costa-rica--reddit-square.jpg,"['north-america','cr']"
6395185276,https://raw.githubusercontent.com/kubaivanov/pictures/main/meta/city-2000/peninsula-papagayo--costa-rica--reddit-square.jpg,"['north-america','cr','beaches','coastal','nature','adventure']"
6395185280,https://raw.githubusercontent.com/kubaivanov/pictures/main/meta/city-2000/puerto-limon--costa-rica--reddit-square.jpg,"['north-america','cr','coastal','history-heritage','art-culture']"
6395185293,https://raw.githubusercontent.com/kubaivanov/pictures/main/meta/city-2000/ojochal--costa-rica--reddit-square.jpg,"['north-america','cr','coastal','nature']"
6395185297,https://raw.githubusercontent.com/kubaivanov/pictures/main/meta/city-2000/playa-matapalo-carrillo--costa-rica--reddit-square.jpg,"['north-america','cr','beaches','coastal','nature']"
6395185300,https://raw.githubusercontent.com/kubaivanov/pictures/main/meta/city-2000/playa-panama--costa-rica--reddit-square.jpg,"['north-america','cr','beaches','coastal']"
6395185302,https://raw.githubusercontent.com/kubaivanov/pictures/main/meta/city-2000/monteverde--costa-rica--reddit-square.jpg,"['north-america','cr','mountains','nature','adventure','well-known']"
6395185310,https://raw.githubusercontent.com/kubaivanov/pictures/main/meta/city-2000/potrero--costa-rica--reddit-square.jpg,"['north-america','cr','beaches','coastal']"
6395185314,https://raw.githubusercontent.com/kubaivanov/pictures/main/meta/city-2000/venado-san-carlos--costa-rica--reddit-square.jpg,"['north-america','cr','nature','adventure']"
6395185317,https://raw.githubusercontent.com/kubaivanov/pictures/main/meta/city-2000/puerto-viejo-de-talamanca--costa-rica--reddit-square.jpg,"['north-america','cr','beaches','coastal','nature','adventure']"
6395185318,https://raw.githubusercontent.com/kubaivanov/pictures/main/meta/city-2000/pinilla--costa-rica--reddit-square.jpg,"['north-america','cr','beaches','coastal']"
6395185320,https://raw.githubusercontent.com/kubaivanov/pictures/main/meta/city-2000/del-coco-beach--costa-rica--reddit-square.jpg,"['north-america','cr','beaches','coastal']"
6395185324,https://raw.githubusercontent.com/kubaivanov/pictures/main/meta/city-2000/puerto-jimenez--costa-rica--reddit-square.jpg,"['north-america','cr','coastal','nature','adventure']"
6395185325,https://raw.githubusercontent.com/kubaivanov/pictures/main/meta/city-2000/puerto-caldera--costa-rica--reddit-square.jpg,"['north-america','cr','coastal']"
6395185329,https://raw.githubusercontent.com/kubaivanov/pictures/main/meta/city-2000/lake-arenal--costa-rica--reddit-square.jpg,"['north-america','cr','lakes-rivers','mountains','nature','adventure']"
6395185334,https://raw.githubusercontent.com/kubaivanov/pictures/main/meta/city-2000/havana--cuba--reddit-square.jpg,"['north-america','cu','coastal','history-heritage','art-culture','food-wine','well-known']"
6395185845,https://raw.githubusercontent.com/kubaivanov/pictures/main/meta/city-2000/fredericia--denmark--reddit-square.jpg,"['europe','dk','coastal','history-heritage']"
6395185852,https://raw.githubusercontent.com/kubaivanov/pictures/main/meta/city-2000/la-romana--dominican-republic--reddit-square.jpg,"['north-america','do','beaches','coastal']"
6395185856,https://raw.githubusercontent.com/kubaivanov/pictures/main/meta/city-2000/las-terrenas--dominican-republic--reddit-square.jpg,"['north-america','do','beaches','coastal']"
6395185860,https://raw.githubusercontent.com/kubaivanov/pictures/main/meta/city-2000/playa-rincon--dominican-republic--reddit-square.jpg,"['north-america','do','beaches','coastal']"
6395185861,https://raw.githubusercontent.com/kubaivanov/pictures/main/meta/city-2000/dominicus--dominican-republic--reddit-square.jpg,"['north-america','do','beaches','coastal']"
6395185864,https://raw.githubusercontent.com/kubaivanov/pictures/main/meta/city-2000/monte-cristi--dominican-republic--reddit-square.jpg,"['north-america','do','coastal','nature']"
6395185907,https://raw.githubusercontent.com/kubaivanov/pictures/main/meta/city-2000/esna--egypt--reddit-square.jpg,"['africa','eg','lakes-rivers','history-heritage','religious']"
6395185916,https://raw.githubusercontent.com/kubaivanov/pictures/main/meta/city-2000/el-gouna--egypt--reddit-square.jpg,"['africa','eg','beaches','coastal','adventure']"
6395185918,https://raw.githubusercontent.com/kubaivanov/pictures/main/meta/city-2000/minya--egypt--reddit-square.jpg,"['africa','eg','lakes-rivers','history-heritage']"
6395185920,https://raw.githubusercontent.com/kubaivanov/pictures/main/meta/city-2000/cairo--egypt--reddit-square.jpg,"['africa','eg','history-heritage','art-culture','food-wine','religious','well-known']"
6395185922,https://raw.githubusercontent.com/kubaivanov/pictures/main/meta/city-2000/sahl-hasheesh--egypt--reddit-square.jpg,"['africa','eg','beaches','coastal']"
6395185924,https://raw.githubusercontent.com/kubaivanov/pictures/main/meta/city-2000/sohag--egypt--reddit-square.jpg,"['africa','eg','lakes-rivers','history-heritage','religious']"
6395185927,https://raw.githubusercontent.com/kubaivanov/pictures/main/meta/city-2000/marina-el-alamein--egypt--reddit-square.jpg,"['africa','eg','beaches','coastal']"
6395185929,https://raw.githubusercontent.com/kubaivanov/pictures/main/meta/city-2000/safaga--egypt--reddit-square.jpg,"['africa','eg','beaches','coastal','adventure']"
6395186104,https://raw.githubusercontent.com/kubaivanov/pictures/main/meta/city-2000/helsinki--finland--reddit-square.jpg,"['europe','fi','coastal','art-culture','food-wine','well-known']"
6395186105,https://raw.githubusercontent.com/kubaivanov/pictures/main/meta/city-2000/santa-claus-village--finland--reddit-square.jpg,"['europe','fi','art-culture','nature','well-known']"
6395186123,https://raw.githubusercontent.com/kubaivanov/pictures/main/meta/city-2000/lautoka--fiji--reddit-square.jpg,"['oceania','fj','coastal','islands']"
6395186126,https://raw.githubusercontent.com/kubaivanov/pictures/main/meta/city-2000/sigatoka--fiji--reddit-square.jpg,"['oceania','fj','beaches','coastal','islands','nature']"
6395186127,https://raw.githubusercontent.com/kubaivanov/pictures/main/meta/city-2000/nadi--fiji--reddit-square.jpg,"['oceania','fj','beaches','coastal','islands','adventure']"
6395186247,https://raw.githubusercontent.com/kubaivanov/pictures/main/meta/city-2000/lyon--france--reddit-square.jpg,"['europe','fr','lakes-rivers','history-heritage','art-culture','food-wine','well-known']"
6395186291,https://raw.githubusercontent.com/kubaivanov/pictures/main/meta/city-2000/marseille--france--reddit-square.jpg,"['europe','fr','beaches','coastal','history-heritage','art-culture','food-wine','well-known']"
6395186375,https://raw.githubusercontent.com/kubaivanov/pictures/main/meta/city-2000/st-michael-s-mount--united-kingdom--reddit-square.jpg,"['europe','gb','coastal','islands','history-heritage','nature']"
6395186810,https://raw.githubusercontent.com/kubaivanov/pictures/main/meta/city-2000/puerto-barrios--guatemala--reddit-square.jpg,"['north-america','gt','coastal']"
6395186832,https://raw.githubusercontent.com/kubaivanov/pictures/main/meta/city-2000/puerto-quetzal--guatemala--reddit-square.jpg,"['north-america','gt','coastal']"
6395186843,https://raw.githubusercontent.com/kubaivanov/pictures/main/meta/city-2000/tela--honduras--reddit-square.jpg,"['north-america','hn','beaches','coastal','nature']"
6395186892,https://raw.githubusercontent.com/kubaivanov/pictures/main/meta/city-2000/jakarta--indonesia--reddit-square.jpg,"['asia','id','history-heritage','art-culture','food-wine']"
6395186902,https://raw.githubusercontent.com/kubaivanov/pictures/main/meta/city-2000/amed-coast--indonesia--reddit-square.jpg,"['asia','id','beaches','coastal','adventure']"
6395186903,https://raw.githubusercontent.com/kubaivanov/pictures/main/meta/city-2000/padang-padang-beach--indonesia--reddit-square.jpg,"['asia','id','beaches','coastal','adventure']"
6395186920,https://raw.githubusercontent.com/kubaivanov/pictures/main/meta/city-2000/ljen-volcano-camp--indonesia--reddit-square.jpg,"['asia','id','mountains','nature','adventure']"
6395186968,https://raw.githubusercontent.com/kubaivanov/pictures/main/meta/city-2000/clifden--ireland--reddit-square.jpg,"['europe','ie','coastal','mountains','nature']"
6395186974,https://raw.githubusercontent.com/kubaivanov/pictures/main/meta/city-2000/cong--ireland--reddit-square.jpg,"['europe','ie','lakes-rivers','history-heritage','nature']"
6395186975,https://raw.githubusercontent.com/kubaivanov/pictures/main/meta/city-2000/doolin--ireland--reddit-square.jpg,"['europe','ie','coastal','art-culture','nature']"
6395186991,https://raw.githubusercontent.com/kubaivanov/pictures/main/meta/city-2000/gokarna--india--reddit-square.jpg,"['asia','in','beaches','coastal','nature','religious','well-known']"
6395186992,https://raw.githubusercontent.com/kubaivanov/pictures/main/meta/city-2000/shivamogga--india--reddit-square.jpg,"['asia','in','mountains','nature','adventure']"
6395187000,https://raw.githubusercontent.com/kubaivanov/pictures/main/meta/city-2000/sawai-madhopur--india--reddit-square.jpg,"['asia','in','history-heritage','nature','adventure','well-known']"
6395187005,https://raw.githubusercontent.com/kubaivanov/pictures/main/meta/city-2000/zaheerabad--india--reddit-square.jpg,"['asia','in']"
6395187012,https://raw.githubusercontent.com/kubaivanov/pictures/main/meta/city-2000/quito--india--reddit-square.jpg,"['asia','in']"
6395187013,https://raw.githubusercontent.com/kubaivanov/pictures/main/meta/city-2000/sangli--india--reddit-square.jpg,"['asia','in','food-wine']"
6395187014,https://raw.githubusercontent.com/kubaivanov/pictures/main/meta/city-2000/jalandhar--india--reddit-square.jpg,"['asia','in']"
6395187018,https://raw.githubusercontent.com/kubaivanov/pictures/main/meta/city-2000/gadhinglaj--india--reddit-square.jpg,"['asia','in']"
6395187020,https://raw.githubusercontent.com/kubaivanov/pictures/main/meta/city-2000/ujjain--india--reddit-square.jpg,"['asia','in','history-heritage','art-culture','religious']"
6395187025,https://raw.githubusercontent.com/kubaivanov/pictures/main/meta/city-2000/tonk--india--reddit-square.jpg,"['asia','in','history-heritage','art-culture']"
6395187026,https://raw.githubusercontent.com/kubaivanov/pictures/main/meta/city-2000/guruvayur--india--reddit-square.jpg,"['asia','in','religious']"
6395187028,https://raw.githubusercontent.com/kubaivanov/pictures/main/meta/city-2000/lucknow--india--reddit-square.jpg,"['asia','in','history-heritage','art-culture','food-wine']"
6395187035,https://raw.githubusercontent.com/kubaivanov/pictures/main/meta/city-2000/mantralayam--india--reddit-square.jpg,"['asia','in','religious']"
6395187036,https://raw.githubusercontent.com/kubaivanov/pictures/main/meta/city-2000/purulia--india--reddit-square.jpg,"['asia','in','art-culture','mountains','nature']"
6395187037,https://raw.githubusercontent.com/kubaivanov/pictures/main/meta/city-2000/lavasa--india--reddit-square.jpg,"['asia','in','lakes-rivers','mountains','nature','adventure']"
6395187045,https://raw.githubusercontent.com/kubaivanov/pictures/main/meta/city-2000/jaipur--india--reddit-square.jpg,"['asia','in','history-heritage','art-culture','food-wine','well-known']"
6395187046,https://raw.githubusercontent.com/kubaivanov/pictures/main/meta/city-2000/murudeshwar--india--reddit-square.jpg,"['asia','in','beaches','coastal','religious']"
6395187051,https://raw.githubusercontent.com/kubaivanov/pictures/main/meta/city-2000/baga--india--reddit-square.jpg,"['asia','in','beaches','coastal','well-known']"
6395187058,https://raw.githubusercontent.com/kubaivanov/pictures/main/meta/city-2000/delhi--india--reddit-square.jpg,"['asia','in','history-heritage','art-culture','food-wine','well-known']"
6395187059,https://raw.githubusercontent.com/kubaivanov/pictures/main/meta/city-2000/nagercoil--india--reddit-square.jpg,"['asia','in']"
6395187060,https://raw.githubusercontent.com/kubaivanov/pictures/main/meta/city-2000/karaikudi--india--reddit-square.jpg,"['asia','in','history-heritage','art-culture','food-wine']"
6395187066,https://raw.githubusercontent.com/kubaivanov/pictures/main/meta/city-2000/ludhiana--india--reddit-square.jpg,"['asia','in']"
6395187073,https://raw.githubusercontent.com/kubaivanov/pictures/main/meta/city-2000/jaisalmer--india--reddit-square.jpg,"['asia','in','history-heritage','art-culture','nature','adventure','well-known']"
6395187089,https://raw.githubusercontent.com/kubaivanov/pictures/main/meta/city-2000/kota--india--reddit-square.jpg,"['asia','in','lakes-rivers','history-heritage']"
6395187096,https://raw.githubusercontent.com/kubaivanov/pictures/main/meta/city-2000/kunkeshwar--india--reddit-square.jpg,"['asia','in','beaches','coastal','religious']"
6395187098,https://raw.githubusercontent.com/kubaivanov/pictures/main/meta/city-2000/malshej-ghat--india--reddit-square.jpg,"['asia','in','mountains','nature','adventure']"
6395187099,https://raw.githubusercontent.com/kubaivanov/pictures/main/meta/city-2000/nathdwara--india--reddit-square.jpg,"['asia','in','art-culture','religious']"
6395187121,https://raw.githubusercontent.com/kubaivanov/pictures/main/meta/city-2000/eluru--india--reddit-square.jpg,"['asia','in']"
6395187131,https://raw.githubusercontent.com/kubaivanov/pictures/main/meta/city-2000/rajapur--india--reddit-square.jpg,"['asia','in']"
6395187134,https://raw.githubusercontent.com/kubaivanov/pictures/main/meta/city-2000/mahabalipuram--india--reddit-square.jpg,"['asia','in','beaches','coastal','history-heritage','art-culture','religious','well-known']"
6395187140,https://raw.githubusercontent.com/kubaivanov/pictures/main/meta/city-2000/vijayawada--india--reddit-square.jpg,"['asia','in','lakes-rivers','religious']"
6395187146,https://raw.githubusercontent.com/kubaivanov/pictures/main/meta/city-2000/cuttack--india--reddit-square.jpg,"['asia','in','lakes-rivers','history-heritage','art-culture']"
6395187148,https://raw.githubusercontent.com/kubaivanov/pictures/main/meta/city-2000/pushkar--india--reddit-square.jpg,"['asia','in','lakes-rivers','history-heritage','art-culture','religious','well-known']"
6395187167,https://raw.githubusercontent.com/kubaivanov/pictures/main/meta/city-2000/gingee--india--reddit-square.jpg,"['asia','in','history-heritage','mountains','adventure']"
6395187178,https://raw.githubusercontent.com/kubaivanov/pictures/main/meta/city-2000/thrissur--india--reddit-square.jpg,"['asia','in','art-culture','religious']"
6395187179,https://raw.githubusercontent.com/kubaivanov/pictures/main/meta/city-2000/mathura--india--reddit-square.jpg,"['asia','in','history-heritage','art-culture','religious','well-known']"
6395187186,https://raw.githubusercontent.com/kubaivanov/pictures/main/meta/city-2000/anantapur--india--reddit-square.jpg,"['asia','in']"
6395187189,https://raw.githubusercontent.com/kubaivanov/pictures/main/meta/city-2000/mangaluru--india--reddit-square.jpg,"['asia','in','beaches','coastal','art-culture','food-wine','religious']"
6395187198,https://raw.githubusercontent.com/kubaivanov/pictures/main/meta/city-2000/margao--india--reddit-square.jpg,"['asia','in','art-culture','food-wine']"
6395187205,https://raw.githubusercontent.com/kubaivanov/pictures/main/meta/city-2000/dhule--india--reddit-square.jpg,"['asia','in']"
6395187208,https://raw.githubusercontent.com/kubaivanov/pictures/main/meta/city-2000/agra--india--reddit-square.jpg,"['asia','in','history-heritage','art-culture','well-known']"
6395187224,https://raw.githubusercontent.com/kubaivanov/pictures/main/meta/city-2000/chorla-ghat--india--reddit-square.jpg,"['asia','in','mountains','nature','adventure']"
6395187242,https://raw.githubusercontent.com/kubaivanov/pictures/main/meta/city-2000/warangal--india--reddit-square.jpg,"['asia','in','history-heritage','art-culture','religious']"
6395187247,https://raw.githubusercontent.com/kubaivanov/pictures/main/meta/city-2000/palolem--india--reddit-square.jpg,"['asia','in','beaches','coastal','nature','well-known']"
6395187248,https://raw.githubusercontent.com/kubaivanov/pictures/main/meta/city-2000/hubballi--india--reddit-square.jpg,"['asia','in']"
6395187249,https://raw.githubusercontent.com/kubaivanov/pictures/main/meta/city-2000/khilchipur--india--reddit-square.jpg,"['asia','in']"
6395187252,https://raw.githubusercontent.com/kubaivanov/pictures/main/meta/city-2000/ongole--india--reddit-square.jpg,"['asia','in']"
6395187256,https://raw.githubusercontent.com/kubaivanov/pictures/main/meta/city-2000/kurnool--india--reddit-square.jpg,"['asia','in']"
6395187261,https://raw.githubusercontent.com/kubaivanov/pictures/main/meta/city-2000/hyderabad--india--reddit-square.jpg,"['asia','in','history-heritage','art-culture','food-wine','well-known']"
6395187269,https://raw.githubusercontent.com/kubaivanov/pictures/main/meta/city-2000/solapur--india--reddit-square.jpg,"['asia','in']"
6395187273,https://raw.githubusercontent.com/kubaivanov/pictures/main/meta/city-2000/cansaulim--india--reddit-square.jpg,"['asia','in','beaches','coastal']"
6395187276,https://raw.githubusercontent.com/kubaivanov/pictures/main/meta/city-2000/agonda--india--reddit-square.jpg,"['asia','in','beaches','coastal','nature']"
6395187279,https://raw.githubusercontent.com/kubaivanov/pictures/main/meta/city-2000/dehradun--india--reddit-square.jpg,"['asia','in','mountains','nature','adventure']"
6395187281,https://raw.githubusercontent.com/kubaivanov/pictures/main/meta/city-2000/chennai--india--reddit-square.jpg,"['asia','in','coastal','history-heritage','art-culture','food-wine','well-known']"
6395187284,https://raw.githubusercontent.com/kubaivanov/pictures/main/meta/city-2000/srirangapatna--india--reddit-square.jpg,"['asia','in','lakes-rivers','history-heritage','religious']"
6395187294,https://raw.githubusercontent.com/kubaivanov/pictures/main/meta/city-2000/mount-abu--india--reddit-square.jpg,"['asia','in','lakes-rivers','history-heritage','art-culture','mountains','nature','religious']"
6395187299,https://raw.githubusercontent.com/kubaivanov/pictures/main/meta/city-2000/theni--india--reddit-square.jpg,"['asia','in','mountains','nature','adventure']"
6395187305,https://raw.githubusercontent.com/kubaivanov/pictures/main/meta/city-2000/shirdi--india--reddit-square.jpg,"['asia','in','religious','well-known']"
6395187313,https://raw.githubusercontent.com/kubaivanov/pictures/main/meta/city-2000/hella--iceland--reddit-square.jpg,"['europe','is','nature']"
6395187317,https://raw.githubusercontent.com/kubaivanov/pictures/main/meta/city-2000/reykjavik--iceland--reddit-square.jpg,"['europe','is','coastal','art-culture','food-wine','well-known']"
6395187771,https://raw.githubusercontent.com/kubaivanov/pictures/main/meta/city-2000/cinque-terre--italy--reddit-square.jpg,"['europe','it','coastal','well-known']"
6395187808,https://raw.githubusercontent.com/kubaivanov/pictures/main/meta/city-2000/palermo--italy--reddit-square.jpg,"['europe','it','history-heritage','art-culture','well-known']"
6395187890,https://raw.githubusercontent.com/kubaivanov/pictures/main/meta/city-2000/boston-bay--jamaica--reddit-square.jpg,"['north-america','jm','beaches','coastal','food-wine']"
6395187891,https://raw.githubusercontent.com/kubaivanov/pictures/main/meta/city-2000/montego-bay--jamaica--reddit-square.jpg,"['north-america','jm','beaches','coastal','well-known']"
6395187898,https://raw.githubusercontent.com/kubaivanov/pictures/main/meta/city-2000/runaway-bay--jamaica--reddit-square.jpg,"['north-america','jm','beaches','coastal']"
6395187900,https://raw.githubusercontent.com/kubaivanov/pictures/main/meta/city-2000/treasure-beach--jamaica--reddit-square.jpg,"['north-america','jm','beaches','coastal']"
6395187926,https://raw.githubusercontent.com/kubaivanov/pictures/main/meta/city-2000/tokyo--japan--reddit-square.jpg,"['asia','jp','history-heritage','art-culture','food-wine','well-known']"
6395187927,https://raw.githubusercontent.com/kubaivanov/pictures/main/meta/city-2000/kyoto--japan--reddit-square.jpg,"['asia','jp','history-heritage','art-culture','food-wine','religious','well-known']"
6395187993,https://raw.githubusercontent.com/kubaivanov/pictures/main/meta/city-2000/diani-beach--kenya--reddit-square.jpg,"['africa','ke','beaches','coastal','nature','adventure']"
6395187994,https://raw.githubusercontent.com/kubaivanov/pictures/main/meta/city-2000/isinya--kenya--reddit-square.jpg,"['africa','ke']"
6395188003,https://raw.githubusercontent.com/kubaivanov/pictures/main/meta/city-2000/homa-bay--kenya--reddit-square.jpg,"['africa','ke','lakes-rivers','mountains','nature']"
6395188010,https://raw.githubusercontent.com/kubaivanov/pictures/main/meta/city-2000/garissa--kenya--reddit-square.jpg,"['africa','ke']"
6395188014,https://raw.githubusercontent.com/kubaivanov/pictures/main/meta/city-2000/eldoret--kenya--reddit-square.jpg,"['africa','ke']"
6395188015,https://raw.githubusercontent.com/kubaivanov/pictures/main/meta/city-2000/narok--kenya--reddit-square.jpg,"['africa','ke','nature','adventure']"
6395188017,https://raw.githubusercontent.com/kubaivanov/pictures/main/meta/city-2000/shimoni--kenya--reddit-square.jpg,"['africa','ke','beaches','coastal','adventure']"
6395188021,https://raw.githubusercontent.com/kubaivanov/pictures/main/meta/city-2000/kabartnet--kenya--reddit-square.jpg,"['africa','ke','mountains','nature']"
6395188027,https://raw.githubusercontent.com/kubaivanov/pictures/main/meta/city-2000/kendu-bay--kenya--reddit-square.jpg,"['africa','ke','lakes-rivers']"
6395188028,https://raw.githubusercontent.com/kubaivanov/pictures/main/meta/city-2000/mpeketoni--kenya--reddit-square.jpg,"['africa','ke','coastal','nature']"
6395188030,https://raw.githubusercontent.com/kubaivanov/pictures/main/meta/city-2000/lodwar--kenya--reddit-square.jpg,"['africa','ke','lakes-rivers']"
6395188031,https://raw.githubusercontent.com/kubaivanov/pictures/main/meta/city-2000/migori--kenya--reddit-square.jpg,"['africa','ke']"
6395188032,https://raw.githubusercontent.com/kubaivanov/pictures/main/meta/city-2000/mariakani--kenya--reddit-square.jpg,"['africa','ke']"
6395188033,https://raw.githubusercontent.com/kubaivanov/pictures/main/meta/city-2000/eldama-ravine--kenya--reddit-square.jpg,"['africa','ke','mountains','nature']"
6395188066,https://raw.githubusercontent.com/kubaivanov/pictures/main/meta/city-2000/samraong--cambodia--reddit-square.jpg,"['asia','kh']"
6395188075,https://raw.githubusercontent.com/kubaivanov/pictures/main/meta/city-2000/ban-lung--cambodia--reddit-square.jpg,"['asia','kh','lakes-rivers','nature','adventure']"
6395188078,https://raw.githubusercontent.com/kubaivanov/pictures/main/meta/city-2000/pursat--cambodia--reddit-square.jpg,"['asia','kh']"
6395188079,https://raw.githubusercontent.com/kubaivanov/pictures/main/meta/city-2000/oudong--cambodia--reddit-square.jpg,"['asia','kh','history-heritage','art-culture','religious']"
6395188082,https://raw.githubusercontent.com/kubaivanov/pictures/main/meta/city-2000/otres-beach--cambodia--reddit-square.jpg,"['asia','kh','beaches','coastal']"
6395188094,https://raw.githubusercontent.com/kubaivanov/pictures/main/meta/city-2000/seoul--south-korea--reddit-square.jpg,"['asia','kr','history-heritage','art-culture','food-wine','well-known']"
6395188109,https://raw.githubusercontent.com/kubaivanov/pictures/main/meta/city-2000/west-bay--cayman-islands--reddit-square.jpg,"['north-america','ky','beaches','coastal','islands']"
6395188113,https://raw.githubusercontent.com/kubaivanov/pictures/main/meta/city-2000/gun-bay--cayman-islands--reddit-square.jpg,"['north-america','ky','beaches','coastal','islands']"
6395188115,https://raw.githubusercontent.com/kubaivanov/pictures/main/meta/city-2000/old-man-bay--cayman-islands--reddit-square.jpg,"['north-america','ky','beaches','coastal','islands']"
6395188145,https://raw.githubusercontent.com/kubaivanov/pictures/main/meta/city-2000/sulphur-springs--saint-lucia--reddit-square.jpg,"['north-america','lc','nature','wellness']"
6395188150,https://raw.githubusercontent.com/kubaivanov/pictures/main/meta/city-2000/anse-cochon-beach--saint-lucia--reddit-square.jpg,"['north-america','lc','beaches','coastal','islands']"
6395188158,https://raw.githubusercontent.com/kubaivanov/pictures/main/meta/city-2000/rodney-bay--saint-lucia--reddit-square.jpg,"['north-america','lc','beaches','coastal','islands']"
6395188170,https://raw.githubusercontent.com/kubaivanov/pictures/main/meta/city-2000/matale--sri-lanka--reddit-square.jpg,"['asia','lk','art-culture','mountains','nature']"
6395188172,https://raw.githubusercontent.com/kubaivanov/pictures/main/meta/city-2000/nanuoya--sri-lanka--reddit-square.jpg,"['asia','lk','mountains','nature']"
6395188176,https://raw.githubusercontent.com/kubaivanov/pictures/main/meta/city-2000/ella--sri-lanka--reddit-square.jpg,"['asia','lk','mountains','nature','adventure','well-known']"
6395188178,https://raw.githubusercontent.com/kubaivanov/pictures/main/meta/city-2000/aralaganwila--sri-lanka--reddit-square.jpg,"['asia','lk','nature']"
6395188180,https://raw.githubusercontent.com/kubaivanov/pictures/main/meta/city-2000/mawanella--sri-lanka--reddit-square.jpg,"['asia','lk','mountains','nature']"
6395188189,https://raw.githubusercontent.com/kubaivanov/pictures/main/meta/city-2000/oluvil--sri-lanka--reddit-square.jpg,"['asia','lk','beaches','coastal']"
6395188198,https://raw.githubusercontent.com/kubaivanov/pictures/main/meta/city-2000/tissamaharama--sri-lanka--reddit-square.jpg,"['asia','lk','lakes-rivers','history-heritage','nature']"
6395188209,https://raw.githubusercontent.com/kubaivanov/pictures/main/meta/city-2000/mirigama--sri-lanka--reddit-square.jpg,"['asia','lk']"
6395188210,https://raw.githubusercontent.com/kubaivanov/pictures/main/meta/city-2000/trincomalee--sri-lanka--reddit-square.jpg,"['asia','lk','beaches','coastal','history-heritage','nature']"
6395188211,https://raw.githubusercontent.com/kubaivanov/pictures/main/meta/city-2000/muthur--sri-lanka--reddit-square.jpg,"['asia','lk','coastal']"
6395188572,https://raw.githubusercontent.com/kubaivanov/pictures/main/meta/city-2000/negombo--sri-lanka--reddit-square.jpg,"['asia','lk','beaches','coastal','food-wine']"
6395188574,https://raw.githubusercontent.com/kubaivanov/pictures/main/meta/city-2000/ja-ela--sri-lanka--reddit-square.jpg,"['asia','lk']"
6395188583,https://raw.githubusercontent.com/kubaivanov/pictures/main/meta/city-2000/bentota--sri-lanka--reddit-square.jpg,"['asia','lk','beaches','coastal','adventure']"
6395188589,https://raw.githubusercontent.com/kubaivanov/pictures/main/meta/city-2000/monaragala--sri-lanka--reddit-square.jpg,"['asia','lk','mountains','nature']"
6395188591,https://raw.githubusercontent.com/kubaivanov/pictures/main/meta/city-2000/walasmulla--sri-lanka--reddit-square.jpg,"['asia','lk']"
6395188601,https://raw.githubusercontent.com/kubaivanov/pictures/main/meta/city-2000/habarana--sri-lanka--reddit-square.jpg,"['asia','lk','history-heritage','nature','adventure']"
6395188603,https://raw.githubusercontent.com/kubaivanov/pictures/main/meta/city-2000/arugam-bay--sri-lanka--reddit-square.jpg,"['asia','lk','beaches','coastal','adventure']"
6395188617,https://raw.githubusercontent.com/kubaivanov/pictures/main/meta/city-2000/pallekele--sri-lanka--reddit-square.jpg,"['asia','lk','lakes-rivers']"
6395188627,https://raw.githubusercontent.com/kubaivanov/pictures/main/meta/city-2000/knuckles-mountain-range--sri-lanka--reddit-square.jpg,"['asia','lk','mountains','nature','adventure','well-known']"
6395188630,https://raw.githubusercontent.com/kubaivanov/pictures/main/meta/city-2000/alawwa--sri-lanka--reddit-square.jpg,"['asia','lk']"
6395188633,https://raw.githubusercontent.com/kubaivanov/pictures/main/meta/city-2000/kalutara--sri-lanka--reddit-square.jpg,"['asia','lk','beaches','coastal','religious']"
6395188638,https://raw.githubusercontent.com/kubaivanov/pictures/main/meta/city-2000/kiribathgoda--sri-lanka--reddit-square.jpg,"['asia','lk','religious']"
6395188641,https://raw.githubusercontent.com/kubaivanov/pictures/main/meta/city-2000/pasikuda--sri-lanka--reddit-square.jpg,"['asia','lk','beaches','coastal']"
6395188643,https://raw.githubusercontent.com/kubaivanov/pictures/main/meta/city-2000/kadawatha--sri-lanka--reddit-square.jpg,"['asia','lk']"
6395188644,https://raw.githubusercontent.com/kubaivanov/pictures/main/meta/city-2000/kelaniya--sri-lanka--reddit-square.jpg,"['asia','lk','history-heritage','art-culture','religious']"
6395188646,https://raw.githubusercontent.com/kubaivanov/pictures/main/meta/city-2000/mullaitivu--sri-lanka--reddit-square.jpg,"['asia','lk','beaches','coastal']"
6395188649,https://raw.githubusercontent.com/kubaivanov/pictures/main/meta/city-2000/mandur--sri-lanka--reddit-square.jpg,"['asia','lk','coastal','nature']"
6395188650,https://raw.githubusercontent.com/kubaivanov/pictures/main/meta/city-2000/beruwala--sri-lanka--reddit-square.jpg,"['asia','lk','beaches','coastal']"
6395188653,https://raw.githubusercontent.com/kubaivanov/pictures/main/meta/city-2000/kalmunai--sri-lanka--reddit-square.jpg,"['asia','lk','beaches','coastal']"
6395188708,https://raw.githubusercontent.com/kubaivanov/pictures/main/meta/city-2000/lazaropole--north-macedonia--reddit-square.jpg,"['europe','mk','mountains','nature']"
6395188710,https://raw.githubusercontent.com/kubaivanov/pictures/main/meta/city-2000/struga--north-macedonia--reddit-square.jpg,"['europe','mk','lakes-rivers','art-culture']"
6395188712,https://raw.githubusercontent.com/kubaivanov/pictures/main/meta/city-2000/marko-s-towers--north-macedonia--reddit-square.jpg,"['europe','mk','history-heritage','mountains']"
6395188717,https://raw.githubusercontent.com/kubaivanov/pictures/main/meta/city-2000/strumica--north-macedonia--reddit-square.jpg,"['europe','mk','wellness']"
6395188755,https://raw.githubusercontent.com/kubaivanov/pictures/main/meta/city-2000/goodlands--mauritius--reddit-square.jpg,"['africa','mu','islands']"
6395188757,https://raw.githubusercontent.com/kubaivanov/pictures/main/meta/city-2000/trou-aux-biches-beach--mauritius--reddit-square.jpg,"['africa','mu','beaches','coastal','islands']"
6395188759,https://raw.githubusercontent.com/kubaivanov/pictures/main/meta/city-2000/bel-ombre--mauritius--reddit-square.jpg,"['africa','mu','beaches','coastal','islands','nature','adventure']"
6395188761,https://raw.githubusercontent.com/kubaivanov/pictures/main/meta/city-2000/flic-en-flac-beach--mauritius--reddit-square.jpg,"['africa','mu','beaches','coastal','islands']"
6395188764,https://raw.githubusercontent.com/kubaivanov/pictures/main/meta/city-2000/blue-bay--mauritius--reddit-square.jpg,"['africa','mu','beaches','coastal','islands','nature']"
6395188766,https://raw.githubusercontent.com/kubaivanov/pictures/main/meta/city-2000/hulhumale--maldives--reddit-square.jpg,"['asia','mv','beaches','coastal','islands']"
6395188768,https://raw.githubusercontent.com/kubaivanov/pictures/main/meta/city-2000/male--maldives--reddit-square.jpg,"['asia','mv','coastal','islands','art-culture']"
6395188836,https://raw.githubusercontent.com/kubaivanov/pictures/main/meta/city-2000/mexico-city--mexico--reddit-square.jpg,"['north-america','mx','history-heritage','art-culture','food-wine','religious','well-known']"
6395188924,https://raw.githubusercontent.com/kubaivanov/pictures/main/meta/city-2000/ipoh--malaysia--reddit-square.jpg,"['asia','my','history-heritage','art-culture','food-wine','religious']"
6395188926,https://raw.githubusercontent.com/kubaivanov/pictures/main/meta/city-2000/genting-highlands--malaysia--reddit-square.jpg,"['asia','my','mountains','adventure']"
6395188932,https://raw.githubusercontent.com/kubaivanov/pictures/main/meta/city-2000/sipitang--malaysia--reddit-square.jpg,"['asia','my','coastal','nature']"
6395188935,https://raw.githubusercontent.com/kubaivanov/pictures/main/meta/city-2000/kuala-besut--malaysia--reddit-square.jpg,"['asia','my','coastal','islands']"
6395188939,https://raw.githubusercontent.com/kubaivanov/pictures/main/meta/city-2000/kuala-terengganu--malaysia--reddit-square.jpg,"['asia','my','beaches','coastal','history-heritage','religious']"
6395188940,https://raw.githubusercontent.com/kubaivanov/pictures/main/meta/city-2000/rawang--malaysia--reddit-square.jpg,"['asia','my','nature']"
6395188947,https://raw.githubusercontent.com/kubaivanov/pictures/main/meta/city-2000/lumut--malaysia--reddit-square.jpg,"['asia','my','coastal','islands']"
6395188964,https://raw.githubusercontent.com/kubaivanov/pictures/main/meta/city-2000/terrace-bay--namibia--reddit-square.jpg,"['africa','na','coastal','nature']"
6395188965,https://raw.githubusercontent.com/kubaivanov/pictures/main/meta/city-2000/henties-bay--namibia--reddit-square.jpg,"['africa','na','beaches','coastal','nature']"
6395188966,https://raw.githubusercontent.com/kubaivanov/pictures/main/meta/city-2000/walvis-bay--namibia--reddit-square.jpg,"['africa','na','coastal','nature','adventure']"
6395188976,https://raw.githubusercontent.com/kubaivanov/pictures/main/meta/city-2000/mowe-bay--namibia--reddit-square.jpg,"['africa','na','coastal','nature']"
6395189027,https://raw.githubusercontent.com/kubaivanov/pictures/main/meta/city-2000/trolltunga--norway--reddit-square.jpg,"['europe','no','mountains','nature','adventure','well-known']"
6395189028,https://raw.githubusercontent.com/kubaivanov/pictures/main/meta/city-2000/loen--norway--reddit-square.jpg,"['europe','no','lakes-rivers','mountains','nature','adventure']"
6395189031,https://raw.githubusercontent.com/kubaivanov/pictures/main/meta/city-2000/myrdalsvingane--norway--reddit-square.jpg,"['europe','no','mountains','nature','adventure']"
6395189042,https://raw.githubusercontent.com/kubaivanov/pictures/main/meta/city-2000/oslo--norway--reddit-square.jpg,"['europe','no','coastal','art-culture','food-wine','well-known']"
6395189043,https://raw.githubusercontent.com/kubaivanov/pictures/main/meta/city-2000/nuwakot--nepal--reddit-square.jpg,"['asia','np','history-heritage','mountains']"
6395189047,https://raw.githubusercontent.com/kubaivanov/pictures/main/meta/city-2000/dolakha-town--nepal--reddit-square.jpg,"['asia','np','history-heritage','mountains','religious']"
6395189051,https://raw.githubusercontent.com/kubaivanov/pictures/main/meta/city-2000/sauraha--nepal--reddit-square.jpg,"['asia','np','nature','adventure']"
6395189058,https://raw.githubusercontent.com/kubaivanov/pictures/main/meta/city-2000/kalinchowk--nepal--reddit-square.jpg,"['asia','np','mountains','adventure']"
6395189059,https://raw.githubusercontent.com/kubaivanov/pictures/main/meta/city-2000/bardibas--nepal--reddit-square.jpg,"['asia','np']"
6395189060,https://raw.githubusercontent.com/kubaivanov/pictures/main/meta/city-2000/rajbiraj--nepal--reddit-square.jpg,"['asia','np']"
6395189064,https://raw.githubusercontent.com/kubaivanov/pictures/main/meta/city-2000/nagarkot--nepal--reddit-square.jpg,"['asia','np','mountains','nature']"
6395189065,https://raw.githubusercontent.com/kubaivanov/pictures/main/meta/city-2000/biratnagar--nepal--reddit-square.jpg,"['asia','np']"
6395189066,https://raw.githubusercontent.com/kubaivanov/pictures/main/meta/city-2000/sarangkot--nepal--reddit-square.jpg,"['asia','np','mountains','nature','adventure']"
6395189071,https://raw.githubusercontent.com/kubaivanov/pictures/main/meta/city-2000/balthali--nepal--reddit-square.jpg,"['asia','np','mountains','nature']"
6395189072,https://raw.githubusercontent.com/kubaivanov/pictures/main/meta/city-2000/dharan--nepal--reddit-square.jpg,"['asia','np','mountains','nature']"
6395189084,https://raw.githubusercontent.com/kubaivanov/pictures/main/meta/city-2000/jackson-bay--new-zealand--reddit-square.jpg,"['oceania','nz','coastal','nature']"
6395189182,https://raw.githubusercontent.com/kubaivanov/pictures/main/meta/city-2000/mount-hagen--papua-new-guinea--reddit-square.jpg,"['oceania','pg','art-culture','mountains','nature']"
6395189184,https://raw.githubusercontent.com/kubaivanov/pictures/main/meta/city-2000/keapara-beach--papua-new-guinea--reddit-square.jpg,"['oceania','pg','beaches','coastal','islands']"
6395189238,https://raw.githubusercontent.com/kubaivanov/pictures/main/meta/city-2000/guanica-state-forest--puerto-rico--reddit-square.jpg,"['north-america','pr','beaches','coastal','nature']"
6395189240,https://raw.githubusercontent.com/kubaivanov/pictures/main/meta/city-2000/seven-seas-beach--puerto-rico--reddit-square.jpg,"['north-america','pr','beaches','coastal']"
6395189256,https://raw.githubusercontent.com/kubaivanov/pictures/main/meta/city-2000/cabo-rojo--puerto-rico--reddit-square.jpg,"['north-america','pr','beaches','coastal','nature']"
6395189267,https://raw.githubusercontent.com/kubaivanov/pictures/main/meta/city-2000/funchal--portugal--reddit-square.jpg,"['europe','pt','coastal','islands','history-heritage','art-culture','food-wine','mountains','nature','well-known']"
6395189373,https://raw.githubusercontent.com/kubaivanov/pictures/main/meta/city-2000/salwa-beach--qatar--reddit-square.jpg,"['asia','qa','beaches','coastal']"
6395189374,https://raw.githubusercontent.com/kubaivanov/pictures/main/meta/city-2000/doha--qatar--reddit-square.jpg,"['asia','qa','coastal','art-culture','food-wine','well-known']"
6395189379,https://raw.githubusercontent.com/kubaivanov/pictures/main/meta/city-2000/grand-galet-falls--reunion--reddit-square.jpg,"['africa','re','mountains','nature','adventure']"
6395189596,https://raw.githubusercontent.com/kubaivanov/pictures/main/meta/city-2000/port-glaud-lagoon--seychelles--reddit-square.jpg,"['africa','sc','beaches','coastal','islands','nature']"
6395189606,https://raw.githubusercontent.com/kubaivanov/pictures/main/meta/city-2000/stockholm--sweden--reddit-square.jpg,"['europe','se','coastal','islands','art-culture','food-wine','well-known']"
6395189661,https://raw.githubusercontent.com/kubaivanov/pictures/main/meta/city-2000/la-libertad--el-salvador--reddit-square.jpg,"['north-america','sv','beaches','coastal','adventure']"
6395189665,https://raw.githubusercontent.com/kubaivanov/pictures/main/meta/city-2000/el-congo--el-salvador--reddit-square.jpg,"['north-america','sv','lakes-rivers','mountains','nature']"
6395189691,https://raw.githubusercontent.com/kubaivanov/pictures/main/meta/city-2000/bangkok--thailand--reddit-square.jpg,"['asia','th','history-heritage','art-culture','food-wine','religious','well-known']"
6395189741,https://raw.githubusercontent.com/kubaivanov/pictures/main/meta/city-2000/adana--turkey--reddit-square.jpg,"['asia','tr','history-heritage','food-wine']"
6395189754,https://raw.githubusercontent.com/kubaivanov/pictures/main/meta/city-2000/istanbul--turkey--reddit-square.jpg,"['asia','tr','coastal','history-heritage','art-culture','food-wine','religious','well-known']"
6395189759,https://raw.githubusercontent.com/kubaivanov/pictures/main/meta/city-2000/urla--turkey--reddit-square.jpg,"['asia','tr','coastal','history-heritage','food-wine']"
6395189772,https://raw.githubusercontent.com/kubaivanov/pictures/main/meta/city-2000/tekirova--turkey--reddit-square.jpg,"['asia','tr','beaches','coastal','mountains','nature']"
6395189774,https://raw.githubusercontent.com/kubaivanov/pictures/main/meta/city-2000/kusadasi--turkey--reddit-square.jpg,"['asia','tr','beaches','coastal','history-heritage']"
6395189782,https://raw.githubusercontent.com/kubaivanov/pictures/main/meta/city-2000/bodrum--turkey--reddit-square.jpg,"['asia','tr','beaches','coastal','history-heritage','art-culture','food-wine','well-known']"
6395189784,https://raw.githubusercontent.com/kubaivanov/pictures/main/meta/city-2000/olympos-beach--turkey--reddit-square.jpg,"['asia','tr','beaches','coastal','history-heritage','mountains','nature','adventure']"
6395189789,https://raw.githubusercontent.com/kubaivanov/pictures/main/meta/city-2000/gallipoli--turkey--reddit-square.jpg,"['asia','tr','coastal','history-heritage']"
6395189790,https://raw.githubusercontent.com/kubaivanov/pictures/main/meta/city-2000/antalya--turkey--reddit-square.jpg,"['asia','tr','beaches','coastal','history-heritage','art-culture','food-wine','well-known']"
6395189812,https://raw.githubusercontent.com/kubaivanov/pictures/main/meta/city-2000/keelung--taiwan--reddit-square.jpg,"['asia','tw','coastal','food-wine']"
6395189815,https://raw.githubusercontent.com/kubaivanov/pictures/main/meta/city-2000/kigoma--tanzania--reddit-square.jpg,"['africa','tz','lakes-rivers','nature','adventure']"
6395189881,https://raw.githubusercontent.com/kubaivanov/pictures/main/meta/city-2000/ocean-city-md--united-states--reddit-square.jpg,"['north-america','us','beaches','coastal']"
6395189896,https://raw.githubusercontent.com/kubaivanov/pictures/main/meta/city-2000/gresham-or--united-states--reddit-square.jpg,"['north-america','us']"
6395189922,https://raw.githubusercontent.com/kubaivanov/pictures/main/meta/city-2000/voorhees-township-nj--united-states--reddit-square.jpg,"['north-america','us']"
6395189936,https://raw.githubusercontent.com/kubaivanov/pictures/main/meta/city-2000/greenville-sc--united-states--reddit-square.jpg,"['north-america','us']"
6395189941,https://raw.githubusercontent.com/kubaivanov/pictures/main/meta/city-2000/long-beach-township-nj--united-states--reddit-square.jpg,"['north-america','us','beaches','coastal']"
6395189944,https://raw.githubusercontent.com/kubaivanov/pictures/main/meta/city-2000/klamath-falls-or--united-states--reddit-square.jpg,"['north-america','us','lakes-rivers','nature']"
6395189947,https://raw.githubusercontent.com/kubaivanov/pictures/main/meta/city-2000/solana-beach-ca--united-states--reddit-square.jpg,"['north-america','us','beaches','coastal']"
6395189956,https://raw.githubusercontent.com/kubaivanov/pictures/main/meta/city-2000/grass-valley-ca--united-states--reddit-square.jpg,"['north-america','us','history-heritage']"
6395189962,https://raw.githubusercontent.com/kubaivanov/pictures/main/meta/city-2000/millbrook-ny--united-states--reddit-square.jpg,"['north-america','us']"
6395189971,https://raw.githubusercontent.com/kubaivanov/pictures/main/meta/city-2000/san-bernardino-ca--united-states--reddit-square.jpg,"['north-america','us']"
6395189978,https://raw.githubusercontent.com/kubaivanov/pictures/main/meta/city-2000/fortuna-ca--united-states--reddit-square.jpg,"['north-america','us','nature']"
6395189980,https://raw.githubusercontent.com/kubaivanov/pictures/main/meta/city-2000/pismo-beach-ca--united-states--reddit-square.jpg,"['north-america','us','beaches','coastal']"
6395189990,https://raw.githubusercontent.com/kubaivanov/pictures/main/meta/city-2000/vero-beach-fl--united-states--reddit-square.jpg,"['north-america','us','beaches','coastal']"
6395189992,https://raw.githubusercontent.com/kubaivanov/pictures/main/meta/city-2000/glens-falls-ny--united-states--reddit-square.jpg,"['north-america','us']"
6395190002,https://raw.githubusercontent.com/kubaivanov/pictures/main/meta/city-2000/long-beach-ca--united-states--reddit-square.jpg,"['north-america','us','beaches','coastal']"
6395190021,https://raw.githubusercontent.com/kubaivanov/pictures/main/meta/city-2000/myrtle-beach-sc--united-states--reddit-square.jpg,"['north-america','us','beaches','coastal']"
6395190026,https://raw.githubusercontent.com/kubaivanov/pictures/main/meta/city-2000/coos-bay-or--united-states--reddit-square.jpg,"['north-america','us','coastal','nature']"
6395190041,https://raw.githubusercontent.com/kubaivanov/pictures/main/meta/city-2000/miami-fl--united-states--reddit-square.jpg,"['north-america','us','beaches','coastal','art-culture','food-wine','well-known']"
6395190045,https://raw.githubusercontent.com/kubaivanov/pictures/main/meta/city-2000/el-cajon-ca--united-states--reddit-square.jpg,"['north-america','us']"
6395190053,https://raw.githubusercontent.com/kubaivanov/pictures/main/meta/city-2000/norwalk-ct--united-states--reddit-square.jpg,"['north-america','us']"
6395190064,https://raw.githubusercontent.com/kubaivanov/pictures/main/meta/city-2000/seven-springs-pa--united-states--reddit-square.jpg,"['north-america','us','mountains','nature','adventure']"
6395190066,https://raw.githubusercontent.com/kubaivanov/pictures/main/meta/city-2000/mountain-view-ca--united-states--reddit-square.jpg,"['north-america','us']"
6395190069,https://raw.githubusercontent.com/kubaivanov/pictures/main/meta/city-2000/valley-of-fire-nv--united-states--reddit-square.jpg,"['north-america','us','nature','adventure']"
6395190070,https://raw.githubusercontent.com/kubaivanov/pictures/main/meta/city-2000/crystal-mountain-mi--united-states--reddit-square.jpg,"['north-america','us','mountains','adventure']"
6395190088,https://raw.githubusercontent.com/kubaivanov/pictures/main/meta/city-2000/bethany-beach-de--united-states--reddit-square.jpg,"['north-america','us','beaches','coastal']"
6395190102,https://raw.githubusercontent.com/kubaivanov/pictures/main/meta/city-2000/savannah-ga--united-states--reddit-square.jpg,"['north-america','us','history-heritage','art-culture','food-wine']"
6395190120,https://raw.githubusercontent.com/kubaivanov/pictures/main/meta/city-2000/cannon-beach-or--united-states--reddit-square.jpg,"['north-america','us','beaches','coastal','nature']"
6395190130,https://raw.githubusercontent.com/kubaivanov/pictures/main/meta/city-2000/half-moon-bay-ca--united-states--reddit-square.jpg,"['north-america','us','beaches','coastal','nature']"
6395190143,https://raw.githubusercontent.com/kubaivanov/pictures/main/meta/city-2000/south-lake-tahoe-ca--united-states--reddit-square.jpg,"['north-america','us','lakes-rivers','mountains','nature','adventure']"
6395190154,https://raw.githubusercontent.com/kubaivanov/pictures/main/meta/city-2000/fort-bragg-ca--united-states--reddit-square.jpg,"['north-america','us','beaches','coastal','nature']"
6395190162,https://raw.githubusercontent.com/kubaivanov/pictures/main/meta/city-2000/ocean-city-nj--united-states--reddit-square.jpg,"['north-america','us','beaches','coastal']"
6395190169,https://raw.githubusercontent.com/kubaivanov/pictures/main/meta/city-2000/pendleton-or--united-states--reddit-square.jpg,"['north-america','us','history-heritage','art-culture']"
6395190174,https://raw.githubusercontent.com/kubaivanov/pictures/main/meta/city-2000/springfield-mo--united-states--reddit-square.jpg,"['north-america','us']"
6395190183,https://raw.githubusercontent.com/kubaivanov/pictures/main/meta/city-2000/cape-canaveral-fl--united-states--reddit-square.jpg,"['north-america','us','coastal','history-heritage','adventure','well-known']"
6395190191,https://raw.githubusercontent.com/kubaivanov/pictures/main/meta/city-2000/key-west-fl--united-states--reddit-square.jpg,"['north-america','us','beaches','coastal','islands','history-heritage','art-culture','food-wine','well-known']"
6395190192,https://raw.githubusercontent.com/kubaivanov/pictures/main/meta/city-2000/mad-river-glen--united-states--reddit-square.jpg,"['north-america','us','mountains','nature','adventure']"
6395190198,https://raw.githubusercontent.com/kubaivanov/pictures/main/meta/city-2000/homestead-fl--united-states--reddit-square.jpg,"['north-america','us']"
6395190203,https://raw.githubusercontent.com/kubaivanov/pictures/main/meta/city-2000/carmel-by-the-sea-ca--united-states--reddit-square.jpg,"['north-america','us','beaches','coastal','art-culture','food-wine']"
6395190208,https://raw.githubusercontent.com/kubaivanov/pictures/main/meta/city-2000/fort-walton-beach-fl--united-states--reddit-square.jpg,"['north-america','us','beaches','coastal']"
6395190215,https://raw.githubusercontent.com/kubaivanov/pictures/main/meta/city-2000/avila-beach-ca--united-states--reddit-square.jpg,"['north-america','us','beaches','coastal']"
6395190220,https://raw.githubusercontent.com/kubaivanov/pictures/main/meta/city-2000/cascade-mountain-wi--united-states--reddit-square.jpg,"['north-america','us','mountains','adventure']"
6395190229,https://raw.githubusercontent.com/kubaivanov/pictures/main/meta/city-2000/hood-river-or--united-states--reddit-square.jpg,"['north-america','us','lakes-rivers','mountains','nature','adventure']"
6395190243,https://raw.githubusercontent.com/kubaivanov/pictures/main/meta/city-2000/syracuse-ny--united-states--reddit-square.jpg,"['north-america','us']"
6395190255,https://raw.githubusercontent.com/kubaivanov/pictures/main/meta/city-2000/reno-nv--united-states--reddit-square.jpg,"['north-america','us']"
6395190530,https://raw.githubusercontent.com/kubaivanov/pictures/main/meta/city-2000/virginia-beach-va--united-states--reddit-square.jpg,"['north-america','us','beaches','coastal']"
6395190536,https://raw.githubusercontent.com/kubaivanov/pictures/main/meta/city-2000/santa-clara-ca--united-states--reddit-square.jpg,"['north-america','us']"
6395190543,https://raw.githubusercontent.com/kubaivanov/pictures/main/meta/city-2000/morro-bay-ca--united-states--reddit-square.jpg,"['north-america','us','beaches','coastal','nature']"
6395190544,https://raw.githubusercontent.com/kubaivanov/pictures/main/meta/city-2000/olympic-valley-ca--united-states--reddit-square.jpg,"['north-america','us','mountains','nature','adventure']"
6395190549,https://raw.githubusercontent.com/kubaivanov/pictures/main/meta/city-2000/des-moines-ia--united-states--reddit-square.jpg,"['north-america','us']"
6395190563,https://raw.githubusercontent.com/kubaivanov/pictures/main/meta/city-2000/cherry-valley-ca--united-states--reddit-square.jpg,"['north-america','us']"
6395190569,https://raw.githubusercontent.com/kubaivanov/pictures/main/meta/city-2000/lake-placid-ny--united-states--reddit-square.jpg,"['north-america','us','lakes-rivers','history-heritage','mountains','nature','adventure']"
6395190572,https://raw.githubusercontent.com/kubaivanov/pictures/main/meta/city-2000/palm-springs-ca--united-states--reddit-square.jpg,"['north-america','us','art-culture','mountains','wellness','well-known']"
6395190573,https://raw.githubusercontent.com/kubaivanov/pictures/main/meta/city-2000/eureka-springs-ar--united-states--reddit-square.jpg,"['north-america','us','history-heritage','art-culture','wellness']"
6395190576,https://raw.githubusercontent.com/kubaivanov/pictures/main/meta/city-2000/phoenix-az--united-states--reddit-square.jpg,"['north-america','us','art-culture','food-wine','nature']"
6395190587,https://raw.githubusercontent.com/kubaivanov/pictures/main/meta/city-2000/west-palm-beach-fl--united-states--reddit-square.jpg,"['north-america','us','beaches','coastal']"
6395190608,https://raw.githubusercontent.com/kubaivanov/pictures/main/meta/city-2000/cabo-polonio--uruguay--reddit-square.jpg,"['south-america','uy','beaches','coastal','nature','adventure']"
6395190643,https://raw.githubusercontent.com/kubaivanov/pictures/main/meta/city-2000/ho-chi-minh--vietnam--reddit-square.jpg,"['asia','vn','history-heritage','art-culture','food-wine','well-known']"
6395190646,https://raw.githubusercontent.com/kubaivanov/pictures/main/meta/city-2000/hanoi--vietnam--reddit-square.jpg,"['asia','vn','history-heritage','art-culture','food-wine','religious','well-known']"
6395190656,https://raw.githubusercontent.com/kubaivanov/pictures/main/meta/city-2000/phong-nha-ke-bang--vietnam--reddit-square.jpg,"['asia','vn','mountains','nature','adventure','well-known']"
6395190661,https://raw.githubusercontent.com/kubaivanov/pictures/main/meta/city-2000/quan-son-lake--vietnam--reddit-square.jpg,"['asia','vn','lakes-rivers','mountains','nature']"
6395190690,https://raw.githubusercontent.com/kubaivanov/pictures/main/meta/city-2000/bethlehem--south-africa--reddit-square.jpg,"['africa','za','mountains','nature']"
6395190695,https://raw.githubusercontent.com/kubaivanov/pictures/main/meta/city-2000/cape-town--south-africa--reddit-square.jpg,"['africa','za','beaches','coastal','art-culture','food-wine','mountains','nature','adventure','well-known']"
6395190696,https://raw.githubusercontent.com/kubaivanov/pictures/main/meta/city-2000/plettenberg-bay--south-africa--reddit-square.jpg,"['africa','za','beaches','coastal','nature','adventure']"
6395190711,https://raw.githubusercontent.com/kubaivanov/pictures/main/meta/city-2000/zastron--south-africa--reddit-square.jpg,"['africa','za','mountains','nature']"
6395190713,https://raw.githubusercontent.com/kubaivanov/pictures/main/meta/city-2000/worcester--south-africa--reddit-square.jpg,"['africa','za','food-wine','mountains']"
6395190716,https://raw.githubusercontent.com/kubaivanov/pictures/main/meta/city-2000/alberton--south-africa--reddit-square.jpg,"['africa','za']"
6395190717,https://raw.githubusercontent.com/kubaivanov/pictures/main/meta/city-2000/harrismith--south-africa--reddit-square.jpg,"['africa','za','mountains','nature','adventure']"
6395190718,https://raw.githubusercontent.com/kubaivanov/pictures/main/meta/city-2000/kenton-on-sea--south-africa--reddit-square.jpg,"['africa','za','beaches','coastal','nature']"
6395190722,https://raw.githubusercontent.com/kubaivanov/pictures/main/meta/city-2000/madikwe--south-africa--reddit-square.jpg,"['africa','za','nature','adventure']"
6395190723,https://raw.githubusercontent.com/kubaivanov/pictures/main/meta/city-2000/richards-bay--south-africa--reddit-square.jpg,"['africa','za','beaches','coastal','nature']"
6395190728,https://raw.githubusercontent.com/kubaivanov/pictures/main/meta/city-2000/carolina--south-africa--reddit-square.jpg,"['africa','za','mountains','nature']"
6395190731,https://raw.githubusercontent.com/kubaivanov/pictures/main/meta/city-2000/jeffreys-bay--south-africa--reddit-square.jpg,"['africa','za','beaches','coastal','adventure']"
6395190732,https://raw.githubusercontent.com/kubaivanov/pictures/main/meta/city-2000/tzaneen--south-africa--reddit-square.jpg,"['africa','za','mountains','nature']"
6395190738,https://raw.githubusercontent.com/kubaivanov/pictures/main/meta/city-2000/aston-bay--south-africa--reddit-square.jpg,"['africa','za','beaches','coastal']"
6395190745,https://raw.githubusercontent.com/kubaivanov/pictures/main/meta/city-2000/johannesburg--south-africa--reddit-square.jpg,"['africa','za','history-heritage','art-culture','food-wine','well-known']"
6395190750,https://raw.githubusercontent.com/kubaivanov/pictures/main/meta/city-2000/mossel-bay--south-africa--reddit-square.jpg,"['africa','za','beaches','coastal','history-heritage']"
6395190753,https://raw.githubusercontent.com/kubaivanov/pictures/main/meta/city-2000/eshowe--south-africa--reddit-square.jpg,"['africa','za','history-heritage','art-culture','nature']"
6395190757,https://raw.githubusercontent.com/kubaivanov/pictures/main/meta/city-2000/mthatha--south-africa--reddit-square.jpg,"['africa','za','art-culture','nature']"
6395190764,https://raw.githubusercontent.com/kubaivanov/pictures/main/meta/city-2000/boknes-strand--south-africa--reddit-square.jpg,"['africa','za','beaches','coastal']"
